geoid,pop,housing,occupied,vacant
06001400100,3038,1395,1301,94
06001400200,2001,892,835,57
06001400300,5504,2764,2591,173
06001400400,4112,1958,1828,130
06001400500,3644,1694,1614,80
06001400600,1788,772,726,46
06001400700,4508,2067,1929,138
06001400800,3917,1835,1684,151
06001400900,2514,1201,1098,103
06001401000,6097,2703,2506,197
06001401100,4966,2727,2402,325
06001401200,2989,1512,1392,120
06001401300,5887,2853,2365,488
06001401400,5355,1795,1685,110
06001401500,2661,1221,1132,89
06001401600,2971,1017,946,71
06001401700,6121,1947,1758,189
06001401800,1981,848,774,74
06001402200,3250,1050,943,107
06001402400,2459,1163,1107,56
06001402500,2010,785,746,39
06001402600,1226,673,654,19
06001402700,1827,810,749,61
06001402801,2941,1445,1350,95
06001402802,1453,958,892,66
06001402900,1917,1502,1248,254
06001403000,3007,1763,1631,132
06001403100,1690,986,877,109
06001403301,1999,831,754,77
06001403302,3220,1859,1722,137
06001403401,3031,2085,1890,195
06001403402,1524,965,895,70
06001403501,5880,3721,3356,365
06001403502,2148,1307,1241,66
06001403600,4717,2765,2601,164
06001403701,2786,1682,1565,117
06001403702,2149,1299,1225,74
06001403800,3710,1978,1890,88
06001403900,3943,2314,2189,125
06001404000,3049,1857,1729,128
06001404101,3139,1836,1731,105
06001404102,2516,1712,1590,122
06001404200,3641,1446,1378,68
06001404300,3416,1409,1348,61
06001404400,5621,2420,2333,87
06001404501,1771,710,691,19
06001404502,6194,2565,2485,80
06001404600,4551,1902,1839,63
06001404700,1982,829,792,37
06001404800,2757,1301,1239,62
06001404900,4458,2145,2031,114
06001405000,3313,1596,1483,113
06001405100,4363,1635,1587,48
06001405200,4839,2589,2439,150
06001405301,2991,1691,1600,91
06001405302,2797,1643,1553,90
06001405401,3875,1744,1650,94
06001405402,3171,1260,1151,109
06001405500,3844,1683,1597,86
06001405600,3224,1510,1432,78
06001405700,3423,1430,1355,75
06001405800,4320,1427,1343,84
06001405901,4279,1219,1166,53
06001405902,3181,1034,979,55
06001406000,5223,2064,1839,225
06001406100,5887,1987,1887,100
06001406201,5019,1564,1485,79
06001406202,4769,1431,1366,65
06001406300,3989,1350,1275,75
06001406400,2211,750,710,40
06001406500,6196,2031,1954,77
06001406601,4834,1831,1769,62
06001406602,2554,970,921,49
06001406700,5567,2374,2280,94
06001406800,3569,1460,1405,55
06001406900,3839,1567,1528,39
06001407000,6079,2236,2126,110
06001407101,3558,1160,1104,56
06001407102,4382,1384,1333,51
06001407200,6823,2044,1954,90
06001407300,3943,878,794,84
06001407400,4412,1278,1218,60
06001407500,4383,1402,1310,92
06001407600,6390,2260,2178,82
06001407700,4465,1844,1782,62
06001407800,2373,808,766,42
06001407900,3081,1233,1174,59
06001408000,2630,1056,1014,42
06001408100,6712,2906,2794,112
06001408200,4471,1838,1752,86
06001408300,4791,1873,1770,103
06001408400,3927,1271,1207,64
06001408500,5752,1701,1636,65
06001408600,6167,1921,1828,93
06001408700,7774,2553,2439,114
06001408800,7257,2237,2160,77
06001408900,3857,1099,1047,52
06001409000,4879,1111,1070,41
06001409100,2472,677,647,30
06001409200,3755,965,940,25
06001409300,5701,1635,1562,73
06001409400,5379,1353,1301,52
06001409500,4390,1123,1067,56
06001409600,5777,1585,1525,60
06001409700,5523,1749,1652,97
06001409800,3220,1268,1208,60
06001409900,3546,1425,1404,21
06001410000,3031,1182,1155,27
06001410100,2925,1098,1058,40
06001410200,3679,1234,1194,40
06001410300,4036,1067,1027,40
06001410400,4142,1361,1317,44
06001410500,2553,915,876,39
06001420100,2436,954,905,49
06001420200,3234,1306,1254,52
06001420301,2593,1140,1066,74
06001420302,2426,1010,967,43
06001420401,1597,478,449,29
06001420402,2155,661,615,46
06001420500,2431,1004,930,74
06001420600,3399,1354,1307,47
06001421100,2031,879,839,40
06001421200,3657,1520,1449,71
06001421300,3945,1726,1654,72
06001421400,1679,686,652,34
06001421500,3745,1649,1546,103
06001421600,3836,1701,1582,119
06001421700,3386,1696,1567,129
06001421800,2110,939,884,55
06001421900,3901,1793,1694,99
06001422000,4160,1390,1294,96
06001422100,2843,1372,1165,207
06001422200,3322,1678,1556,122
06001422300,3811,1956,1774,182
06001422400,4134,2320,2045,275
06001422500,5065,1783,1563,220
06001422700,4868,1308,1106,202
06001422800,11245,2325,1848,477
06001422901,2322,1254,1085,169
06001422902,3033,1421,1235,186
06001423000,4676,2293,2088,205
06001423100,4335,2076,1936,140
06001423200,2886,1252,1158,94
06001423300,3738,1683,1581,102
06001423400,5057,2242,2098,144
06001423500,3474,1618,1496,122
06001423601,2824,1348,1244,104
06001423602,5615,2853,2430,423
06001423700,4234,1564,1429,135
06001423800,3216,1449,1370,79
06001423901,2031,960,888,72
06001423902,1464,749,684,65
06001424001,4146,1667,1548,119
06001424002,2488,1086,1025,61
06001425101,1853,1353,1277,76
06001425102,3752,2324,2091,233
06001425103,2926,1533,1449,84
06001425104,4374,2315,2111,204
06001426100,6364,2207,2130,77
06001426200,4915,1745,1706,39
06001427100,4063,1509,1450,59
06001427200,4363,1772,1665,107
06001427300,5719,2357,2179,178
06001427600,4730,1866,1759,107
06001427700,5016,2573,2346,227
06001427800,4827,2168,2057,111
06001427900,4744,2228,2081,147
06001428000,2997,1447,1344,103
06001428100,4880,2118,1990,128
06001428200,6644,2788,2669,119
06001428301,7044,2546,2470,76
06001428302,7120,2690,2583,107
06001428400,4645,2037,1909,128
06001428500,3339,1564,1417,147
06001428600,3398,1640,1554,86
06001428700,4751,1706,1507,199
06001430101,6747,2309,2277,32
06001430102,2553,949,920,29
06001430200,7477,2546,2491,55
06001430300,3940,1384,1328,56
06001430400,2207,767,749,18
06001430500,6289,2256,2168,88
06001430600,6385,2199,2146,53
06001430700,4209,1440,1393,47
06001430800,6165,2268,2189,79
06001430900,5137,1925,1845,80
06001431000,3091,1264,1218,46
06001431100,3537,1403,1340,63
06001431200,6091,2696,2599,97
06001432100,4121,1498,1450,48
06001432200,4231,1811,1710,101
06001432300,4885,1720,1670,50
06001432400,6279,1953,1881,72
06001432501,5161,1525,1485,40
06001432502,4641,1486,1450,36
06001432601,4358,1890,1774,116
06001432602,3214,1405,1350,55
06001432700,2660,1081,1041,40
06001432800,4121,1532,1483,49
06001433000,4178,1483,1446,37
06001433102,4124,1403,1360,43
06001433103,3682,1551,1478,73
06001433104,4125,1925,1824,101
06001433200,7652,2892,2826,66
06001433300,7448,2245,2220,25
06001433400,6644,2393,2330,63
06001433500,4557,1439,1391,48
06001433600,6307,2175,2127,48
06001433700,3515,1102,1061,41
06001433801,3637,1236,1188,48
06001433802,4365,1393,1356,37
06001433900,6833,2406,2317,89
06001434000,5564,1887,1805,82
06001435102,5870,1767,1690,77
06001435103,7726,2550,2481,69
06001435104,7230,2940,2641,299
06001435200,4504,1477,1442,35
06001435300,5077,1772,1701,71
06001435400,4940,2187,1951,236
06001435500,4104,1540,1462,78
06001435601,5454,1718,1651,67
06001435602,5709,1775,1707,68
06001435700,4904,1523,1477,46
06001435800,5735,1767,1735,32
06001435900,5431,1702,1671,31
06001436000,5049,1568,1544,24
06001436100,5745,1817,1780,37
06001436200,4176,1336,1277,59
06001436301,5785,1800,1754,46
06001436302,3903,1350,1310,40
06001436402,3007,1102,1072,30
06001436403,4282,1860,1689,171
06001436404,3609,1265,1228,37
06001436500,5372,1936,1827,109
06001436601,6761,1956,1897,59
06001436602,5402,1878,1832,46
06001436700,3689,1134,1107,27
06001436800,4341,1426,1370,56
06001436900,7099,1970,1927,43
06001437000,3726,1279,1244,35
06001437101,7532,2162,2123,39
06001437102,4557,1540,1483,57
06001437200,8696,2992,2879,113
06001437300,3359,952,945,7
06001437400,3508,956,935,21
06001437500,4797,1241,1194,47
06001437600,3398,958,937,21
06001437701,3991,1134,1075,59
06001437702,4404,1132,1081,51
06001437800,4785,1400,1381,19
06001437900,2426,731,705,26
06001438000,3409,1107,1085,22
06001438100,7807,2210,2161,49
06001438201,4752,1260,1239,21
06001438203,4200,1273,1243,30
06001438204,5940,1957,1911,46
06001438300,3865,928,912,16
06001438400,2460,742,734,8
06001440100,2656,1161,1074,87
06001440200,5786,1495,1470,25
06001440301,7129,2234,2186,48
06001440304,4726,1363,1341,22
06001440305,3682,1026,1013,13
06001440306,4020,1062,1041,21
06001440307,4459,1695,1662,33
06001440308,5946,1931,1879,52
06001440331,3323,950,932,18
06001440332,3034,878,863,15
06001440333,2787,833,823,10
06001440334,4083,1084,1076,8
06001440336,4583,1483,1461,22
06001440337,2708,751,738,13
06001440338,4305,1835,1763,72
06001441100,4504,1600,1554,46
06001441200,7277,2633,2549,84
06001441301,3248,1209,1178,31
06001441302,5661,1876,1826,50
06001441401,7319,2414,2352,62
06001441402,5293,1751,1709,42
06001441501,5913,1773,1759,14
06001441503,7763,2426,2329,97
06001441521,5779,1806,1775,31
06001441522,4868,1466,1438,28
06001441523,4169,1405,1382,23
06001441524,4040,1328,1308,20
06001441525,1632,835,539,296
06001441601,4641,1450,1424,26
06001441602,7220,2323,2242,81
06001441701,3846,1148,1118,30
06001441702,5728,2011,1903,108
06001441800,7195,2420,2354,66
06001441921,3718,1298,1248,50
06001441923,6333,2650,2409,241
06001441924,7619,2947,2648,299
06001441926,3836,1514,1352,162
06001441927,4310,1700,1591,109
06001441928,3392,1499,1413,86
06001441929,3466,1589,1496,93
06001442000,3236,1075,1041,34
06001442100,5265,1700,1657,43
06001442200,7454,2295,2210,85
06001442301,5046,1605,1550,55
06001442302,6417,2302,2229,73
06001442400,6347,1974,1944,30
06001442501,3543,1054,1024,30
06001442502,3976,1183,1159,24
06001442601,3854,1284,1260,24
06001442602,5314,1770,1707,63
06001442700,3141,1072,1053,19
06001442800,2959,953,940,13
06001442900,7661,2398,2353,45
06001443001,2888,816,797,19
06001443002,6650,1947,1923,24
06001443102,4942,1498,1473,25
06001443103,3972,1235,1207,28
06001443104,5901,1892,1839,53
06001443105,4687,1482,1460,22
06001443200,3553,1178,1160,18
06001443301,4134,1234,1201,33
06001443321,3511,1212,1166,46
06001443322,3191,972,959,13
06001444100,7703,2606,2567,39
06001444200,6451,1970,1931,39
06001444301,3617,1165,1128,37
06001444303,5,1,1,0
06001444304,7202,2298,2250,48
06001444400,5282,1519,1474,45
06001444500,6414,2004,1950,54
06001444601,6083,1907,1884,23
06001444602,4777,1902,1762,140
06001450101,6825,2935,2795,140
06001450102,8660,1845,1649,196
06001450200,6456,2889,2742,147
06001450300,5548,1947,1898,49
06001450400,7675,2853,2756,97
06001450501,3278,1283,1247,36
06001450502,5754,1911,1871,40
06001450601,3480,1358,1280,78
06001450603,4905,1559,1543,16
06001450604,4898,1704,1670,34
06001450605,3937,1412,1391,21
06001450606,6026,2110,2067,43
06001450607,6054,2557,2405,152
06001450608,4141,1445,1415,30
06001450609,4849,1845,1751,94
06001450701,8271,2764,2667,97
06001450741,5482,2093,1998,95
06001450742,5439,2276,2155,121
06001450743,8901,3582,3308,274
06001450744,5987,2286,2245,41
06001450745,6374,2239,2201,38
06001450746,3238,1232,1204,28
06001450750,6790,2702,2608,94
06001450751,12411,3497,3439,58
06001450752,9846,2867,2806,61
06001451102,3955,1372,1351,21
06001451103,1480,502,474,28
06001451104,7028,2504,2330,174
06001451201,7271,2790,2704,86
06001451202,5781,2167,2080,87
06001451300,6435,2345,2294,51
06001451401,6053,2412,2306,106
06001451403,2175,783,765,18
06001451404,6613,2275,2187,88
06001451501,4920,1932,1839,93
06001451503,6520,2418,2299,119
06001451504,1657,600,588,12
06001451505,3177,1154,1129,25
06001451506,3123,1111,1077,34
06001451601,5003,1964,1908,56
06001451602,6631,2844,2726,118
06001451701,3270,1113,1101,12
06001451703,3952,1337,1312,25
06001451704,4572,1694,1655,39
06001981900,49,25,21,4
06001982000,206,41,36,5
06001982100,1044,95,93,2
06001983200,834,554,427,127
06001990000,0,0,0,0
06003010000,1204,1540,530,1010
06005000101,4009,2651,1874,777
06005000102,1892,1651,857,794
06005000201,3156,1627,1356,271
06005000202,1768,986,802,184
06005000301,5726,779,703,76
06005000303,6321,2800,2610,190
06005000304,4297,1786,1649,137
06005000401,5146,2662,2362,300
06005000402,4928,2327,2055,272
06005000500,3231,1536,1410,126
06007000102,4202,1822,1759,63
06007000103,6087,2291,2180,111
06007000104,6153,2605,2544,61
06007000201,4470,2058,1974,84
06007000202,4029,2048,1968,80
06007000300,4740,2075,2011,64
06007000401,5099,2012,1945,67
06007000403,3429,1580,1541,39
06007000404,4070,1624,1596,28
06007000501,4939,1937,1653,284
06007000502,4900,2146,2004,142
06007000601,3386,1421,1376,45
06007000603,3450,1144,1051,93
06007000604,4571,1982,1826,156
06007000700,5081,2590,2466,124
06007000800,5626,2342,2272,70
06007000901,2799,1197,1144,53
06007000903,7042,3134,2962,172
06007000904,6331,2988,2877,111
06007001000,4979,2534,2223,311
06007001100,4568,2054,1864,190
06007001200,3488,1691,1538,153
06007001300,4079,1598,1508,90
06007001400,6143,2317,2205,112
06007001500,5504,2157,2071,86
06007001601,1712,1094,748,346
06007001602,3740,1760,1549,211
06007001702,3574,1648,1477,171
06007001703,1741,769,693,76
06007001704,3261,1449,1248,201
06007001800,840,435,377,58
06007001900,675,370,305,65
06007002000,886,445,406,39
06007002100,926,524,469,55
06007002200,1799,817,712,105
06007002300,1851,854,750,104
06007002401,1418,880,659,221
06007002402,3555,2090,1588,502
06007002500,5008,1716,1608,108
06007002601,2474,1186,1066,120
06007002602,3980,1840,1693,147
06007002700,5833,2358,2205,153
06007002800,4718,2099,1905,194
06007002900,3315,1038,992,46
06007003001,3141,1170,1056,114
06007003002,3508,1257,1195,62
06007003100,4575,1806,1704,102
06007003200,4352,1679,1537,142
06007003300,5071,2063,1805,258
06007003400,2921,1115,1008,107
06007003501,3716,1333,1262,71
06007003502,5060,1724,1626,98
06007003600,3568,1315,1221,94
06007003700,5249,1952,1846,106
06009000121,4354,2226,1913,313
06009000122,3839,2094,1700,394
06009000123,2690,1838,1145,693
06009000124,2314,1143,916,227
06009000220,5849,2322,2192,130
06009000221,5691,2399,2164,235
06009000222,4397,1773,1590,183
06009000301,4186,1993,1773,220
06009000302,2172,1229,892,337
06009000400,3862,2282,1711,571
06009000501,3214,2632,1430,1202
06009000504,758,2205,407,1798
06009000505,1208,1693,566,1127
06009000506,758,1593,359,1234
06011000100,5389,1787,1670,117
06011000200,5151,1940,1820,120
06011000301,4141,1436,1250,186
06011000302,2204,680,616,64
06011000400,2270,1144,878,266
06011000500,2684,1112,993,119
06013301000,5514,2413,2033,380
06013302005,7134,2576,2489,87
06013302006,4032,1307,1295,12
06013302007,7412,2249,2182,67
06013302009,7817,2321,2265,56
06013302011,5401,1557,1476,81
06013302012,5348,1529,1500,29
06013302013,3359,1076,1042,34
06013302014,7906,2334,2304,30
06013303104,7206,1992,1962,30
06013303105,3356,1079,1055,24
06013303106,7021,2220,2167,53
06013303107,6966,2179,2130,49
06013303202,9125,2746,2711,35
06013303204,4860,1706,1652,54
06013303206,4700,1402,1383,19
06013303207,6600,1988,1896,92
06013303208,3955,1524,1495,29
06013303209,5403,1510,1495,15
06013303210,3815,2025,1985,40
06013303211,4958,1555,1524,31
06013304001,5748,2226,2126,100
06013304002,1293,434,421,13
06013304003,3550,1770,1518,252
06013304004,3621,1770,1546,224
06013304006,3987,1299,1240,59
06013304007,4706,1397,1383,14
06013305000,7064,2524,2438,86
06013306002,3678,1209,1179,30
06013306003,5615,1825,1769,56
06013306004,3667,1251,1197,54
06013307101,4554,1738,1658,80
06013307102,5824,1846,1793,53
06013307201,3794,1169,1123,46
06013307202,4355,1638,1559,79
06013307204,4526,1366,1339,27
06013307205,7484,2796,2641,155
06013308001,7770,2624,2522,102
06013308002,5289,1607,1564,43
06013309000,3699,1425,1367,58
06013310000,6106,1855,1795,60
06013311000,5668,1629,1591,38
06013312000,2974,961,935,26
06013313102,4581,1570,1502,68
06013313104,2685,1065,1039,26
06013313105,6559,2322,2224,98
06013313106,5879,1929,1855,74
06013313107,3071,945,923,22
06013313203,3354,1023,1009,14
06013313204,5704,1885,1826,59
06013313205,1822,524,519,5
06013313206,6342,1724,1697,27
06013314102,6812,1936,1897,39
06013314103,5513,1630,1567,63
06013314105,4540,1474,1417,57
06013314106,3744,1100,1080,20
06013314200,7168,1841,1813,28
06013315000,3434,1223,1212,11
06013316000,1605,561,510,51
06013317000,2078,1081,1028,53
06013318000,3442,1590,1518,72
06013319001,4093,1695,1628,67
06013319002,4179,1680,1623,57
06013320001,3626,1259,1213,46
06013320003,2801,1051,1040,11
06013320004,7038,2826,2741,85
06013321101,6498,2577,2513,64
06013321102,6826,2795,2744,51
06013321103,4779,1913,1865,48
06013321200,5589,2422,2288,134
06013322000,6528,2625,2552,73
06013323000,4622,1763,1723,40
06013324002,5519,2601,2464,137
06013324003,3123,1889,1688,201
06013324004,2811,1469,1411,58
06013325000,5733,2232,2150,82
06013326000,3508,1415,1352,63
06013327001,3448,1280,1236,44
06013327002,4276,1722,1661,61
06013328000,2411,1465,1374,91
06013329000,6579,2366,2283,83
06013330000,5587,2021,1980,41
06013331000,7337,2834,2727,107
06013332000,7719,2872,2785,87
06013333101,4212,1523,1492,31
06013333102,4090,1575,1528,47
06013333200,5961,2239,2183,56
06013334001,3991,1591,1517,74
06013334006,4880,1736,1714,22
06013334007,3867,1758,1695,63
06013334008,4114,1634,1580,54
06013334200,7194,2914,2746,168
06013335000,3463,1277,1237,40
06013336101,4808,1635,1574,61
06013336103,4131,1474,1383,91
06013336104,3321,1236,1199,37
06013336201,4062,1263,1229,34
06013336202,5720,1719,1647,72
06013337100,3238,1251,1212,39
06013337201,2602,1127,1089,38
06013337202,4999,2024,1983,41
06013337300,6147,2360,2274,86
06013338101,5161,1889,1801,88
06013338102,3498,1375,1333,42
06013338201,3814,1466,1422,44
06013338203,5379,2755,2634,121
06013338204,6234,2969,2843,126
06013338301,3063,1064,1047,17
06013338302,5981,2199,2151,48
06013339001,3663,2084,1919,165
06013339003,4065,2634,2261,373
06013339004,3598,1988,1859,129
06013340001,6419,2587,2475,112
06013340003,3644,1563,1509,54
06013340004,4067,1582,1533,49
06013341000,5374,2177,2099,78
06013343001,5059,2233,2126,107
06013343002,4640,2103,1981,122
06013343003,4045,1550,1514,36
06013345101,6264,2176,2127,49
06013345102,4226,1379,1364,15
06013345103,5270,1992,1928,64
06013345105,6484,2255,2202,53
06013345111,5990,2284,2193,91
06013345112,8830,3022,2929,93
06013345113,4627,1595,1578,17
06013345114,6591,2624,2548,76
06013345115,6309,2100,2059,41
06013345116,2982,971,956,15
06013345117,4182,1749,1713,36
06013345118,4141,1802,1745,57
06013345203,6966,2948,2785,163
06013345204,3669,1335,1273,62
06013345205,5775,2420,2339,81
06013345206,3496,1246,1231,15
06013346101,3555,1337,1315,22
06013346102,5748,2030,1964,66
06013346203,3966,1458,1437,21
06013346204,7334,2606,2528,78
06013346205,4077,1519,1455,64
06013346206,3596,1262,1215,47
06013347000,6230,2379,2273,106
06013348000,4835,1748,1650,98
06013349000,5151,2192,2097,95
06013350000,6224,2708,2561,147
06013351101,2898,2204,2049,155
06013351103,2113,1504,1394,110
06013351104,1964,1596,1457,139
06013351105,1723,1457,1313,144
06013351200,5953,2091,2040,51
06013352101,3344,927,880,47
06013352102,5724,1879,1839,40
06013352201,6266,2435,2327,108
06013352202,2559,1088,1013,75
06013353001,4256,1524,1440,84
06013353002,4310,1542,1492,50
06013354001,1958,751,726,25
06013354002,7200,2814,2691,123
06013355107,5793,1794,1763,31
06013355109,7167,2221,2157,64
06013355110,4434,1251,1227,24
06013355111,6685,2017,1967,50
06013355112,5636,2170,2076,94
06013355113,5000,1728,1680,48
06013355115,10242,3636,3479,157
06013355118,4302,1252,1236,16
06013355119,4788,1272,1242,30
06013355120,4248,1202,1169,33
06013355121,7053,2205,2161,44
06013355122,5006,1483,1448,35
06013355123,2957,758,749,9
06013355124,4604,1204,1188,16
06013355125,4261,1229,1204,25
06013355126,5496,1538,1493,45
06013355201,9199,2613,2560,53
06013355202,3689,1406,1111,295
06013355302,3464,1229,1211,18
06013355306,5000,1859,1827,32
06013355307,4445,1741,1699,42
06013355308,3550,1401,1380,21
06013355309,4735,1625,1604,21
06013355310,3197,1248,1209,39
06013356001,3908,1209,1192,17
06013356002,5481,2102,2029,73
06013357000,3202,1650,1521,129
06013358000,6237,2224,2141,83
06013359102,5496,2005,1915,90
06013359103,5269,2082,2014,68
06013359104,2116,961,941,20
06013359105,5276,1985,1852,133
06013359202,6130,2311,2247,64
06013359203,7013,2401,2339,62
06013359204,4711,1539,1508,31
06013360101,4855,1732,1681,51
06013360102,4381,1556,1531,25
06013360200,5094,1892,1800,92
06013361000,4763,1828,1748,80
06013362000,2961,1240,1197,43
06013363000,7612,2832,2679,153
06013364002,5868,1937,1886,51
06013365002,6085,1553,1452,101
06013365003,5215,2420,2331,89
06013366001,4594,1326,1296,30
06013366002,6525,1852,1805,47
06013367100,5941,2154,2065,89
06013367200,5754,1746,1687,59
06013368001,5467,1430,1379,51
06013368002,4148,1134,1108,26
06013369001,6771,2512,2334,178
06013369002,2839,1126,1066,60
06013370000,2953,1166,1134,32
06013371000,5995,2056,1987,69
06013372000,8009,2400,2341,59
06013373000,4711,1230,1199,31
06013374000,4994,1856,1758,98
06013375000,4869,1302,1256,46
06013376000,6941,2037,1896,141
06013377000,7725,2513,2413,100
06013378000,3892,2090,1924,166
06013379000,7255,2073,1955,118
06013380001,3773,2054,1966,88
06013380002,3649,1312,1233,79
06013381000,7261,2266,2169,97
06013382000,8334,2850,2739,111
06013383000,4969,2111,2013,98
06013384000,4180,1739,1673,66
06013385100,2886,1197,1136,61
06013385200,1453,593,578,15
06013386000,3500,1530,1427,103
06013387000,2993,1272,1229,43
06013388000,2819,1217,1155,62
06013389100,2434,1068,1020,48
06013389200,1907,806,766,40
06013390100,2376,981,914,67
06013390200,1860,799,774,25
06013391000,2737,1167,1112,55
06013392000,2609,1133,1082,51
06013392201,5945,1775,1739,36
06013392202,4889,1508,1468,40
06013392300,3742,1074,1051,23
06013980000,491,1,1,0
06013990000,0,0,0,0
06015000101,3687,1730,1554,176
06015000102,3765,1551,1407,144
06015000104,2081,860,766,94
06015000106,3687,1482,1371,111
06015000107,3461,1474,1306,168
06015000201,6138,1496,1358,138
06015000202,3719,1909,1605,304
06015000203,1205,588,440,148
06015990000,0,0,0,0
06017030201,2253,1631,856,775
06017030202,2141,1431,821,610
06017030301,2703,1658,1198,460
06017030302,2903,2200,1324,876
06017030402,3847,2403,1767,636
06017030403,1391,1856,644,1212
06017030404,2117,1426,953,473
06017030502,2768,1973,1175,798
06017030504,2579,2174,1101,1073
06017030506,1009,846,432,414
06017030507,1717,1382,706,676
06017030601,5087,2221,2084,137
06017030603,3401,2117,1433,684
06017030604,814,457,316,141
06017030605,1696,797,706,91
06017030606,4141,1811,1622,189
06017030701,6177,2251,2172,79
06017030706,6563,2431,2352,79
06017030709,5065,1742,1703,39
06017030710,5947,2180,2112,68
06017030711,6518,2904,2776,128
06017030712,5114,1750,1701,49
06017030801,4347,1658,1589,69
06017030804,6695,2624,2534,90
06017030807,4044,1510,1473,37
06017030808,6726,2540,2492,48
06017030809,2557,1031,993,38
06017030810,3644,1490,1431,59
06017030811,1689,824,782,42
06017030812,5814,2374,2248,126
06017030901,3158,1305,1224,81
06017030902,4829,1930,1819,111
06017031000,6314,2762,2626,136
06017031100,5634,2573,2421,152
06017031200,5157,2287,2150,137
06017031301,3403,1555,1406,149
06017031302,4815,2332,2062,270
06017031404,2508,1017,942,75
06017031405,2484,1204,1004,200
06017031406,5526,2656,2224,432
06017031407,1259,639,533,106
06017031408,2137,1028,882,146
06017031409,2395,1393,1021,372
06017031503,2818,1207,1141,66
06017031504,5556,2397,2274,123
06017031505,3366,1441,1375,66
06017031506,2703,1259,1192,67
06017031601,2077,1845,930,915
06017031602,1928,1524,781,743
06017031700,3660,1144,1113,31
06017031800,6896,2198,2159,39
06017031900,155,1237,77,1160
06017032001,672,1293,329,964
06017032002,268,1549,139,1410
06017990000,0,0,0,0
06019000100,3840,773,739,34
06019000200,3251,863,829,34
06019000300,3755,1155,1057,98
06019000400,5384,1417,1350,67
06019000501,2580,844,803,41
06019000502,3357,1101,1017,84
06019000601,4673,1927,1779,148
06019000602,1612,548,503,45
06019000701,2645,810,785,25
06019000702,1439,430,386,44
06019000901,2852,727,696,31
06019000902,5263,1558,1493,65
06019001000,4731,1082,1028,54
06019001100,3185,845,796,49
06019001201,5944,1524,1455,69
06019001202,4753,1237,1200,37
06019001301,5471,1492,1445,47
06019001303,2537,616,608,8
06019001304,5496,1455,1409,46
06019001407,4908,1844,1684,160
06019001408,2266,1199,1144,55
06019001409,2357,767,743,24
06019001411,6946,2197,2116,81
06019001412,3215,882,862,20
06019001413,8006,2259,2208,51
06019001415,5368,1459,1419,40
06019001416,7149,1687,1655,32
06019001417,6790,1758,1716,42
06019001418,2220,813,766,47
06019001500,2129,650,601,49
06019001600,5340,1766,1673,93
06019001700,6092,1839,1742,97
06019001800,4363,1393,1320,73
06019002000,6452,1963,1869,94
06019002100,5566,2208,2101,107
06019002200,3702,1681,1572,109
06019002300,3577,1455,1360,95
06019002400,4862,1473,1406,67
06019002501,5169,1472,1420,52
06019002502,4657,1291,1236,55
06019002601,5736,1457,1412,45
06019002602,3359,1016,952,64
06019002701,4541,1259,1219,40
06019002702,5594,1504,1432,72
06019002800,5444,1356,1299,57
06019002903,4081,1297,1191,106
06019002904,3042,806,795,11
06019002905,3109,988,945,43
06019002906,5491,1612,1583,29
06019003001,3142,895,875,20
06019003003,4216,1318,1240,78
06019003004,2509,772,749,23
06019003102,7528,2912,2781,131
06019003103,6064,2254,2167,87
06019003104,4184,1694,1647,47
06019003201,4764,1491,1403,88
06019003202,5594,1738,1683,55
06019003301,3673,1175,1121,54
06019003302,4918,1593,1536,57
06019003401,3533,1134,1092,42
06019003402,2332,791,759,32
06019003500,5734,2245,2137,108
06019003600,4062,1783,1697,86
06019003701,3583,1136,1099,37
06019003702,5085,1664,1596,68
06019003804,6173,1731,1685,46
06019003805,7318,2310,2242,68
06019003807,3670,1165,1118,47
06019003808,5241,1470,1425,45
06019003809,5300,1722,1656,66
06019003810,5632,1624,1587,37
06019003811,8690,2243,2188,55
06019003812,2411,767,710,57
06019003900,5024,1603,1464,139
06019004003,4761,1300,1275,25
06019004004,4399,1217,1194,23
06019004005,4643,1264,1238,26
06019004006,2989,994,951,43
06019004100,3225,946,894,52
06019004205,6433,2097,2026,71
06019004208,6933,2502,2436,66
06019004210,3770,1563,1436,127
06019004211,6899,2288,2251,37
06019004212,12943,5324,4905,419
06019004213,3335,1308,1261,47
06019004214,4879,1943,1885,58
06019004215,4726,1460,1431,29
06019004216,4338,1490,1427,63
06019004217,3983,1110,1063,47
06019004218,7709,2137,2113,24
06019004301,4181,1890,1781,109
06019004302,4918,2091,2017,74
06019004303,4312,1990,1878,112
06019004404,3554,1271,1206,65
06019004405,3935,1541,1502,39
06019004406,5405,2425,2300,125
06019004409,3467,1473,1401,72
06019004410,2342,1115,1065,50
06019004411,1488,764,725,39
06019004503,4987,2138,2069,69
06019004504,5215,2265,2142,123
06019004505,5164,2342,2228,114
06019004506,3387,1599,1500,99
06019004601,2931,1170,1129,41
06019004602,2552,1096,1021,75
06019004703,4155,1328,1250,78
06019004704,5355,1675,1611,64
06019004705,2210,827,804,23
06019004706,4676,1667,1582,85
06019004801,4595,1628,1545,83
06019004802,5047,1682,1635,47
06019004901,4347,1634,1555,79
06019004902,1905,719,672,47
06019005000,4200,1547,1474,73
06019005100,6032,2236,2063,173
06019005202,3536,1274,1179,95
06019005203,4628,1666,1560,106
06019005204,4242,1436,1386,50
06019005301,6011,1951,1885,66
06019005302,5463,2120,2041,79
06019005304,5344,2243,2118,125
06019005305,3766,1208,1176,32
06019005403,4268,1687,1552,135
06019005405,4407,1614,1554,60
06019005406,3976,1484,1446,38
06019005407,3122,1252,1219,33
06019005408,1908,417,322,95
06019005409,3738,1611,1529,82
06019005410,3417,1254,1216,38
06019005503,6643,2843,2657,186
06019005504,3496,1202,1157,45
06019005505,6685,2326,2144,182
06019005507,6097,2525,2417,108
06019005508,5974,2177,2089,88
06019005509,5622,2074,2023,51
06019005512,5444,1899,1834,65
06019005513,3008,1025,1004,21
06019005514,3855,1494,1439,55
06019005515,1637,642,595,47
06019005516,5722,2763,2584,179
06019005518,7318,2462,2401,61
06019005520,3419,1092,1063,29
06019005522,4792,1528,1476,52
06019005524,4727,1661,1635,26
06019005525,1392,454,430,24
06019005526,1595,789,741,48
06019005527,3381,1542,1418,124
06019005528,1583,689,656,33
06019005529,6014,2065,2011,54
06019005602,5649,2508,2421,87
06019005605,1465,533,526,7
06019005606,4175,1487,1456,31
06019005607,4438,2131,2075,56
06019005608,3193,1471,1438,33
06019005701,3758,1478,1427,51
06019005702,5412,2067,1915,152
06019005703,5066,1838,1812,26
06019005704,5392,1850,1805,45
06019005801,5395,2561,2086,475
06019005802,4805,1604,1571,33
06019005804,6620,2132,2072,60
06019005805,8910,2563,2487,76
06019005904,6935,2142,2048,94
06019005906,2135,822,778,44
06019005907,3637,1172,1141,31
06019005911,7259,2328,2278,50
06019005912,10640,3747,3503,244
06019005913,3149,936,916,20
06019005914,4726,1413,1396,17
06019005915,4613,1601,1533,68
06019005916,3030,979,930,49
06019006001,6090,1836,1803,33
06019006002,4406,1504,1449,55
06019006101,3293,849,835,14
06019006102,4729,1474,1429,45
06019006201,2680,727,703,24
06019006202,7057,1906,1846,60
06019006301,5081,1555,1481,74
06019006302,2227,871,796,75
06019006405,5185,2217,1921,296
06019006406,2119,900,799,101
06019006407,2703,1266,1006,260
06019006408,1160,661,461,200
06019006409,1570,3493,652,2841
06019006410,2441,1170,959,211
06019006411,3969,2081,1525,556
06019006501,6295,1628,1587,41
06019006502,4489,1195,1146,49
06019006602,5912,1688,1632,56
06019006603,2179,668,632,36
06019006605,1723,516,511,5
06019006606,5579,1362,1326,36
06019006700,7141,2240,2157,83
06019006802,3666,1098,1012,86
06019006900,2789,853,789,64
06019007002,4831,1538,1482,56
06019007003,8006,2250,2183,67
06019007004,6042,1933,1879,54
06019007101,6262,1618,1551,67
06019007102,1670,565,542,23
06019007202,5292,1822,1757,65
06019007203,1871,634,624,10
06019007204,6433,2363,2263,100
06019007300,4422,1362,1292,70
06019007400,3213,991,929,62
06019007500,5393,1514,1441,73
06019007600,4594,1353,1256,97
06019007700,5691,1641,1564,77
06019007801,2474,663,651,12
06019007802,4902,1268,1214,54
06019007903,7077,869,785,84
06019008000,4918,1870,1703,167
06019008100,6518,2265,2092,173
06019008200,6506,1761,1660,101
06019008301,5828,1373,1355,18
06019008303,4052,812,807,5
06019008304,4387,948,889,59
06019008402,1047,348,303,45
06019008403,1805,474,455,19
06019008404,3638,1039,985,54
06019008405,3121,859,816,43
06019008501,3880,1178,1019,159
06019008503,4999,1270,1208,62
06019008504,3670,844,838,6
06019008600,3993,1385,1308,77
06021010101,4841,1649,1589,60
06021010102,4384,1653,1571,82
06021010200,4967,1799,1708,91
06021010300,2202,972,816,156
06021010401,1564,609,565,44
06021010402,6313,2471,2325,146
06021010501,3189,1084,1039,45
06021010502,1457,658,564,94
06023000100,4752,2213,1982,231
06023000200,6020,2581,2434,147
06023000300,5520,2329,2188,141
06023000400,4100,1722,1644,78
06023000500,3626,1903,1744,159
06023000600,4977,2168,2054,114
06023000700,5496,2397,2268,129
06023000800,4868,2209,2053,156
06023000900,5149,2348,2182,166
06023001001,2865,1572,1422,150
06023001002,3285,1213,1090,123
06023001102,5124,2355,2228,127
06023001103,1889,822,789,33
06023001200,5141,2202,2057,145
06023001300,1433,656,589,67
06023010102,2914,1576,1274,302
06023010200,2921,1731,1359,372
06023010300,3496,1648,1533,115
06023010400,3814,1570,1486,84
06023010502,5577,2504,2365,139
06023010503,3858,1683,1557,126
06023010504,3438,1558,1477,81
06023010600,1849,848,784,64
06023010701,4341,1792,1702,90
06023010702,2570,1188,1086,102
06023010800,4910,2095,1956,139
06023010901,4725,1992,1852,140
06023010902,4074,1942,1634,308
06023011000,4625,1935,1852,83
06023011100,4724,2031,1810,221
06023011200,3275,1631,1388,243
06023011501,2474,1302,1067,235
06023011502,1638,1235,796,439
06023011600,3822,2125,1721,404
06023940000,3173,1044,999,45
06023990100,0,0,0,0
06025010101,3499,161,120,41
06025010102,4738,1591,1434,157
06025010200,2293,779,727,52
06025010300,802,297,280,17
06025010401,2748,802,764,38
06025010402,4367,1408,1361,47
06025010500,6714,2176,2084,92
06025010600,7985,2744,2613,131
06025010700,4713,1492,1432,60
06025010800,1297,472,427,45
06025010900,6403,2059,1954,105
06025011001,6362,1860,1796,64
06025011002,9436,2999,2884,115
06025011100,3293,1232,1050,182
06025011201,8254,2705,2576,129
06025011202,5508,2013,1907,106
06025011301,3549,1008,965,43
06025011302,1672,553,529,24
06025011303,4551,1097,1066,31
06025011400,4476,1305,1254,51
06025011500,6059,2154,2041,113
06025011600,6615,2302,2158,144
06025011700,5046,1532,1488,44
06025011801,3982,1289,1246,43
06025011802,5245,1852,1796,56
06025011803,6175,2126,1840,286
06025011901,2289,679,652,27
06025011902,3927,1139,1118,21
06025011903,5400,1261,1222,39
06025012001,3801,1089,1023,66
06025012003,3882,1166,1138,28
06025012004,5935,1448,1408,40
06025012101,3563,1155,1088,67
06025012102,3455,1088,1054,34
06025012201,4139,1084,1062,22
06025012202,3294,889,872,17
06025012301,4493,736,429,307
06025012302,6288,2366,1838,528
06025012400,756,1184,424,760
06025940000,2698,1333,930,403
06027000100,2943,1359,1268,91
06027000200,1698,918,705,213
06027000300,2642,1203,1103,100
06027000400,5792,2696,2421,275
06027000500,2606,1380,1113,267
06027000800,3335,1913,1436,477
06029000102,3422,1305,1268,37
06029000103,3816,1437,1380,57
06029000104,1654,607,597,10
06029000105,5340,1964,1889,75
06029000106,2665,906,873,33
06029000201,4449,1715,1580,135
06029000202,3797,1387,1305,82
06029000300,4630,1820,1704,116
06029000400,4757,1849,1676,173
06029000504,4615,1827,1765,62
06029000505,3738,1434,1401,33
06029000506,2323,1045,984,61
06029000507,3757,1337,1292,45
06029000508,1920,671,653,18
06029000509,2659,839,828,11
06029000510,4223,1306,1299,7
06029000601,2453,1067,1014,53
06029000602,2939,1063,1007,56
06029000603,2316,795,751,44
06029000701,2927,1026,996,30
06029000702,2504,933,887,46
06029000800,5600,1679,1640,39
06029000902,3891,1410,1329,81
06029000903,4347,1541,1477,64
06029000904,4239,1503,1436,67
06029000905,2631,831,796,35
06029000906,4504,1302,1273,29
06029000907,2600,724,704,20
06029000908,5429,1821,1768,53
06029000909,2618,974,925,49
06029000911,2756,1078,1050,28
06029000912,3349,1273,1175,98
06029000913,3743,1280,1251,29
06029000914,4129,1413,1361,52
06029001001,3743,1179,1138,41
06029001002,3441,878,860,18
06029001003,3692,932,908,24
06029001101,5368,1478,1404,74
06029001104,2876,765,729,36
06029001105,3652,973,943,30
06029001106,2279,597,574,23
06029001107,2647,733,705,28
06029001201,2892,781,748,33
06029001202,6099,1787,1705,82
06029001301,5276,1592,1502,90
06029001302,2451,790,735,55
06029001401,4750,1452,1361,91
06029001402,3088,931,885,46
06029001500,2944,835,791,44
06029001600,2510,1103,1044,59
06029001700,4299,2079,1917,162
06029001801,5514,2065,1954,111
06029001803,2754,1103,1064,39
06029001804,3144,1233,1183,50
06029001901,3883,1512,1430,82
06029001902,4802,1932,1834,98
06029002001,3344,1088,1018,70
06029002002,4392,1577,1497,80
06029002100,3504,1026,970,56
06029002201,2753,742,705,37
06029002202,3761,1076,1025,51
06029002302,3173,896,856,40
06029002303,3660,1017,967,50
06029002304,3244,852,821,31
06029002305,2660,738,714,24
06029002401,2291,613,587,26
06029002402,3797,954,921,33
06029002403,3116,957,895,62
06029002501,4576,1380,1262,118
06029002502,2256,667,651,16
06029002503,2636,695,666,29
06029002600,3439,1038,983,55
06029002701,2906,908,867,41
06029002702,3020,1009,937,72
06029002804,2763,1646,1562,84
06029002806,2285,1096,1034,62
06029002807,4026,1498,1454,44
06029002811,3905,1546,1499,47
06029002813,4611,1817,1710,107
06029002814,4532,1703,1634,69
06029002815,4392,1518,1467,51
06029002816,5700,1876,1819,57
06029002817,5145,1851,1791,60
06029002818,4022,1536,1491,45
06029002819,4873,1868,1820,48
06029002820,6690,2118,2074,44
06029002821,4751,1689,1666,23
06029002822,3407,1252,1231,21
06029002823,4256,1785,1693,92
06029002824,2883,1187,1120,67
06029002825,2565,904,859,45
06029002901,3074,916,883,33
06029002902,4427,1644,1565,79
06029003001,4141,1123,1074,49
06029003002,3294,969,916,53
06029003103,4822,1297,1239,58
06029003112,5365,1922,1845,77
06029003113,4904,1504,1448,56
06029003124,5802,1730,1693,37
06029003125,3194,953,917,36
06029003126,5437,1648,1588,60
06029003127,4813,1252,1226,26
06029003128,4746,1206,1179,27
06029003129,3787,1029,1018,11
06029003130,4246,1189,1168,21
06029003131,3715,1189,1156,33
06029003132,4586,1424,1386,38
06029003133,3176,1008,941,67
06029003134,3698,1034,1012,22
06029003135,4082,1031,1011,20
06029003136,2041,552,540,12
06029003137,3453,992,979,13
06029003203,2294,800,775,25
06029003207,4934,1199,1180,19
06029003208,7852,1961,1887,74
06029003209,3686,1008,990,18
06029003210,5917,1577,1543,34
06029003211,4533,1161,1113,48
06029003212,6669,2170,2123,47
06029003213,2065,644,612,32
06029003214,2516,678,657,21
06029003215,3726,1230,1181,49
06029003216,3167,811,806,5
06029003217,3152,843,831,12
06029003218,6298,1838,1688,150
06029003219,6685,1660,1633,27
06029003220,4804,1343,1301,42
06029003221,4636,1677,1516,161
06029003222,1693,572,543,29
06029003303,1257,531,464,67
06029003304,3732,878,771,107
06029003305,3367,1855,1446,409
06029003307,2605,2266,1258,1008
06029003308,2099,949,828,121
06029003400,4380,1425,1267,158
06029003500,6686,2465,2254,211
06029003600,4553,1617,1448,169
06029003806,5285,1885,1825,60
06029003807,3589,1278,1257,21
06029003808,4504,1590,1546,44
06029003810,2531,898,876,22
06029003811,2729,1053,1007,46
06029003812,4948,1872,1767,105
06029003814,6293,1769,1750,19
06029003815,6087,1873,1845,28
06029003816,3522,1126,1095,31
06029003817,4158,1406,1386,20
06029003818,5162,1560,1544,16
06029003819,3851,1435,1332,103
06029003820,3740,1456,1439,17
06029003821,4606,1470,1447,23
06029003822,3206,1006,990,16
06029003823,4184,1305,1270,35
06029003824,2279,780,757,23
06029003825,2982,870,865,5
06029003826,3325,1037,1013,24
06029003827,2445,679,663,16
06029003900,3702,755,707,48
06029004001,4014,881,842,39
06029004002,4321,1138,1085,53
06029004101,5727,1671,1621,50
06029004102,5234,1447,1394,53
06029004302,4356,1,0,1
06029004303,5691,1477,1452,25
06029004304,3218,826,820,6
06029004305,1665,423,416,7
06029004402,4027,1349,1184,165
06029004403,3395,980,956,24
06029004404,4823,1367,1335,32
06029004500,3625,934,893,41
06029004601,4971,2,2,0
06029004603,2483,0,0,0
06029004605,3326,835,800,35
06029004606,2605,624,608,16
06029004607,5765,1346,1317,29
06029004702,3763,973,945,28
06029004703,4664,983,973,10
06029004704,5912,1504,1467,37
06029004801,4007,1079,1035,44
06029004802,6193,1931,1780,151
06029004901,5413,1492,1401,91
06029004903,4823,1201,1174,27
06029004904,3009,794,786,8
06029005003,3512,922,887,35
06029005005,4204,1102,1052,50
06029005006,3434,925,905,20
06029005103,2726,1176,1117,59
06029005104,4167,1761,1690,71
06029005203,4041,2409,1809,600
06029005205,3577,2089,1603,486
06029005206,2582,1737,1236,501
06029005207,2327,1614,1144,470
06029005208,3212,2674,1629,1045
06029005300,2104,800,682,118
06029005402,5000,2140,1971,169
06029005405,2458,1311,1152,159
06029005406,3514,1544,1401,143
06029005407,4152,1712,1609,103
06029005408,4669,2216,1953,263
06029005409,4725,2099,1900,199
06029005410,1816,813,759,54
06029005508,4731,1869,1646,223
06029005509,4150,1862,1661,201
06029005510,2216,1095,955,140
06029005511,5071,2054,1838,216
06029005512,3009,1216,1098,118
06029005513,2549,969,906,63
06029005514,3428,1400,1188,212
06029005600,2086,1051,831,220
06029005700,2332,757,655,102
06029005803,3344,1283,1189,94
06029005804,5271,1908,1751,157
06029005805,2645,941,921,20
06029005806,4722,1571,1514,57
06029005900,4163,1676,1499,177
06029006002,3660,4,2,2
06029006003,5804,2307,2177,130
06029006004,1587,928,705,223
06029006006,3774,1539,1457,82
06029006009,2781,1439,1163,276
06029006010,3689,1691,1463,228
06029006011,3508,1469,1343,126
06029006012,2557,1152,975,177
06029006101,3804,1760,1598,162
06029006102,5185,1888,1800,88
06029006201,2587,738,692,46
06029006202,7006,1635,1583,52
06029006301,3732,1012,980,32
06029006303,6062,1578,1518,60
06029006304,4022,1066,1025,41
06029006403,5468,1444,1353,91
06029006404,3036,840,778,62
06029006405,2997,758,725,33
06029006406,4413,1214,1156,58
06029006500,4350,1278,946,332
06029006600,4831,1427,1328,99
06031000100,2916,1098,999,99
06031000200,2150,761,695,66
06031000402,6299,2190,2080,110
06031000403,5297,1883,1795,88
06031000405,7274,2613,2514,99
06031000406,3329,1095,1074,21
06031000407,6893,2503,2416,87
06031000500,5572,1728,1657,71
06031000602,5847,2387,2290,97
06031000603,2960,889,862,27
06031000604,7930,2582,2518,64
06031000701,5522,2088,2013,75
06031000702,4585,1676,1636,40
06031000800,4819,1642,1601,41
06031000901,4404,1705,1592,113
06031000902,3198,1247,1174,73
06031001001,5753,1975,1886,89
06031001002,4453,1357,1308,49
06031001003,7096,1985,1956,29
06031001100,6179,1906,1797,109
06031001200,2397,821,758,63
06031001300,4379,1365,1287,78
06031001401,2846,844,800,44
06031001402,2160,724,678,46
06031001500,4743,1539,1457,82
06031001601,4283,1271,1165,106
06031001702,4898,1344,1286,58
06031001703,4549,1256,1205,51
06031980000,6656,1813,1601,212
06031980100,8811,0,0,0
06031981800,4288,0,0,0
06033000100,3284,1721,1289,432
06033000300,4045,1848,1607,241
06033000401,3115,1432,1254,178
06033000402,2775,1448,1299,149
06033000501,3416,1809,1468,341
06033000502,2901,1520,1250,270
06033000601,2342,1651,1147,504
06033000602,2078,1557,951,606
06033000702,4757,1915,1665,250
06033000703,2416,1239,1038,201
06033000704,2158,1200,865,335
06033000801,2956,1405,1185,220
06033000802,4671,2075,1747,328
06033000901,2598,1435,1080,355
06033000902,4118,2644,1786,858
06033001000,6102,2515,2270,245
06033001101,1763,988,754,234
06033001102,1536,892,664,228
06033001200,3414,1579,1362,217
06033001301,3605,1529,1363,166
06033001302,4113,1818,1578,240
06035040100,1627,898,668,230
06035040200,2459,2180,1145,1035
06035040302,4343,1840,1663,177
06035040303,3204,1558,1364,194
06035040304,1804,896,782,114
06035040305,4169,1815,1654,161
06035040400,8786,546,477,69
06035040500,3045,1336,1168,168
06035040600,3293,1147,967,180
06037101110,4926,1806,1753,53
06037101122,3728,1377,1358,19
06037101220,3344,1351,1308,43
06037101221,3444,1363,1305,58
06037101222,2808,1042,1024,18
06037101300,4269,1612,1568,44
06037101400,3898,1551,1482,69
06037102103,2107,800,781,19
06037102104,3906,1353,1333,20
06037102105,1855,573,563,10
06037102107,3984,1348,1305,43
06037103101,2712,986,966,20
06037103102,4752,1734,1683,51
06037103201,4676,1775,1716,59
06037103202,2026,687,657,30
06037103300,3953,1424,1357,67
06037103401,2516,1022,986,36
06037103402,4075,1585,1544,41
06037104103,3811,857,841,16
06037104105,5999,1732,1714,18
06037104108,5829,1665,1629,36
06037104124,4333,1337,1296,41
06037104201,4377,894,882,12
06037104203,4874,1162,1141,21
06037104204,3304,717,710,7
06037104310,4396,885,857,28
06037104321,3009,744,710,34
06037104322,2233,499,472,27
06037104401,3022,663,644,19
06037104403,2947,665,643,22
06037104404,3082,692,676,16
06037104500,3151,674,653,21
06037104610,3645,754,725,29
06037104620,3200,707,694,13
06037104701,4601,1096,1078,18
06037104703,2572,655,618,37
06037104704,4760,1325,1288,37
06037104821,3498,875,859,16
06037104822,2345,619,612,7
06037104823,3024,704,681,23
06037104824,2207,464,453,11
06037106010,3390,1012,980,32
06037106020,5557,1438,1404,34
06037106111,4331,1357,1312,45
06037106112,6201,1619,1579,40
06037106113,3939,993,983,10
06037106114,6643,1890,1823,67
06037106403,3704,863,834,29
06037106405,3968,1177,1158,19
06037106406,6173,1774,1740,34
06037106407,2909,896,874,22
06037106408,3440,1001,985,16
06037106510,5791,1756,1728,28
06037106520,5670,1453,1422,31
06037106603,2998,995,977,18
06037106604,5378,1314,1272,42
06037106641,2330,791,768,23
06037106642,3316,1081,1055,26
06037106643,4084,1355,1316,39
06037106645,3501,1209,1194,15
06037106646,3367,985,962,23
06037106648,4815,1285,1264,21
06037106649,2754,717,695,22
06037107010,3205,744,726,18
06037107020,5488,1335,1309,26
06037108101,2324,799,792,7
06037108102,3795,1366,1350,16
06037108103,3190,1071,1048,23
06037108104,1692,586,576,10
06037108202,8701,3268,3152,116
06037108203,3577,1255,1233,22
06037108204,1857,646,639,7
06037109100,2958,896,864,32
06037109200,3153,1049,992,57
06037109300,3120,908,887,21
06037109400,3752,1097,1075,22
06037109500,4524,1093,1082,11
06037109601,4958,1302,1284,18
06037109603,4203,1313,1293,20
06037109604,2938,919,905,14
06037109700,4389,1398,1368,30
06037109800,4679,1462,1435,27
06037111100,3047,950,916,34
06037111201,3609,1149,1118,31
06037111202,5489,1874,1815,59
06037111204,5865,1949,1912,37
06037111205,3864,1452,1414,38
06037111206,4716,1524,1484,40
06037111302,4633,1694,1635,59
06037111303,4429,1470,1437,33
06037111304,3359,1429,1363,66
06037111401,2406,771,755,16
06037111402,5333,2008,1955,53
06037113101,3461,1161,1128,33
06037113102,2971,1029,1000,29
06037113211,4275,1709,1655,54
06037113212,3211,1087,1059,28
06037113213,4589,1689,1643,46
06037113231,2254,842,800,42
06037113232,4297,1496,1473,23
06037113234,4542,1628,1566,62
06037113235,1815,746,699,47
06037113237,3921,1576,1513,63
06037113238,5182,1644,1579,65
06037113239,2259,947,911,36
06037113301,3655,1827,1430,397
06037113303,4160,1454,1391,63
06037113322,4251,1430,1401,29
06037113323,3927,1604,1570,34
06037113324,2072,858,812,46
06037113423,2639,861,841,20
06037113424,3613,1301,1240,61
06037113425,4020,1323,1276,47
06037113426,2479,780,771,9
06037113427,3024,1126,1099,27
06037113428,3397,1039,1006,33
06037115101,5112,1748,1718,30
06037115103,2345,129,91,38
06037115104,4409,2037,1831,206
06037115202,5189,1992,1907,85
06037115203,2793,1268,1203,65
06037115204,4228,1742,1666,76
06037115301,4236,1688,1631,57
06037115302,4044,1030,1005,25
06037115401,5980,2105,2037,68
06037115403,3245,1074,1028,46
06037115404,2956,904,869,35
06037117101,5195,1488,1465,23
06037117102,2733,836,817,19
06037117201,4514,1253,1228,25
06037117202,2711,903,882,21
06037117301,3917,1233,1217,16
06037117302,5414,1811,1771,40
06037117303,3647,1051,1027,24
06037117404,4548,1421,1390,31
06037117405,3364,890,848,42
06037117407,3482,932,917,15
06037117408,2843,841,831,10
06037117510,4181,1126,1095,31
06037117520,3961,1079,1055,24
06037117530,5888,1730,1656,74
06037119001,4024,970,957,13
06037119003,3893,875,866,9
06037119004,2830,725,701,24
06037119201,3866,884,866,18
06037119202,4394,1046,1030,16
06037119310,3983,1188,1170,18
06037119320,4793,1217,1199,18
06037119340,3600,1020,981,39
06037119341,2867,836,831,5
06037119342,3076,785,774,11
06037119400,4881,1141,1124,17
06037119700,4893,1322,1283,39
06037119801,2933,660,656,4
06037119802,3016,796,777,19
06037119900,4774,1207,1192,15
06037120010,2892,721,708,13
06037120020,4037,1145,1123,22
06037120030,2591,754,719,35
06037120103,3123,850,837,13
06037120104,2327,822,795,27
06037120105,2855,876,867,9
06037120106,4377,1196,1171,25
06037120107,3760,1082,1055,27
06037120108,5263,1484,1445,39
06037120300,5550,1467,1439,28
06037120400,6614,2057,2018,39
06037121010,4693,1280,1237,43
06037121020,3781,1097,1061,36
06037121101,2936,993,978,15
06037121102,2846,871,828,43
06037121210,3182,787,766,21
06037121221,2147,536,526,10
06037121222,5376,1362,1313,49
06037121600,2996,856,844,12
06037121801,3854,1233,1169,64
06037121802,3192,776,742,34
06037121900,3921,1092,1004,88
06037122000,5289,1552,1504,48
06037122120,4559,1092,1061,31
06037122121,2629,723,713,10
06037122122,2750,799,789,10
06037122200,4064,957,937,20
06037122410,3824,1252,1202,50
06037122420,4623,1371,1327,44
06037123010,4253,1057,1029,28
06037123020,3177,804,780,24
06037123103,4285,1574,1532,42
06037123104,4309,1615,1554,61
06037123203,3508,1121,1081,40
06037123204,3125,1067,1002,65
06037123205,2503,779,764,15
06037123206,2857,908,877,31
06037123301,4424,1684,1633,51
06037123303,3091,950,928,22
06037123304,4518,1745,1703,42
06037123410,3967,1299,1278,21
06037123420,4481,1457,1422,35
06037123510,4938,1750,1676,74
06037123520,2669,925,901,24
06037123601,4985,1887,1828,59
06037123602,3433,1339,1297,42
06037123700,4142,1571,1514,57
06037123800,5757,2449,2362,87
06037123901,4621,1552,1508,44
06037123902,2596,1125,1087,38
06037124000,4786,2149,2066,83
06037124102,3627,1498,1438,60
06037124103,1857,632,609,23
06037124104,2519,1048,1019,29
06037124105,2425,929,900,29
06037124201,3391,1186,1142,44
06037124203,2450,883,848,35
06037124204,2753,1100,1040,60
06037124300,3830,1410,1330,80
06037124400,4308,1718,1654,64
06037124500,2880,1269,1208,61
06037124600,3223,1406,1345,61
06037124700,5343,2475,2384,91
06037124902,2893,1574,1530,44
06037124903,3630,1743,1662,81
06037125101,3979,2141,2036,105
06037125102,2280,1057,1015,42
06037125200,4014,2062,1893,169
06037125310,4941,2436,2238,198
06037125321,3049,1512,1446,66
06037125322,2222,1561,1372,189
06037125402,4076,2166,2091,75
06037125403,2181,1327,1275,52
06037125404,3133,1779,1655,124
06037125501,3249,1700,1642,58
06037125502,3572,2003,1915,88
06037125600,2599,1283,1216,67
06037127102,5450,1833,1763,70
06037127103,3203,1283,1232,51
06037127104,4140,1396,1343,53
06037127210,5453,1948,1878,70
06037127220,4993,1734,1684,50
06037127300,3735,1389,1358,31
06037127400,5529,1853,1768,85
06037127520,4226,1426,1349,77
06037127603,2949,915,898,17
06037127604,3194,1319,1265,54
06037127605,3314,1112,1031,81
06037127606,3253,1122,1088,34
06037127711,3434,1188,1147,41
06037127712,3894,1581,1470,111
06037127803,5076,1866,1777,89
06037127804,4422,1784,1707,77
06037127805,3514,1104,1085,19
06037127806,3505,1351,1312,39
06037127910,5209,1618,1560,58
06037127920,4212,1389,1358,31
06037128101,3635,1309,1278,31
06037128102,4874,1518,1468,50
06037128210,4809,1610,1555,55
06037128220,3087,1258,1218,40
06037128302,4654,1511,1455,56
06037128303,3876,1234,1201,33
06037128400,4516,1853,1794,59
06037128500,4294,2116,2033,83
06037128601,4379,1750,1695,55
06037128602,3422,1447,1401,46
06037128703,3317,1716,1669,47
06037128704,2594,1159,1119,40
06037128801,3805,2122,2022,100
06037128802,4673,2230,2097,133
06037128910,4384,1974,1874,100
06037131021,2972,970,936,34
06037131022,3491,1122,1078,44
06037131023,2628,815,782,33
06037131024,3422,998,979,19
06037131100,3264,1083,1057,26
06037131200,3549,1177,1133,44
06037131300,4854,1238,1207,31
06037131400,6149,1963,1912,51
06037131600,5366,1507,1453,54
06037131701,4794,1810,1776,34
06037131702,3602,1135,1101,34
06037131801,3104,959,928,31
06037131802,2552,750,728,22
06037131900,4382,1433,1405,28
06037132001,3335,1203,1181,22
06037132002,3193,1136,1097,39
06037132101,4330,1631,1569,62
06037132102,5618,2208,2073,135
06037132301,3577,1517,1464,53
06037132302,3005,892,858,34
06037132501,4357,1317,1269,48
06037132502,4252,1562,1526,36
06037132700,5038,1591,1546,45
06037132900,3538,1356,1317,39
06037133000,4424,1292,1246,46
06037133101,2091,724,694,30
06037133102,3376,1226,1172,54
06037134001,3708,963,943,20
06037134002,3483,1141,1093,48
06037134101,4991,1490,1456,34
06037134103,4294,1347,1299,48
06037134104,4429,1408,1371,37
06037134201,4271,1250,1215,35
06037134302,3746,1262,1233,29
06037134303,5166,1837,1790,47
06037134304,3001,889,881,8
06037134305,3769,1081,1068,13
06037134306,3553,1271,1202,69
06037134421,3851,1423,1394,29
06037134422,4959,1679,1640,39
06037134423,3338,1264,1220,44
06037134424,2862,989,970,19
06037134520,5601,2130,1898,232
06037134521,2972,751,727,24
06037134522,4015,1345,1284,61
06037134710,5183,1600,1576,24
06037134720,5011,1650,1619,31
06037134801,3177,978,962,16
06037134802,3196,944,929,15
06037134901,3266,1207,1164,43
06037134904,4368,1480,1450,30
06037134905,5219,3050,2768,282
06037134906,3115,1291,1234,57
06037134907,2953,1649,1521,128
06037135102,3612,1265,1231,34
06037135111,3118,1198,1164,34
06037135113,3240,1515,1399,116
06037135115,4698,2448,2273,175
06037135116,1718,1132,1055,77
06037135201,2592,865,843,22
06037135202,4399,1513,1471,42
06037135204,4791,1680,1652,28
06037135205,2342,847,826,21
06037137000,4754,1766,1693,73
06037137103,4951,2530,2423,107
06037137104,2725,1094,1065,29
06037137202,3588,1659,1564,95
06037137203,2416,949,906,43
06037137301,2238,803,759,44
06037137302,4341,1610,1547,63
06037137401,4708,2068,1853,215
06037137402,5663,2163,2088,75
06037137501,4662,2146,2023,123
06037137502,4441,1752,1676,76
06037137504,1920,727,689,38
06037138000,4575,1890,1819,71
06037139001,5125,2191,2119,72
06037139200,5519,2348,2274,74
06037139301,4692,1695,1618,77
06037139302,4734,2109,2015,94
06037139303,4481,2037,1967,70
06037139401,2894,1359,1281,78
06037139402,2782,984,939,45
06037139502,3118,1277,1229,48
06037139504,3742,1946,1863,83
06037139505,2565,1382,1327,55
06037139506,2767,1393,1343,50
06037139600,5185,2539,2344,195
06037139701,5438,2264,2115,149
06037139703,2693,1011,956,55
06037139704,2624,996,950,46
06037139705,3643,1371,1311,60
06037139801,3523,1313,1252,61
06037139802,3858,1411,1350,61
06037141101,4903,2800,2639,161
06037141102,3023,1466,1408,58
06037141201,4289,2217,2143,74
06037141202,2922,1491,1432,59
06037141303,3191,1774,1703,71
06037141304,3015,1578,1495,83
06037141305,2986,1503,1431,72
06037141306,2974,1662,1555,107
06037141400,4705,2059,1953,106
06037141500,3089,1166,1115,51
06037141600,4088,1745,1656,89
06037141700,3096,1354,1237,117
06037143101,2142,1111,1038,73
06037143102,2294,1276,1207,69
06037143200,4377,2268,2159,109
06037143301,3236,1711,1579,132
06037143302,3367,1701,1597,104
06037143401,4632,2249,2164,85
06037143402,1791,889,847,42
06037143500,5197,2488,2376,112
06037143602,4740,2405,2308,97
06037143603,2482,1422,1360,62
06037143605,1945,1228,1140,88
06037143606,1581,1048,983,65
06037143700,3800,2106,1896,210
06037143801,2926,1365,1279,86
06037143802,2298,1182,1115,67
06037143901,4319,1738,1621,117
06037143902,2979,1440,1345,95
06037181000,6132,2345,2236,109
06037181300,3613,1392,1341,51
06037181400,4134,1645,1564,81
06037181500,3653,1390,1331,59
06037181600,4247,1085,1008,77
06037183101,3659,1413,1338,75
06037183103,3839,1544,1461,83
06037183104,2095,818,793,25
06037183220,3682,1206,1157,49
06037183221,2901,1064,1020,44
06037183222,3303,1379,1305,74
06037183300,3083,1042,991,51
06037183401,2226,862,823,39
06037183402,2997,1071,1008,63
06037183510,2368,782,756,26
06037183520,3450,1216,1156,60
06037183610,2813,1080,1005,75
06037183620,2912,1050,1006,44
06037183701,3838,1518,1450,68
06037183702,2669,1120,1090,30
06037183810,4260,1661,1590,71
06037183820,3626,1314,1238,76
06037185101,2830,1145,1097,48
06037185102,2990,1256,1192,64
06037185202,3682,1485,1408,77
06037185203,2651,915,868,47
06037185204,1977,753,728,25
06037185310,2724,856,829,27
06037185320,2763,910,841,69
06037186100,4678,1847,1788,59
06037186201,3085,1301,1253,48
06037186202,1985,844,821,23
06037186203,2751,1109,1045,64
06037186301,2679,939,877,62
06037186302,5190,1916,1863,53
06037186401,2991,1019,984,35
06037186403,2521,825,789,36
06037186404,2266,782,739,43
06037187101,3011,1293,1228,65
06037187102,4083,1584,1504,80
06037187200,2801,1010,946,64
06037187300,3456,1661,1574,87
06037188100,4070,1825,1757,68
06037188201,3378,2000,1870,130
06037188202,2460,1277,1209,68
06037188300,3271,1463,1389,74
06037189101,2589,1476,1387,89
06037189102,3316,2039,1941,98
06037189201,3256,2099,1995,104
06037189202,2775,1346,1268,78
06037189300,3216,1375,1268,107
06037189400,3575,1993,1858,135
06037189501,2183,1439,1337,102
06037189502,2251,1518,1412,106
06037189600,3738,2212,2065,147
06037189702,2389,1565,1349,216
06037189703,2259,1402,1266,136
06037189704,2786,1699,1518,181
06037189801,2302,1539,1454,85
06037189802,2005,1194,1135,59
06037189903,2228,1686,1532,154
06037189904,2502,1727,1572,155
06037189905,2462,1643,1550,93
06037189906,2746,1733,1580,153
06037189907,2434,1611,1539,72
06037190101,1832,1412,1260,152
06037190102,2737,1671,1504,167
06037190201,2872,1661,1468,193
06037190202,3568,2714,2358,356
06037190302,2283,1327,1227,100
06037190303,2470,1641,1473,168
06037190401,2857,1848,1749,99
06037190402,2388,1413,1348,65
06037190510,4362,2105,1954,151
06037190520,3489,1698,1612,86
06037190701,1867,1277,961,316
06037190702,1420,892,802,90
06037190801,2500,1526,1400,126
06037190802,2794,1520,1382,138
06037190901,4016,1579,1473,106
06037190902,3608,1811,1641,170
06037191000,5893,3946,3206,740
06037191110,3141,1214,1137,77
06037191120,3801,1643,1578,65
06037191201,4072,1798,1666,132
06037191203,2531,1189,1130,59
06037191204,1862,879,830,49
06037191301,2076,959,863,96
06037191302,2192,1033,973,60
06037191410,3924,1637,1547,90
06037191420,2837,1208,1145,63
06037191500,4980,1807,1729,78
06037191610,4271,1569,1476,93
06037191620,2628,1051,957,94
06037191710,2576,1303,1186,117
06037191720,3534,1402,1343,59
06037191810,3028,1419,1340,79
06037191820,3279,1770,1648,122
06037191901,3563,2388,2006,382
06037191902,2961,1556,1433,123
06037192001,2574,1437,1304,133
06037192002,2550,1381,1236,145
06037192300,2863,1740,1597,143
06037192410,3573,1866,1758,108
06037192420,3645,1606,1491,115
06037192510,3508,1260,1197,63
06037192520,4326,1629,1500,129
06037192610,4149,1606,1516,90
06037192620,3260,1285,1225,60
06037192700,3550,1323,1232,91
06037194101,3236,1884,1746,138
06037194102,3462,1733,1570,163
06037194200,3596,1974,1730,244
06037194300,2972,1672,1444,228
06037194401,2559,1456,1332,124
06037194402,3146,2149,1964,185
06037194500,2347,1264,1145,119
06037195100,4974,2284,2136,148
06037195201,3080,1797,1697,100
06037195202,3194,1537,1427,110
06037195300,3070,1623,1529,94
06037195400,4244,2409,2216,193
06037195500,4991,2519,2349,170
06037195600,3056,1273,1204,69
06037195710,3939,1358,1306,52
06037195720,1896,947,849,98
06037195802,2744,1038,996,42
06037195803,2457,1312,1218,94
06037195804,2459,1148,1061,87
06037195901,2248,1224,1126,98
06037195902,1848,1071,1004,67
06037195903,1988,1000,922,78
06037197200,3287,1163,1093,70
06037197300,3650,1861,1708,153
06037197410,3707,1764,1652,112
06037197420,3376,1453,1361,92
06037197500,3973,1799,1673,126
06037197600,2431,1128,1040,88
06037197700,4565,2071,1943,128
06037199001,2552,822,775,47
06037199002,2913,1176,1109,67
06037199110,2377,758,716,42
06037199120,3777,1122,1079,43
06037199201,3584,1193,1134,59
06037199202,2785,898,860,38
06037199300,3545,1310,1250,60
06037199400,4470,1451,1385,66
06037199700,3393,1263,1201,62
06037199801,3036,891,875,16
06037199802,2144,676,651,25
06037199900,2641,897,838,59
06037201110,2332,736,699,37
06037201120,4395,1458,1412,46
06037201200,2362,736,721,15
06037201301,3409,1090,1053,37
06037201302,3882,2004,1926,78
06037201401,4701,1464,1403,61
06037201402,4046,1395,1347,48
06037201501,4974,1584,1527,57
06037201503,3059,957,928,29
06037201504,2254,641,621,20
06037201601,2183,693,655,38
06037201602,2686,825,794,31
06037201700,5055,1468,1377,91
06037203100,4688,1297,1258,39
06037203200,4264,1251,1194,57
06037203300,2280,610,579,31
06037203500,2751,1017,940,77
06037203601,2662,807,771,36
06037203602,2124,629,609,20
06037203710,3087,854,818,36
06037203720,3580,1094,1041,53
06037203800,4502,1221,1175,46
06037203900,2611,705,687,18
06037204110,2811,823,806,17
06037204120,2368,695,680,15
06037204200,3393,1086,1004,82
06037204300,4433,1320,1265,55
06037204410,2174,649,617,32
06037204420,2870,969,911,58
06037204600,3740,1206,1135,71
06037204700,4632,1288,1242,46
06037204810,5166,1371,1321,50
06037204820,2055,553,520,33
06037204910,3184,941,891,50
06037204920,2537,680,654,26
06037205110,3850,903,893,10
06037205120,3858,1122,1112,10
06037206010,3335,1391,1276,115
06037206020,5577,308,301,7
06037206050,2312,702,688,14
06037206051,2591,1233,1086,147
06037206052,3296,2183,1866,317
06037206053,3261,957,910,47
06037206054,2670,767,751,16
06037206201,2647,1310,1164,146
06037206202,3035,1075,985,90
06037206301,2074,1219,1043,176
06037206302,1375,692,634,58
06037206303,2858,688,632,56
06037207101,3233,1812,1564,248
06037207102,3374,1665,1502,163
06037207103,2099,942,900,42
06037207303,2311,1952,1690,262
06037207304,2124,1666,1532,134
06037207305,1181,820,734,86
06037207306,2227,1839,1495,344
06037207307,1160,1047,911,136
06037207308,1407,996,905,91
06037207400,2002,585,534,51
06037207501,2489,1596,1478,118
06037207502,4113,3029,2310,719
06037207711,2280,2511,1421,1090
06037207712,4737,3716,3170,546
06037207901,3645,2860,2252,608
06037207902,7405,5431,4553,878
06037208001,2494,1230,1118,112
06037208002,4113,1373,1314,59
06037208301,1878,525,506,19
06037208302,4560,1853,1740,113
06037208401,3832,1439,1321,118
06037208402,2590,853,808,45
06037208501,2283,961,869,92
06037208502,3540,1392,1328,64
06037208610,3878,1479,1418,61
06037208620,4052,1810,1634,176
06037208710,4147,2018,1921,97
06037208720,3810,1580,1492,88
06037208801,3566,1368,1295,73
06037208802,2942,1506,1397,109
06037208902,2570,710,683,27
06037208903,3888,1267,1200,67
06037208904,3882,1342,1306,36
06037209103,3079,1025,962,63
06037209104,2380,937,904,33
06037209105,2665,901,854,47
06037209106,2632,1423,1316,107
06037209201,2852,2130,1751,379
06037209202,1234,539,480,59
06037209300,4712,2472,2129,343
06037209401,4163,1586,1488,98
06037209402,4056,1299,1211,88
06037209403,3850,1401,1345,56
06037209510,2813,1075,1005,70
06037209520,2648,988,938,50
06037209810,2385,786,760,26
06037209820,2732,924,872,52
06037210010,3190,1272,1217,55
06037211000,5268,2358,2175,183
06037211121,2431,1081,1016,65
06037211122,2877,1479,1368,111
06037211123,2097,1391,1266,125
06037211124,4070,2047,1887,160
06037211201,2538,961,913,48
06037211202,2693,1145,1086,59
06037211310,3603,1459,1358,101
06037211320,2899,1324,1242,82
06037211410,2956,1231,1162,69
06037211420,3479,1402,1338,64
06037211500,4230,1882,1778,104
06037211701,2733,1245,1150,95
06037211703,4716,2197,2105,92
06037211704,2941,1781,1644,137
06037211802,4893,2486,2393,93
06037211803,3602,1802,1730,72
06037211804,3247,1433,1377,56
06037211910,4223,1936,1815,121
06037211921,2447,1111,1062,49
06037211922,3182,1509,1367,142
06037212101,3146,1805,1603,202
06037212102,2579,1513,1407,106
06037212202,3364,1266,1170,96
06037212203,3216,1612,1508,104
06037212204,3227,1427,1284,143
06037212303,3486,1800,1679,121
06037212304,1738,985,826,159
06037212305,2533,1043,978,65
06037212306,2793,1220,1143,77
06037212410,3560,1707,1556,151
06037212420,2875,1238,1172,66
06037212501,1944,1060,980,80
06037212502,3363,1963,1752,211
06037212610,4049,2033,1860,173
06037212620,4111,1861,1786,75
06037212701,2487,899,846,53
06037212702,3687,1562,1494,68
06037212800,4121,1446,1384,62
06037212900,3721,1568,1494,74
06037213100,2507,1010,974,36
06037213201,4330,2061,1863,198
06037213202,3679,1410,1322,88
06037213310,3323,1233,1146,87
06037213320,3006,1145,1055,90
06037213401,4806,1782,1718,64
06037213402,5119,1867,1795,72
06037214000,3808,1398,1313,85
06037214100,4111,1780,1663,117
06037214400,2980,1802,1696,106
06037214501,3104,1668,1568,100
06037214503,3495,1696,1615,81
06037214504,3871,1989,1875,114
06037214505,1817,1057,979,78
06037214600,2600,1468,1360,108
06037214700,2731,1466,1336,130
06037214800,2843,1594,1498,96
06037214902,2668,1748,1598,150
06037214903,1542,1126,1016,110
06037214904,1696,1173,1075,98
06037215101,2614,1794,1673,121
06037215102,3123,2227,2058,169
06037216100,2465,1118,1063,55
06037216201,2701,1503,1406,97
06037216202,2838,1543,1429,114
06037216301,1374,600,570,30
06037216302,3551,2123,1954,169
06037216401,4165,2263,2091,172
06037216402,2644,1451,1312,139
06037216700,3938,1761,1636,125
06037216800,3566,1617,1538,79
06037216901,2888,1319,1235,84
06037216902,2331,1199,1140,59
06037217001,2863,1123,1030,93
06037217002,5084,2441,2214,227
06037217101,2520,990,951,39
06037217102,2930,1502,1378,124
06037217200,3887,1679,1572,107
06037218110,3120,1203,1147,56
06037218120,4250,1506,1407,99
06037218210,3951,1286,1213,73
06037218220,4123,1570,1460,110
06037218300,5206,2144,2007,137
06037218400,4364,1526,1426,100
06037218500,2810,1038,962,76
06037218600,2820,1078,1006,72
06037218701,2455,897,846,51
06037218702,2199,856,829,27
06037218800,2633,947,892,55
06037218900,5329,2169,2061,108
06037219010,2749,880,839,41
06037219020,4590,1465,1404,61
06037219300,3757,1467,1395,72
06037219500,1783,740,708,32
06037219700,4186,1458,1363,95
06037219800,2931,1019,958,61
06037219901,4651,1520,1425,95
06037219902,3878,1282,1214,68
06037220000,5420,2166,2056,110
06037220100,2437,1036,999,37
06037221110,3289,1093,1041,52
06037221120,3030,851,827,24
06037221210,2917,897,846,51
06037221220,3143,989,952,37
06037221302,4330,1377,1284,93
06037221303,2384,770,726,44
06037221304,3032,1113,1067,46
06037221401,3362,1346,1191,155
06037221402,2700,984,944,40
06037221500,3864,1456,1403,53
06037221601,3175,1089,1045,44
06037221602,2693,891,856,35
06037221710,2596,1009,922,87
06037221810,2746,1093,1026,67
06037221820,2797,1226,1059,167
06037221900,4917,1462,1165,297
06037222001,3218,978,929,49
06037222002,4648,1416,1345,71
06037222100,3712,1200,1144,56
06037222200,3878,1315,1266,49
06037222500,4702,1364,1278,86
06037222600,5141,1885,1669,216
06037222700,4704,330,301,29
06037224010,3621,1776,1558,218
06037224020,3231,1174,1083,91
06037224200,2385,748,716,32
06037224310,2090,662,631,31
06037224320,2962,1093,1022,71
06037224410,2906,1184,1027,157
06037224420,2068,768,720,48
06037224600,3501,840,777,63
06037224701,2077,646,561,85
06037224702,3287,1293,1062,231
06037226001,2632,588,558,30
06037226002,3587,1413,1306,107
06037226410,3456,852,828,24
06037226420,5026,1328,1284,44
06037226701,2969,724,695,29
06037226702,2884,709,684,25
06037227010,4506,1059,1035,24
06037227020,3508,769,748,21
06037228100,4796,1101,1075,26
06037228210,3770,971,950,21
06037228220,4458,973,948,25
06037228310,4491,1123,1090,33
06037228320,3023,735,710,25
06037228410,3129,746,733,13
06037228420,3041,732,703,29
06037228500,5376,1165,1138,27
06037228600,4882,1145,1106,39
06037228710,4245,1014,989,25
06037228720,4394,1036,997,39
06037228800,5709,1381,1332,49
06037228900,3420,987,960,27
06037229100,4523,998,968,30
06037229200,4636,1212,1173,39
06037229300,5642,1351,1308,43
06037229410,3471,818,790,28
06037229420,4681,1055,1032,23
06037231100,3148,739,681,58
06037231210,3793,1211,1137,74
06037231220,3942,1373,1302,71
06037231301,2797,827,780,47
06037231302,2733,838,806,32
06037231400,4590,1537,1462,75
06037231500,4725,1457,1399,58
06037231601,2254,676,643,33
06037231602,2148,640,611,29
06037231603,2737,828,786,42
06037231710,4311,1312,1260,52
06037231720,5060,1564,1508,56
06037231800,5253,1417,1360,57
06037231901,2741,737,719,18
06037231902,3166,834,810,24
06037232110,3336,894,861,33
06037232120,5019,1430,1351,79
06037232200,3204,894,862,32
06037232300,4376,1162,1107,55
06037232401,3702,1016,958,58
06037232402,3163,990,946,44
06037232500,5066,1514,1456,58
06037232601,2052,579,562,17
06037232602,4540,1260,1222,38
06037232701,2228,563,538,25
06037232702,3932,1084,1006,78
06037232800,4034,1006,969,37
06037234001,2361,998,963,35
06037234002,2977,1023,979,44
06037234200,2459,1149,1076,73
06037234301,1918,1089,966,123
06037234302,2597,1417,1326,91
06037234501,3062,983,947,36
06037234502,2912,1079,1018,61
06037234600,5106,1735,1668,67
06037234700,4209,1461,1344,117
06037234800,3561,1159,1118,41
06037234901,3103,1140,1069,71
06037234902,4238,1717,1595,122
06037235100,4690,1798,1740,58
06037235201,2921,956,925,31
06037235202,4765,1944,1834,110
06037236001,4422,2187,2096,91
06037236101,2823,1327,1254,73
06037236102,3141,1637,1559,78
06037236203,3743,1564,1525,39
06037236204,3210,1404,1288,116
06037236205,3403,1349,1276,73
06037236206,2571,1142,1069,73
06037236400,4346,2056,1967,89
06037237101,4144,1132,1087,45
06037237102,3625,991,962,29
06037237201,3546,960,932,28
06037237202,4414,1330,1250,80
06037237300,5531,1824,1770,54
06037237401,3765,1050,1026,24
06037237402,3640,1016,986,30
06037237500,2856,840,799,41
06037237600,4112,1203,1162,41
06037237710,3992,1159,1120,39
06037237720,3470,943,913,30
06037237800,4335,1323,1260,63
06037237900,3726,1334,1275,59
06037238000,5969,2173,2089,84
06037238100,4683,1775,1693,82
06037238200,5848,2246,2121,125
06037238310,5087,1423,1390,33
06037238320,3975,1204,1155,49
06037238400,4632,1806,1722,84
06037239201,3819,924,893,31
06037239202,5013,1158,1114,44
06037239310,4031,1055,1007,48
06037239320,3441,831,809,22
06037239330,2979,705,685,20
06037239501,3835,979,950,29
06037239502,3697,889,867,22
06037239601,3631,938,903,35
06037239602,3487,916,878,38
06037239701,4415,1089,1049,40
06037239702,4224,1074,1039,35
06037239801,3873,934,902,32
06037239802,5103,1340,1288,52
06037240010,3818,1029,991,38
06037240020,5294,1310,1256,54
06037240200,5910,1472,1419,53
06037240301,2831,886,839,47
06037240302,3114,839,799,40
06037240401,5493,1485,1425,60
06037240402,3856,1132,1087,45
06037240500,6505,1696,1628,68
06037240600,5457,1362,1313,49
06037240700,6573,1647,1609,38
06037240800,4438,1110,1061,49
06037240901,2697,621,602,19
06037240902,3304,808,778,30
06037241001,4525,1184,1148,36
06037241002,3941,1036,999,37
06037241110,3295,802,783,19
06037241120,4902,1299,1246,53
06037241201,3105,894,847,47
06037241202,5148,1585,1512,73
06037241300,2262,709,690,19
06037241400,3612,980,927,53
06037242000,4459,1176,1152,24
06037242100,2497,755,684,71
06037242201,3696,840,824,16
06037242202,3387,919,893,26
06037242300,4958,1218,1180,38
06037242600,4794,1409,1390,19
06037242700,5932,1292,1258,34
06037243001,3304,714,695,19
06037243002,3527,766,745,21
06037243100,5692,1506,1450,56
06037261102,4072,1854,1622,232
06037261103,1880,833,755,78
06037261104,1638,782,671,111
06037261200,4329,1863,1728,135
06037262100,3195,1431,1227,204
06037262200,4553,1939,1803,136
06037262301,2778,953,897,56
06037262302,2870,1255,1162,93
06037262303,3157,1251,1132,119
06037262400,3242,1301,1183,118
06037262501,3741,1457,1361,96
06037262601,3783,1481,1410,71
06037262604,6116,2689,2442,247
06037262704,3651,1835,1664,171
06037262706,3537,1413,1315,98
06037262802,3907,1740,1581,159
06037264000,3284,1379,1300,79
06037264102,3064,1851,1715,136
06037264103,2605,1617,1517,100
06037264303,2733,1693,1556,137
06037264304,2616,1701,1578,123
06037264305,3712,1998,1846,152
06037264306,2228,1223,1151,72
06037265100,2835,1663,1501,162
06037265201,2108,1121,936,185
06037265203,2228,1373,1186,187
06037265204,1182,956,656,300
06037265301,13527,130,48,82
06037265303,4012,1936,1585,351
06037265304,3855,1072,915,157
06037265306,2081,670,570,100
06037265307,3190,686,456,230
06037265410,1592,696,665,31
06037265420,1887,826,755,71
06037265521,1948,1302,1104,198
06037265522,2090,1291,1076,215
06037265523,1884,962,903,59
06037265524,2751,1503,1377,126
06037265601,3140,1528,1464,64
06037265602,3318,1957,1701,256
06037265701,2047,1056,971,85
06037265702,2879,1780,1552,228
06037267101,3142,1476,1417,59
06037267102,3163,1555,1469,86
06037267201,2865,1445,1353,92
06037267202,3470,1717,1607,110
06037267300,4408,2387,2205,182
06037267403,3093,1870,1741,129
06037267404,3403,2233,1940,293
06037267405,2838,1636,1554,82
06037267406,2180,1190,1115,75
06037267502,3217,1758,1603,155
06037267503,2112,1093,1032,61
06037267504,3482,1838,1689,149
06037267600,2709,1368,1239,129
06037267700,3834,2097,1937,160
06037267800,3034,1786,1259,527
06037267901,3293,2681,1999,682
06037267902,4002,1852,1735,117
06037269000,5492,2343,2211,132
06037269100,4752,2093,1938,155
06037269300,4096,1558,1493,65
06037269500,4262,1432,1371,61
06037269601,3122,1088,1034,54
06037269602,2964,1167,1093,74
06037269700,4025,1711,1620,91
06037269800,3386,1691,1587,104
06037269903,3815,2069,1837,232
06037269905,2661,1640,1548,92
06037269906,3037,1690,1612,78
06037269907,2671,1481,1408,73
06037269908,1861,1176,1131,45
06037269909,2243,1188,1133,55
06037270101,2002,1200,1144,56
06037270102,2186,1289,1219,70
06037270200,3487,1363,1291,72
06037270300,2651,1020,953,67
06037271100,2569,1030,972,58
06037271200,2592,1397,1272,125
06037271300,4779,2197,2089,108
06037271400,3482,1376,1333,43
06037271500,3095,1391,1325,66
06037271600,4826,1678,1594,84
06037271702,4527,1791,1649,142
06037271703,3191,1547,1506,41
06037271704,2878,1424,1339,85
06037271801,3666,1835,1723,112
06037271803,3039,1629,1535,94
06037271804,2565,1171,1082,89
06037271901,2861,1305,1214,91
06037271902,4044,1821,1756,65
06037272100,4332,1839,1754,85
06037272201,2394,1202,1139,63
06037272202,3159,1640,1549,91
06037272301,3000,1419,1346,73
06037272302,3897,2043,1943,100
06037273100,3597,1701,1592,109
06037273200,3596,1788,1602,186
06037273300,3477,1813,1645,168
06037273403,1564,1191,870,321
06037273404,1558,1250,1031,219
06037273502,2680,1926,1670,256
06037273600,2189,1165,1029,136
06037273700,2748,1272,1207,65
06037273800,2933,1614,1497,117
06037273902,4278,2587,2248,339
06037274100,4824,2888,2575,313
06037274202,4903,3045,2700,345
06037275101,1186,518,496,22
06037275102,3816,1475,1397,78
06037275200,3850,1795,1701,94
06037275311,4955,2359,2211,148
06037275312,2201,1204,1131,73
06037275313,3321,1743,1662,81
06037275400,4625,2625,2311,314
06037275500,5307,2048,1950,98
06037275603,2731,1219,1160,59
06037275604,10520,5764,5180,584
06037275605,3581,2003,1835,168
06037276000,6674,3314,2989,325
06037276101,3787,2250,2082,168
06037276102,3310,1594,1516,78
06037276400,4099,1578,1515,63
06037276500,4982,784,744,40
06037276601,4058,1817,1747,70
06037276605,2093,1256,1194,62
06037276606,3353,2022,1952,70
06037276607,2974,1607,1417,190
06037276608,2106,1181,1115,66
06037277000,5637,2241,2157,84
06037277100,3017,1154,1109,45
06037277200,1969,1210,952,258
06037277400,3,2,1,1
06037278001,2687,1168,1094,74
06037278102,2958,1611,1450,161
06037291110,4213,1377,1322,55
06037291120,2037,629,613,16
06037291130,3454,994,971,23
06037291210,5162,1568,1509,59
06037291220,3255,1031,1005,26
06037291300,2839,1079,1059,20
06037292001,4791,1456,1403,53
06037292002,1688,539,521,18
06037293203,3337,1233,1193,40
06037293204,3119,1052,1020,32
06037293205,3873,1344,1251,93
06037293206,3330,931,912,19
06037293301,2793,1077,1052,25
06037293302,4809,1681,1633,48
06037293304,4150,1477,1422,55
06037293306,2571,1005,953,52
06037293307,2460,946,925,21
06037294110,3876,1082,1064,18
06037294120,2324,556,549,7
06037294200,4658,1334,1309,25
06037294301,2501,688,676,12
06037294302,4513,1248,1225,23
06037294410,5310,1753,1704,49
06037294421,2794,984,921,63
06037294510,4057,1111,1077,34
06037294520,3459,909,892,17
06037294610,4025,1172,1158,14
06037294620,4034,1114,1087,27
06037294701,3110,963,941,22
06037294810,3729,1029,996,33
06037294820,3346,955,933,22
06037294830,3838,1023,1000,23
06037294900,3871,1040,1030,10
06037295103,4978,2097,2039,58
06037296210,2976,987,943,44
06037296220,4449,1867,1781,86
06037296300,4874,2092,2010,82
06037296401,3176,1313,1276,37
06037296402,2971,1150,1110,40
06037296500,3796,1336,1281,55
06037296600,5305,2058,1958,100
06037296901,4148,1639,1557,82
06037296902,3987,1725,1646,79
06037297001,1662,706,672,34
06037297002,3657,1693,1618,75
06037297110,4298,1643,1549,94
06037297120,3425,1215,1149,66
06037297201,3879,1474,1411,63
06037297202,3546,1507,1433,74
06037297300,2306,864,824,40
06037297400,3760,1666,1595,71
06037297501,2483,1041,1002,39
06037297502,2508,1180,1120,60
06037297601,2781,1353,1200,153
06037297602,3579,1811,1679,132
06037300100,6060,2083,2028,55
06037300200,5492,1999,1935,64
06037300301,6289,2196,2130,66
06037300400,5948,2158,2070,88
06037300501,3124,1068,1036,32
06037300503,5321,2302,2201,101
06037300601,5346,2040,1963,77
06037300602,3580,1464,1406,58
06037300701,6263,2266,2196,70
06037300702,5725,2150,2069,81
06037300800,7100,2919,2801,118
06037300901,6478,2376,2313,63
06037300902,2012,743,736,7
06037301000,5050,2185,2068,117
06037301100,6571,2865,2756,109
06037301203,4417,1970,1877,93
06037301204,4934,2215,2105,110
06037301205,2211,759,744,15
06037301206,5275,2024,1967,57
06037301300,2070,731,712,19
06037301400,3936,1374,1339,35
06037301501,1861,624,608,16
06037301502,6718,2656,2543,113
06037301601,5952,2405,2327,78
06037301602,3904,1703,1630,73
06037301701,2852,1171,1136,35
06037301702,5639,2186,2115,71
06037301801,6139,3332,2969,363
06037301802,5424,2611,2438,173
06037301901,4857,2157,2068,89
06037301902,3140,1248,1172,76
06037302002,3998,1906,1816,90
06037302003,3496,1466,1415,51
06037302004,4175,1718,1661,57
06037302102,6221,2718,2575,143
06037302103,5334,2090,2020,70
06037302104,3859,1584,1529,55
06037302201,4017,2011,1924,87
06037302202,4933,2016,1958,58
06037302301,3804,1566,1480,86
06037302302,5417,2106,2023,83
06037302401,6484,2820,2698,122
06037302503,4011,1520,1477,43
06037302504,3927,1509,1463,46
06037302505,3766,1309,1274,35
06037302506,3410,1326,1289,37
06037310100,5885,2111,2035,76
06037310201,5521,2161,2074,87
06037310202,4945,1944,1868,76
06037310300,3132,1086,1066,20
06037310400,3555,1375,1312,63
06037310501,3788,1496,1441,55
06037310601,6085,2455,2371,84
06037310602,2956,1202,1149,53
06037310701,2482,1203,1180,23
06037310703,5126,2217,2128,89
06037310704,4989,2499,2394,105
06037310705,2387,1427,1341,86
06037310800,5098,2126,2063,63
06037310900,6999,2634,2565,69
06037311000,3872,1497,1437,60
06037311100,4010,1410,1374,36
06037311200,3270,1377,1334,43
06037311300,3874,1569,1540,29
06037311400,2454,1055,1028,27
06037311500,5921,2547,2437,110
06037311601,2532,1301,1133,168
06037311602,5254,3158,2856,302
06037311700,6227,2797,2679,118
06037311801,3066,1414,1355,59
06037311802,3881,1553,1483,70
06037320101,3632,939,924,15
06037320102,3573,906,867,39
06037320201,3818,1197,1181,16
06037320202,5693,1515,1479,36
06037320300,7230,1946,1907,39
06037400205,3053,1047,994,53
06037400206,5184,1838,1788,50
06037400207,4706,1605,1559,46
06037400208,1559,542,538,4
06037400209,4775,1690,1651,39
06037400304,8163,3034,2919,115
06037400402,4370,1525,1496,29
06037400403,3993,1451,1396,55
06037400404,4458,1531,1496,35
06037400501,2051,740,713,27
06037400602,4817,1544,1499,45
06037400603,5514,2040,2000,40
06037400605,7161,2646,2491,155
06037400801,7039,2135,2069,66
06037401001,3051,1058,1044,14
06037401002,4164,1732,1679,53
06037401101,5433,2073,2027,46
06037401102,4051,1624,1556,68
06037401201,3188,1106,1080,26
06037401202,4439,1435,1420,15
06037401203,5386,1788,1753,35
06037401303,2235,792,782,10
06037401304,5683,2172,2051,121
06037401311,6909,2653,2561,92
06037401312,5210,2011,1949,62
06037401500,5027,1923,1838,85
06037401601,5593,2468,2383,85
06037401602,5792,2111,2050,61
06037401705,3112,1089,1052,37
06037401706,4522,1726,1688,38
06037401707,8320,2933,2818,115
06037401801,4000,1600,1545,55
06037401802,3967,1454,1404,50
06037401901,5428,186,149,37
06037401902,5747,2890,2629,261
06037402001,3693,1398,1263,135
06037402002,4168,1620,1569,51
06037402101,4748,1142,1130,12
06037402102,5118,1332,1301,31
06037402200,7276,2328,2259,69
06037402301,5444,1388,1339,49
06037402303,3986,1191,1144,47
06037402304,3925,1066,1032,34
06037402403,5272,1126,1087,39
06037402404,2303,23,15,8
06037402405,2959,679,666,13
06037402406,4739,1314,1248,66
06037402501,5362,1497,1439,58
06037402503,3984,987,959,28
06037402504,2902,858,825,33
06037402601,3545,992,967,25
06037402602,4079,1584,1528,56
06037402702,6354,1796,1729,67
06037402703,4880,1356,1318,38
06037402705,3432,893,890,3
06037402706,3962,1025,1023,2
06037402801,4911,1212,1177,35
06037402803,3273,808,784,24
06037402804,4027,1047,1019,28
06037402902,6856,1636,1589,47
06037402903,4324,1064,1052,12
06037402904,3606,868,857,11
06037403000,6757,1567,1532,35
06037403305,2076,725,699,26
06037403316,6784,2525,2449,76
06037403317,5098,1733,1705,28
06037403318,6450,2196,2156,40
06037403319,4214,1657,1580,77
06037403320,5503,1732,1694,38
06037403321,5275,1746,1705,41
06037403323,5275,1832,1774,58
06037403324,6516,2253,2132,121
06037403325,5306,1744,1665,79
06037403326,2606,805,787,18
06037403327,2813,921,903,18
06037403328,5936,1956,1895,61
06037403401,4984,1584,1532,52
06037403402,3549,1095,1066,29
06037403403,4750,1577,1521,56
06037403404,2389,765,734,31
06037403407,2526,831,765,66
06037403408,6022,1960,1932,28
06037403409,4210,1357,1311,46
06037403500,1828,736,655,81
06037403601,7102,2357,2275,82
06037403702,3884,1337,1301,36
06037403703,4809,1604,1557,47
06037403721,5429,1805,1770,35
06037403722,5794,1871,1835,36
06037403801,6346,2125,2063,62
06037403802,5857,2041,1985,56
06037403901,3198,969,953,16
06037403902,5011,1572,1533,39
06037404000,4545,1423,1360,63
06037404100,6137,1595,1567,28
06037404201,3950,1212,1170,42
06037404203,3899,894,842,52
06037404301,5460,1595,1528,67
06037404302,2388,621,616,5
06037404401,3838,1066,1032,34
06037404402,5042,1323,1287,36
06037404501,2720,722,677,45
06037404503,2986,822,808,14
06037404504,5087,1453,1429,24
06037404600,1472,424,412,12
06037404701,5620,1311,1290,21
06037404702,5662,1465,1433,32
06037404703,2912,752,737,15
06037404804,4404,1113,1095,18
06037404805,2706,736,725,11
06037404806,5937,1499,1470,29
06037404901,5279,1267,1254,13
06037404902,3832,915,902,13
06037404903,2742,700,692,8
06037405001,5761,1372,1351,21
06037405002,2971,694,679,15
06037405101,5057,1183,1160,23
06037405102,4793,1397,1362,35
06037405201,5392,1478,1451,27
06037405202,4894,1249,1225,24
06037405203,3285,807,796,11
06037405301,3614,1184,1151,33
06037405302,5603,1633,1583,50
06037405400,4858,1328,1312,16
06037405500,6623,2031,1970,61
06037405600,5645,1747,1717,30
06037405701,3818,1105,1080,25
06037405702,5285,1620,1579,41
06037405800,5755,1740,1693,47
06037405900,4423,1406,1369,37
06037406000,5496,1763,1700,63
06037406101,3583,1389,1317,72
06037406103,8353,3030,2933,97
06037406201,3731,1395,1357,38
06037406300,5796,1990,1890,100
06037406413,7129,2176,2123,53
06037406500,7397,2335,2255,80
06037406601,5397,1569,1530,39
06037406602,4978,1350,1321,29
06037406701,3112,943,916,27
06037406702,7040,2540,2278,262
06037406801,4993,1397,1369,28
06037406903,7777,2189,2156,33
06037407001,5623,1251,1229,22
06037407002,3566,787,780,7
06037407101,4645,1174,1161,13
06037407102,5336,1286,1260,26
06037407201,3251,841,830,11
06037407202,3612,821,804,17
06037407301,4593,1087,1074,13
06037407302,3275,754,751,3
06037407400,2126,573,564,9
06037407501,4445,1088,1052,36
06037407502,4052,939,924,15
06037407601,4288,1201,1173,28
06037407602,3732,953,938,15
06037407701,4956,1271,1245,26
06037407702,6249,1737,1692,45
06037407801,4789,1105,1092,13
06037407802,3336,806,790,16
06037407901,4339,1025,1016,9
06037407902,1922,565,563,2
06037408003,4768,1331,1308,23
06037408004,2544,968,947,21
06037408005,5269,1791,1709,82
06037408006,3750,1101,1073,28
06037408133,5598,1678,1636,42
06037408134,2640,857,843,14
06037408135,3899,1272,1245,27
06037408136,3832,1104,1077,27
06037408137,4493,1570,1504,66
06037408138,6131,1407,1376,31
06037408139,4290,856,845,11
06037408140,3775,842,823,19
06037408141,5180,1247,1215,32
06037408212,4519,1377,1333,44
06037408213,5875,1865,1822,43
06037408301,6101,1499,1445,54
06037408302,4071,1105,1083,22
06037408303,4383,1275,1252,23
06037408401,4377,1276,1246,30
06037408402,6070,1859,1811,48
06037408503,6329,2031,1984,47
06037408504,5336,1718,1625,93
06037408505,2711,812,784,28
06037408623,3065,1024,997,27
06037408624,3167,1031,1014,17
06037408625,4336,1427,1389,38
06037408626,4356,1622,1518,104
06037408627,2818,947,908,39
06037408628,5146,1942,1890,52
06037408629,3005,1016,980,36
06037408631,5023,1415,1380,35
06037408703,6069,1994,1903,91
06037408705,5355,1602,1561,41
06037408707,6542,2258,2143,115
06037408722,4385,1318,1273,45
06037408724,5486,1635,1593,42
06037408725,5940,1911,1839,72
06037408800,4795,1925,1770,155
06037408900,5821,2520,2451,69
06037409000,7033,2145,2085,60
06037409100,5239,1409,1366,43
06037430003,4553,1604,1588,16
06037430004,3692,1405,1274,131
06037430005,3835,1327,1265,62
06037430101,5011,2051,1990,61
06037430102,4636,1279,1260,19
06037430200,1264,487,426,61
06037430301,4406,1753,1695,58
06037430302,5831,2513,2405,108
06037430400,4393,1552,1478,74
06037430501,4154,1842,1741,101
06037430502,7114,3253,3097,156
06037430600,4435,1543,1421,122
06037430701,5045,1935,1805,130
06037430721,3536,1332,1255,77
06037430723,4643,1851,1764,87
06037430724,5252,2030,1914,116
06037430801,6778,2464,2347,117
06037430802,4248,1399,1340,59
06037430803,5363,1859,1772,87
06037430901,4459,1753,1696,57
06037430902,5175,1938,1871,67
06037431002,3246,1404,1358,46
06037431003,3831,1616,1529,87
06037431004,3414,1413,1344,69
06037431100,7140,2650,2455,195
06037431200,6202,1593,1566,27
06037431300,2611,915,891,24
06037431400,3898,1410,1351,59
06037431501,4281,1592,1546,46
06037431502,4243,1465,1426,39
06037431600,4173,1449,1363,86
06037431701,6763,2387,2231,156
06037431800,5246,1789,1714,75
06037431900,3652,1334,1269,65
06037432001,2627,747,730,17
06037432002,5358,1828,1754,74
06037432101,4113,1421,1372,49
06037432102,5976,1905,1833,72
06037432201,4235,1278,1230,48
06037432202,4212,1252,1222,30
06037432300,3873,1170,1140,30
06037432401,3544,982,954,28
06037432402,6040,1736,1695,41
06037432501,4746,1414,1365,49
06037432502,3431,942,915,27
06037432601,6374,1711,1658,53
06037432602,4504,1190,1160,30
06037432700,5363,1494,1472,22
06037432801,2620,918,894,24
06037432802,5540,1543,1494,49
06037432901,4202,1278,1243,35
06037432902,3358,940,912,28
06037433103,6692,1844,1798,46
06037433200,6088,1680,1655,25
06037433302,1701,450,440,10
06037433304,4595,1351,1318,33
06037433305,4622,1191,1160,31
06037433306,3111,766,744,22
06037433307,3220,866,850,16
06037433402,4184,1116,1099,17
06037433403,4783,1316,1292,24
06037433505,4486,1118,1093,25
06037433506,3971,1088,1051,37
06037433601,4586,1320,1279,41
06037433602,2858,867,843,24
06037433803,3037,882,864,18
06037433804,4497,1089,1059,30
06037433901,5097,1313,1285,28
06037433903,5619,1436,1385,51
06037434001,4715,1101,1066,35
06037434003,4093,991,966,25
06037434004,2746,658,645,13
06037434100,6509,1632,1587,45
06037460001,1609,622,588,34
06037460002,3283,1246,1210,36
06037460101,5846,2447,2353,94
06037460200,5561,2194,2105,89
06037460301,4733,1747,1687,60
06037460302,4273,1437,1383,54
06037460401,1063,387,379,8
06037460501,5555,1926,1851,75
06037460502,4495,1501,1456,45
06037460601,5488,1936,1858,78
06037460700,5035,1755,1674,81
06037460800,3219,1364,1310,54
06037460900,6893,2132,2047,85
06037461000,5817,1778,1720,58
06037461100,4894,1775,1671,104
06037461200,4555,1787,1730,57
06037461300,6533,2625,2516,109
06037461400,2939,1394,1295,99
06037461501,3508,1326,1262,64
06037461502,5748,1669,1617,52
06037461600,5435,1809,1736,73
06037461700,1492,709,681,28
06037461901,4609,1716,1642,74
06037461902,2142,1344,1166,178
06037462001,3501,1204,1142,62
06037462002,3801,1274,1229,45
06037462100,4877,1846,1770,76
06037462201,3711,1931,1847,84
06037462202,3348,2156,1787,369
06037462301,4407,1856,1768,88
06037462302,3314,1665,1605,60
06037462400,4040,1664,1589,75
06037462500,6157,2514,2412,102
06037462600,2293,919,885,34
06037462700,5727,2504,2355,149
06037462800,2939,1233,1177,56
06037462900,3775,1452,1402,50
06037463000,2706,1206,1150,56
06037463103,6074,2234,2088,146
06037463200,3478,1540,1467,73
06037463300,2101,977,929,48
06037463400,5918,2879,2661,218
06037463500,5523,2994,2773,221
06037463601,6231,3645,3388,257
06037463602,5728,3676,3423,253
06037463700,3912,2254,2036,218
06037463800,3953,1714,1631,83
06037463900,3418,1704,1583,121
06037464000,5832,2851,2685,166
06037464101,2770,1011,937,74
06037464102,3989,1458,1357,101
06037464200,5747,2010,1911,99
06037480002,3416,1189,1131,58
06037480011,5238,1922,1791,131
06037480012,4917,1746,1658,88
06037480101,4107,1349,1291,58
06037480102,4325,1522,1455,67
06037480201,3923,1392,1353,39
06037480202,2518,944,893,51
06037480302,4380,1811,1696,115
06037480303,3806,1507,1439,68
06037480304,4263,1928,1835,93
06037480400,5698,2430,2309,121
06037480500,5543,2269,2155,114
06037480601,4241,1897,1791,106
06037480602,4183,1783,1692,91
06037480702,4723,1799,1720,79
06037480703,3410,1370,1306,64
06037480704,4843,2028,1949,79
06037480802,3079,1054,1024,30
06037480803,3418,1303,1254,49
06037480804,4866,1946,1853,93
06037480901,4611,1733,1658,75
06037480902,4024,1460,1413,47
06037480903,3023,1046,1005,41
06037481001,4271,1609,1507,102
06037481002,5878,2389,2276,113
06037481101,4100,1523,1451,72
06037481102,4083,1570,1487,83
06037481103,5340,1755,1681,74
06037481201,3786,1244,1189,55
06037481203,6375,2106,2015,91
06037481300,2938,845,827,18
06037481401,5725,1938,1854,84
06037481403,2933,948,913,35
06037481404,3934,1277,1224,53
06037481500,4344,1566,1514,52
06037481603,3737,1362,1316,46
06037481604,3863,1390,1352,38
06037481605,3178,1095,1059,36
06037481606,4824,1680,1616,64
06037481711,4606,1504,1450,54
06037481712,5076,1723,1670,53
06037481713,2731,1053,931,122
06037481714,2485,971,935,36
06037481800,2587,917,883,34
06037481901,5721,2011,1957,54
06037481902,3297,1229,1193,36
06037482001,2719,1065,1020,45
06037482002,7194,2728,2588,140
06037482101,4771,1624,1570,54
06037482102,2846,1005,974,31
06037482201,3808,1371,1309,62
06037482202,5184,1678,1618,60
06037482301,4989,1420,1373,47
06037482303,5482,1571,1524,47
06037482304,3409,936,908,28
06037482401,3535,987,969,18
06037482403,3310,932,894,38
06037482404,2901,1068,1036,32
06037482502,3213,896,871,25
06037482503,3957,1089,1054,35
06037482521,5577,1626,1561,65
06037482522,4455,1628,1583,45
06037482600,7182,2560,2490,70
06037482701,4096,1429,1375,54
06037482702,2404,835,806,29
06037482801,4193,1382,1331,51
06037500100,3729,1305,1235,70
06037500202,4982,1678,1631,47
06037500203,4188,1328,1304,24
06037500204,2343,836,799,37
06037500300,3024,1168,1157,11
06037500402,4566,1250,1223,27
06037500403,4025,1070,1055,15
06037500404,4767,1351,1318,33
06037500500,2954,926,909,17
06037500600,5438,1414,1344,70
06037500700,6582,1784,1763,21
06037500800,5333,1473,1444,29
06037500900,5602,1683,1653,30
06037501001,3023,763,746,17
06037501002,4882,1451,1422,29
06037501200,5114,1551,1514,37
06037501301,3020,1050,1021,29
06037501302,4476,1562,1505,57
06037501400,3826,1343,1271,72
06037501501,2411,935,870,65
06037501503,5215,2111,2030,81
06037501504,3580,1656,1535,121
06037501600,6863,2390,2317,73
06037501700,4114,1429,1366,63
06037501802,3438,1294,1234,60
06037501803,4687,1627,1562,65
06037501804,2247,808,763,45
06037501900,4336,1382,1360,22
06037502003,2745,814,796,18
06037502004,4088,1042,1017,25
06037502005,4382,1293,1259,34
06037502100,5079,1594,1572,22
06037502200,6477,1878,1853,25
06037502303,8396,2209,2164,45
06037502401,4772,1335,1310,25
06037502402,3789,1005,993,12
06037502500,4124,1120,1094,26
06037502602,4377,1415,1339,76
06037502603,3407,881,870,11
06037502604,3662,976,967,9
06037502700,7682,2066,2045,21
06037502801,6347,1811,1791,20
06037502901,5449,1417,1410,7
06037503000,5675,1273,1248,25
06037503103,4774,1158,1131,27
06037503104,2561,635,628,7
06037503105,3618,1109,1026,83
06037503106,3822,1141,1089,52
06037503201,4002,1172,1141,31
06037503202,4350,1318,1294,24
06037503301,3488,1102,1092,10
06037503302,6295,1935,1889,46
06037503401,7036,2478,2419,59
06037503402,4631,1484,1456,28
06037503501,6485,2027,1989,38
06037503502,4297,1292,1273,19
06037503601,4189,1285,1254,31
06037503602,3838,1266,1244,22
06037503701,4941,1661,1618,43
06037503702,5453,1806,1752,54
06037503704,4598,1987,1940,47
06037503705,3222,1215,1183,32
06037503801,4085,1272,1237,35
06037503802,5139,1769,1735,34
06037503901,2799,877,863,14
06037503902,4663,1452,1423,29
06037504001,5053,1248,1206,42
06037504002,5327,1584,1553,31
06037504101,5095,1502,1466,36
06037504200,7528,2688,2585,103
06037530005,4191,1495,1471,24
06037530006,4295,1539,1499,40
06037530007,6651,2255,2199,56
06037530101,5333,1776,1712,64
06037530102,4994,1717,1690,27
06037530202,4056,1270,1230,40
06037530203,3357,1112,1076,36
06037530204,3528,1186,1121,65
06037530301,2308,624,607,17
06037530302,6375,1857,1805,52
06037530400,4066,1367,1324,43
06037530500,4270,1186,1158,28
06037530603,4440,1302,1235,67
06037530700,2175,567,540,27
06037530801,5511,1506,1420,86
06037530802,3240,961,916,45
06037530901,3674,921,894,27
06037530902,3820,1156,1103,53
06037531000,5109,1378,1333,45
06037531101,4589,1240,1193,47
06037531102,3233,908,867,41
06037531201,4855,1245,1207,38
06037531202,4518,1210,1175,35
06037531301,5365,1399,1348,51
06037531302,6411,1549,1530,19
06037531502,3279,818,802,16
06037531503,2985,784,762,22
06037531504,4033,1106,1067,39
06037531602,4134,1179,1143,36
06037531603,3285,882,859,23
06037531604,3453,929,907,22
06037531701,5498,1406,1367,39
06037531702,4564,1303,1263,40
06037531800,4740,1335,1300,35
06037531901,6228,1773,1720,53
06037531902,3953,1161,1143,18
06037532001,3296,1088,1062,26
06037532002,3254,1005,980,25
06037532101,6686,1890,1848,42
06037532102,3835,1095,1073,22
06037532200,6599,1839,1788,51
06037532302,4452,1158,1126,32
06037532303,4364,1303,1280,23
06037532304,3660,1142,1122,20
06037532500,3838,1155,1132,23
06037532605,3812,1184,1145,39
06037532606,4125,1309,1272,37
06037532607,5694,1547,1505,42
06037532700,2878,711,684,27
06037532800,4204,1024,983,41
06037532900,6358,1629,1573,56
06037533001,4439,1127,1088,39
06037533002,2370,619,598,21
06037533103,3233,890,856,34
06037533104,3923,1288,1252,36
06037533105,2423,661,645,16
06037533108,5133,1442,1403,39
06037533201,2602,698,688,10
06037533204,4143,1129,1103,26
06037533300,3172,862,841,21
06037533401,4677,1206,1193,13
06037533402,3902,1054,1028,26
06037533403,2778,748,724,24
06037533501,2958,782,771,11
06037533504,3848,1016,996,20
06037533601,4414,1193,1163,30
06037533602,5024,1449,1416,33
06037533603,6106,1798,1760,38
06037533701,3207,915,897,18
06037533702,3380,874,857,17
06037533703,4022,1037,1018,19
06037533803,6152,1718,1662,56
06037533804,4331,1199,1181,18
06037533805,3493,968,949,19
06037533806,3941,1064,1043,21
06037533901,5864,1492,1466,26
06037533902,3840,1028,1013,15
06037534001,5132,1327,1292,35
06037534002,4130,1026,1002,24
06037534101,2100,529,512,17
06037534102,5742,1529,1494,35
06037534201,4232,1082,1053,29
06037534202,5373,1351,1315,36
06037534203,3088,828,810,18
06037534301,4423,1187,1156,31
06037534302,3662,853,846,7
06037534403,2874,751,742,9
06037534404,3555,976,959,17
06037534405,4059,1024,1005,19
06037534406,4238,1063,1037,26
06037534501,5077,1332,1308,24
06037534502,4074,1061,1042,19
06037534700,4108,981,958,23
06037534802,2759,704,677,27
06037534803,4629,1190,1167,23
06037534804,3718,943,924,19
06037534900,6241,1525,1492,33
06037535001,4152,1034,1010,24
06037535002,3318,820,809,11
06037535101,7329,1789,1735,54
06037535102,4557,1067,1043,24
06037535200,6031,1369,1332,37
06037535300,6511,1484,1459,25
06037535400,3595,777,757,20
06037535501,3711,1037,1004,33
06037535502,4740,1276,1243,33
06037535503,2370,677,668,9
06037535603,4111,1126,1090,36
06037535604,4213,1049,1024,25
06037535605,4042,1134,1112,22
06037535606,1833,490,475,15
06037535607,4521,1137,1115,22
06037535701,6001,1581,1547,34
06037535702,5429,1434,1414,20
06037535802,6481,1735,1715,20
06037535803,4242,1145,1107,38
06037535804,5209,1407,1386,21
06037535901,5682,1473,1451,22
06037535902,6236,1591,1567,24
06037536000,3471,1020,1000,20
06037536102,3343,1104,1085,19
06037536103,5438,1476,1438,38
06037536104,4127,1147,1129,18
06037536201,3583,932,915,17
06037536202,3949,1113,1092,21
06037540000,6678,1601,1574,27
06037540101,6281,1508,1487,21
06037540102,6833,1575,1548,27
06037540201,2113,577,561,16
06037540202,6497,1646,1614,32
06037540203,5135,1328,1299,29
06037540300,4997,1196,1177,19
06037540400,2224,490,482,8
06037540501,6411,1134,1103,31
06037540502,6131,1522,1474,48
06037540600,4440,1190,1135,55
06037540700,3544,946,922,24
06037540800,6321,1761,1712,49
06037540901,5324,1308,1271,37
06037540902,4918,1432,1409,23
06037541003,4863,1436,1396,40
06037541100,3370,945,924,21
06037541200,6048,1906,1865,41
06037541300,6166,1510,1475,35
06037541401,3848,954,928,26
06037541402,3801,835,810,25
06037541500,5675,1338,1301,37
06037541603,2748,657,650,7
06037541604,5993,1492,1445,47
06037541605,5132,1323,1279,44
06037541606,2415,602,574,28
06037541700,6278,1439,1419,20
06037541801,5529,1357,1338,19
06037541802,5293,1169,1163,6
06037542000,5358,1302,1262,40
06037542103,4019,924,901,23
06037542104,3475,737,712,25
06037542105,4743,1113,1082,31
06037542106,3532,841,829,12
06037542200,6898,1614,1599,15
06037542401,5049,1278,1256,22
06037542402,3127,809,784,25
06037542501,4283,1191,1167,24
06037542502,4310,1329,1277,52
06037542601,2810,713,688,25
06037542602,5608,1532,1473,59
06037542700,5684,1369,1330,39
06037542800,3336,911,900,11
06037542900,3184,760,743,17
06037543000,4684,1267,1246,21
06037543100,6988,1808,1770,38
06037543201,3687,973,937,36
06037543203,4873,1204,1171,33
06037543304,6339,2049,2017,32
06037543305,3251,1067,1056,11
06037543306,6778,1935,1916,19
06037543321,6034,1966,1926,40
06037543322,6844,2186,2154,32
06037543400,4132,1017,998,19
06037543501,7053,2326,2260,66
06037543502,4424,1518,1468,50
06037543503,6080,1950,1879,71
06037543601,3887,1121,1105,16
06037543603,3903,1538,1495,43
06037543605,4609,1786,1738,48
06037543606,3854,1347,1293,54
06037543607,5502,1466,1455,11
06037543701,2845,666,655,11
06037543703,3429,1067,1018,49
06037543704,3284,841,832,9
06037543705,3624,1113,1091,22
06037543801,5093,1497,1455,42
06037543803,5173,1751,1698,53
06037543804,4835,772,758,14
06037543903,4090,1238,1218,20
06037543905,4344,1024,1004,20
06037544001,4689,1229,1211,18
06037544002,3172,878,867,11
06037550101,3974,1028,1021,7
06037550201,2853,807,797,10
06037550202,5358,1445,1421,24
06037550301,4147,1213,1145,68
06037550501,3604,1133,1107,26
06037550502,4248,1325,1272,53
06037550601,5861,1864,1802,62
06037550602,4444,1312,1286,26
06037550700,7215,2149,2105,44
06037550801,4684,1506,1477,29
06037550802,2632,780,744,36
06037550901,4497,1568,1531,37
06037550902,5675,2046,1969,77
06037551001,3920,1231,1199,32
06037551002,3765,1233,1192,41
06037551101,3966,1259,1224,35
06037551102,5451,1807,1755,52
06037551201,3673,1171,1137,34
06037551203,3737,1087,1068,19
06037551204,4067,1140,1090,50
06037551300,5450,1994,1892,102
06037551401,4425,1466,1421,45
06037551402,4567,1385,1346,39
06037551501,4920,1596,1556,40
06037551502,4255,1285,1258,27
06037551700,6340,1800,1763,37
06037551801,3225,1010,981,29
06037551802,4373,1479,1410,69
06037551900,5561,1531,1502,29
06037552001,4041,1021,1008,13
06037552002,3419,1052,986,66
06037552100,5995,1937,1915,22
06037552200,6474,1874,1819,55
06037552301,4471,1307,1279,28
06037552302,3599,1273,1240,33
06037552400,2518,603,596,7
06037552601,5227,1184,1160,24
06037552602,4132,1142,1122,20
06037552700,6885,1790,1752,38
06037552800,6267,1679,1656,23
06037552900,7018,2046,1996,50
06037553000,4866,1248,1228,20
06037553100,6536,2041,1997,44
06037553201,3756,1001,986,15
06037553202,3620,1027,1021,6
06037553300,3530,1085,1063,22
06037553400,3926,1053,1031,22
06037553502,4147,1340,1294,46
06037553503,2730,779,758,21
06037553504,5320,1382,1353,29
06037553601,4839,1289,1263,26
06037553602,4922,1395,1337,58
06037553701,3861,951,932,19
06037553702,4606,1131,1110,21
06037553801,4021,1087,1060,27
06037553802,6601,2039,2009,30
06037553901,6709,1782,1748,34
06037553902,5977,1686,1644,42
06037554001,4426,1248,1233,15
06037554002,6135,1918,1876,42
06037554101,3778,1131,1080,51
06037554105,4509,1616,1570,46
06037554106,4368,1288,1249,39
06037554201,4096,1210,1192,18
06037554203,3635,1218,1171,47
06037554204,4600,1782,1742,40
06037554301,3499,1061,1037,24
06037554302,4072,1243,1220,23
06037554403,5602,1801,1751,50
06037554404,4509,1433,1391,42
06037554405,3328,1328,1296,32
06037554406,5191,1789,1756,33
06037554511,4013,1239,1223,16
06037554512,6583,2264,2193,71
06037554513,2540,841,822,19
06037554514,4496,1513,1482,31
06037554515,3641,1210,1188,22
06037554516,3821,1220,1210,10
06037554517,4737,1565,1527,38
06037554518,5365,1681,1652,29
06037554519,3489,1249,1218,31
06037554521,5987,2036,1978,58
06037554522,4906,1556,1526,30
06037554600,4311,1371,1338,33
06037554700,4503,1027,1014,13
06037554801,3281,776,759,17
06037554802,6045,1808,1749,59
06037554900,7069,2161,2092,69
06037555001,5579,1622,1596,26
06037555002,3563,1196,1160,36
06037555105,6245,1829,1768,61
06037555106,3696,1090,1065,25
06037555107,5729,1963,1929,34
06037555202,3551,1188,1162,26
06037555211,5773,1386,1373,13
06037555212,4680,1331,1297,34
06037555300,3980,1051,1025,26
06037570001,4430,1538,1488,50
06037570002,2883,916,897,19
06037570003,4617,1479,1452,27
06037570100,2950,769,756,13
06037570202,6122,1639,1609,30
06037570203,4051,1220,1179,41
06037570204,4133,1169,1134,35
06037570303,3925,1201,1140,61
06037570304,5007,1534,1491,43
06037570305,5291,1809,1749,60
06037570306,3010,905,877,28
06037570402,3391,984,971,13
06037570403,4556,1239,1170,69
06037570404,3509,881,868,13
06037570502,6558,1877,1831,46
06037570503,3789,1081,1055,26
06037570504,3903,1100,1072,28
06037570601,5235,1630,1562,68
06037570602,6557,1906,1867,39
06037570603,5391,1834,1782,52
06037570701,6993,2694,2610,84
06037570703,3473,1136,1116,20
06037570800,5661,1931,1893,38
06037570901,5747,1937,1915,22
06037570902,3653,1295,1259,36
06037571000,5792,2037,2001,36
06037571101,4654,1614,1586,28
06037571102,4006,1377,1347,30
06037571201,3775,1539,1500,39
06037571202,4459,1729,1660,69
06037571300,4638,1621,1582,39
06037571400,4950,1775,1745,30
06037571502,5067,1876,1829,47
06037571504,4935,1923,1857,66
06037571505,2969,1012,987,25
06037571600,2180,840,831,9
06037571701,6495,2004,1938,66
06037571703,3505,1132,1092,40
06037571704,3947,1221,1195,26
06037571800,3229,1379,1321,58
06037571900,5769,2424,2316,108
06037572001,5434,2256,2167,89
06037572201,6141,2084,2043,41
06037572202,3848,1116,1091,25
06037572301,3840,1001,964,37
06037572500,4244,1706,1632,74
06037572600,5276,1317,1298,19
06037572700,5405,1417,1385,32
06037573002,3484,1168,1116,52
06037573003,1790,658,635,23
06037573004,4670,1652,1605,47
06037573101,4220,1367,1341,26
06037573102,3245,1114,1086,28
06037573201,4606,1428,1354,74
06037573202,6250,1749,1701,48
06037573300,4068,1130,1082,48
06037573401,1575,586,564,22
06037573402,6827,2691,2572,119
06037573403,3446,1472,1425,47
06037573601,6441,2345,2300,45
06037573700,4790,1768,1727,41
06037573800,4371,1575,1544,31
06037573902,2263,924,907,17
06037574000,5322,2009,1963,46
06037574100,5251,1975,1926,49
06037574201,3287,1132,1118,14
06037574202,2206,783,757,26
06037574300,6044,2292,2240,52
06037574400,5420,1989,1942,47
06037574500,6533,2362,2310,52
06037574602,1243,584,556,28
06037574800,3165,1607,1525,82
06037574901,3829,1456,1428,28
06037574902,5192,2047,1802,245
06037575001,4144,1898,1821,77
06037575002,4760,2010,1917,93
06037575101,4568,1534,1490,44
06037575102,4064,1279,1215,64
06037575103,5088,2099,1975,124
06037575201,4664,1508,1449,59
06037575202,4278,1295,1227,68
06037575300,4545,1430,1366,64
06037575401,4530,1303,1254,49
06037575402,3454,1054,1016,38
06037575801,1961,741,706,35
06037575802,4544,1702,1626,76
06037575803,2684,1333,1249,84
06037575901,3278,1476,1417,59
06037575902,5622,3659,3225,434
06037576001,5921,4316,3651,665
06037576200,7148,3279,3070,209
06037576301,4564,2063,1967,96
06037576302,3901,1318,1244,74
06037576401,4060,1294,1246,48
06037576402,4705,1413,1351,62
06037576403,4830,1560,1494,66
06037576501,3094,1556,1413,143
06037576502,4190,2163,2051,112
06037576503,4093,1865,1775,90
06037576601,4770,3126,2793,333
06037576602,4403,2906,2620,286
06037576700,4153,2347,2198,149
06037576801,4286,2209,2080,129
06037576802,3989,2008,1904,104
06037576901,5366,1949,1852,97
06037576903,3814,1456,1396,60
06037576904,3239,1319,1245,74
06037577000,7264,3418,3257,161
06037577100,7051,3621,3415,206
06037577200,5750,3412,3213,199
06037577300,5535,3546,3251,295
06037577400,3173,1833,1699,134
06037577501,3440,1808,1666,142
06037577504,1393,896,767,129
06037577602,3370,1864,1735,129
06037577604,1300,868,789,79
06037577605,4799,2311,2178,133
06037577606,3547,1666,1576,90
06037577700,4672,1178,1145,33
06037577800,5085,1382,1362,20
06037577900,5481,2187,2061,126
06037578000,7189,1876,1784,92
06037578100,2094,22,16,6
06037599000,3322,2145,1330,815
06037599100,553,296,163,133
06037600100,7098,2221,2141,80
06037600201,4690,1426,1342,84
06037600202,7071,2290,2197,93
06037600302,3472,1156,1105,51
06037600303,3813,1234,1170,64
06037600304,3781,1144,1094,50
06037600400,3988,1519,1472,47
06037600501,2632,961,942,19
06037600601,2571,1008,968,40
06037600602,2370,812,751,61
06037600702,4182,1560,1512,48
06037600703,2326,1189,1151,38
06037600704,3010,1301,1247,54
06037600801,3206,1296,1244,52
06037600802,2643,1211,1150,61
06037600902,6798,2706,2612,94
06037600911,3282,1200,1133,67
06037600912,5174,1584,1553,31
06037601001,2274,1097,1060,37
06037601002,5457,2198,2097,101
06037601100,6159,2190,2068,122
06037601202,3832,1084,1058,26
06037601211,2833,1128,1076,52
06037601212,6319,2189,2108,81
06037601301,1958,818,787,31
06037601302,6785,2999,2842,157
06037601303,4959,2153,2039,114
06037601401,5012,1984,1897,87
06037601402,4782,1372,1320,52
06037601501,3500,1067,1031,36
06037601502,3374,901,881,20
06037601600,4164,1130,1088,42
06037601700,4931,1321,1281,40
06037601801,3462,876,855,21
06037601802,3896,1018,986,32
06037601900,5091,1345,1308,37
06037602002,3007,905,881,24
06037602003,4759,1353,1306,47
06037602103,6931,2286,2182,104
06037602104,5541,1795,1734,61
06037602105,4302,1454,1399,55
06037602106,5693,2270,2209,61
06037602201,4552,1833,1750,83
06037602202,3112,1057,1032,25
06037602301,6188,2041,1973,68
06037602302,5300,2153,2105,48
06037602402,6812,2302,2238,64
06037602403,5172,1795,1700,95
06037602404,5848,2042,1942,100
06037602504,4670,1878,1824,54
06037602505,4427,1725,1673,52
06037602506,4429,1773,1721,52
06037602507,5321,2040,1963,77
06037602510,3510,1190,1154,36
06037602511,3602,1347,1315,32
06037602512,2442,626,608,18
06037602513,1590,524,511,13
06037602601,4784,1770,1713,57
06037602602,3339,1132,1107,25
06037602700,3674,1298,1268,30
06037602801,4391,1355,1319,36
06037602802,4365,1343,1295,48
06037602900,4293,1357,1310,47
06037603004,1846,758,737,21
06037603005,5628,2010,1925,85
06037603006,2272,908,865,43
06037603007,4080,1400,1358,42
06037603008,3186,1055,1013,42
06037603101,4448,1667,1595,72
06037603102,4034,1508,1456,52
06037603200,3199,1319,1255,64
06037603301,3914,1625,1547,78
06037603302,4454,1809,1738,71
06037603400,4504,1616,1558,58
06037603500,3083,1015,983,32
06037603600,3963,1444,1411,33
06037603702,4993,1641,1594,47
06037603703,2572,848,833,15
06037603705,2589,937,913,24
06037603706,3624,1282,1235,47
06037603801,4630,1514,1478,36
06037603802,3937,1200,1166,34
06037603901,4013,1412,1370,42
06037603902,3288,1063,1030,33
06037604001,4241,1334,1299,35
06037604002,4863,1661,1594,67
06037604101,3973,1208,1173,35
06037604102,2862,894,863,31
06037604200,6255,1840,1783,57
06037609900,1804,623,596,27
06037620001,4029,1664,1593,71
06037620002,3629,1637,1563,74
06037620101,5667,2362,2270,92
06037620102,3885,1817,1729,88
06037620201,1550,994,894,100
06037620301,4753,1697,1635,62
06037620303,4704,1725,1648,77
06037620305,6114,3180,2736,444
06037620400,5360,2160,2064,96
06037620501,5786,2181,2103,78
06037620521,4313,1750,1677,73
06037620522,5068,2017,1943,74
06037620601,5869,2533,2438,95
06037620602,5454,2133,2069,64
06037620701,6991,3027,2925,102
06037620703,3666,1374,1333,41
06037620704,3727,1334,1304,30
06037620801,4372,1564,1497,67
06037620802,3185,1246,1192,54
06037620901,2639,1034,958,76
06037620904,2829,1394,1184,210
06037621001,4346,1994,1891,103
06037621005,5547,3057,2706,351
06037621102,3049,1285,1223,62
06037621104,6786,3702,3427,275
06037621201,8259,2807,2689,118
06037621204,3110,2200,1946,254
06037621301,7291,3189,3060,129
06037621324,3849,2331,2097,234
06037621326,3348,1971,1849,122
06037621400,4845,2152,2039,113
06037650001,5825,2279,2224,55
06037650003,3237,1321,1296,25
06037650004,4262,1689,1639,50
06037650101,5771,2152,2065,87
06037650102,2185,780,751,29
06037650200,5831,1956,1918,38
06037650300,6898,2651,2575,76
06037650401,4450,1555,1517,38
06037650501,3024,1079,1060,19
06037650502,4260,1618,1592,26
06037650603,3904,1583,1523,60
06037650604,5647,2563,2494,69
06037650605,2908,1169,1148,21
06037650606,4502,1896,1756,140
06037650607,2910,1128,1082,46
06037650701,2626,1047,1014,33
06037650702,4521,1614,1578,36
06037650801,4126,1746,1666,80
06037650802,3483,1516,1442,74
06037650901,5976,2751,2635,116
06037650903,4499,1699,1642,57
06037650904,2673,1097,1070,27
06037651001,5776,1991,1921,70
06037651002,4741,1794,1755,39
06037651101,5050,1873,1809,64
06037651102,3750,1823,1735,88
06037651201,4876,1755,1701,54
06037651221,3412,1463,1410,53
06037651222,6123,2517,2346,171
06037651302,6234,2554,2452,102
06037651304,4987,2576,2436,140
06037651401,2585,1185,1132,53
06037651402,6012,2354,2270,84
06037670001,3417,1385,1348,37
06037670002,3906,1564,1507,57
06037670003,6163,2524,2425,99
06037670101,3394,1402,1337,65
06037670102,4041,1718,1656,62
06037670201,4050,1635,1529,106
06037670202,2626,951,920,31
06037670324,5160,2110,2012,98
06037670326,3702,1450,1371,79
06037670328,4485,1731,1634,97
06037670405,2957,1256,1206,50
06037670406,1857,723,693,30
06037670407,5913,2341,2258,83
06037670413,4825,1882,1807,75
06037670416,4074,1645,1536,109
06037670417,2866,1080,1027,53
06037670418,4207,1551,1493,58
06037670500,1739,702,639,63
06037670603,1872,712,678,34
06037670604,5356,2373,2200,173
06037670701,6524,2366,2299,67
06037670702,5555,2101,2015,86
06037700101,5785,3973,3668,305
06037700102,4448,2970,2778,192
06037700200,6602,4847,4447,400
06037700300,5754,4202,3895,307
06037700400,5140,3509,3214,295
06037700501,3586,2777,2412,365
06037700502,4442,3543,3162,381
06037700600,5032,2015,1779,236
06037700700,3111,1221,1080,141
06037700801,4941,2847,2530,317
06037700802,3892,2115,1912,203
06037700901,3863,1687,1532,155
06037700902,6561,3461,3157,304
06037701000,5301,2896,2574,322
06037701201,4228,1699,1563,136
06037701202,3498,1952,1784,168
06037701302,4951,3122,2851,271
06037701304,6462,3632,3173,459
06037701402,6494,4666,4114,552
06037701501,5283,2987,2752,235
06037701502,3665,1990,1792,198
06037701601,4175,1915,1763,152
06037701602,4356,2174,2022,152
06037701701,3543,1960,1798,162
06037701702,3326,2083,1897,186
06037701801,5973,3000,2738,262
06037701802,4207,2050,1893,157
06037701902,5478,3960,3291,669
06037702002,5989,3776,3364,412
06037702102,6447,4073,3772,301
06037702201,4475,2363,2187,176
06037702202,3890,1805,1701,104
06037702300,6603,3166,2967,199
06037702400,4677,2193,2045,148
06037702501,4952,2248,2111,137
06037702502,4320,2140,2078,62
06037702600,6459,2368,2292,76
06037702700,3798,1351,1304,47
06037702801,5272,2237,2124,113
06037702802,2278,920,879,41
06037702803,2986,1290,1153,137
06037702900,11373,8065,6818,1247
06037703002,6907,2975,2840,135
06037703003,6037,3094,2947,147
06037703100,5619,2435,2341,94
06037703200,5800,2401,2330,71
06037800101,5476,2035,1975,60
06037800103,3540,1425,1337,88
06037800104,3795,1730,1584,146
06037800202,6044,2185,2045,140
06037800204,4595,1871,1783,88
06037800205,3816,1710,1642,68
06037800206,3047,1061,1008,53
06037800324,6763,2435,2395,40
06037800325,3387,1588,1486,102
06037800328,1291,431,418,13
06037800333,2738,1263,1186,77
06037800334,3749,1327,1301,26
06037800335,5189,2236,2087,149
06037800336,2934,1133,1077,56
06037800337,3373,1622,1523,99
06037800338,6013,2090,2056,34
06037800406,1673,1046,679,367
06037800410,3847,786,587,199
06037800411,2415,1185,932,253
06037800412,3437,2081,1437,644
06037800504,2261,1541,1023,518
06037800506,2954,1643,1322,321
06037900102,830,401,315,86
06037900103,6708,1867,1806,61
06037900104,6556,1929,1858,71
06037900301,3957,1038,1002,36
06037900501,7610,2213,2128,85
06037900504,7557,2297,2229,68
06037900505,4548,1376,1344,32
06037900506,4944,1454,1436,18
06037900508,4543,1217,1190,27
06037900509,4693,1439,1401,38
06037900510,4015,1066,1041,25
06037900602,6016,1745,1698,47
06037900606,4090,1273,1207,66
06037900607,4263,1344,1269,75
06037900608,3845,1093,1063,30
06037900609,5805,1765,1731,34
06037900610,3929,1323,1281,42
06037900611,4352,1147,1131,16
06037900701,5591,1869,1787,82
06037900703,4667,2033,1920,113
06037900704,3584,1756,1653,103
06037900705,4939,2268,2113,155
06037900804,3895,1173,1125,48
06037900805,5626,1692,1627,65
06037900806,4562,2208,2103,105
06037900807,4566,1383,1351,32
06037900808,4590,1359,1310,49
06037900901,2951,1051,1016,35
06037900902,1674,705,649,56
06037901003,3278,0,0,0
06037901007,2127,766,723,43
06037901008,3093,1063,1025,38
06037901009,5741,2032,1975,57
06037901010,6185,2082,2031,51
06037901011,5374,2127,2044,83
06037901012,5314,1430,1399,31
06037901013,4431,1385,1362,23
06037901014,5270,1647,1610,37
06037901101,6257,2060,1995,65
06037901102,5703,1974,1901,73
06037901209,1370,729,568,161
06037901210,1516,674,632,42
06037901214,4519,1342,1306,36
06037901215,4112,1743,1718,25
06037901216,2733,874,847,27
06037901217,1529,646,614,32
06037901218,2462,818,770,48
06037901300,2011,757,672,85
06037910002,7697,2290,2179,111
06037910210,7399,2292,2261,31
06037910211,1916,582,574,8
06037910212,3403,1222,1142,80
06037910213,1285,465,428,37
06037910214,6336,1825,1790,35
06037910215,7110,2117,2067,50
06037910216,4722,1450,1416,34
06037910217,5873,1610,1588,22
06037910218,4413,1642,1524,118
06037910301,4392,1585,1517,68
06037910302,6514,2267,2227,40
06037910401,6368,2219,2157,62
06037910404,4370,1286,1246,40
06037910405,6149,1892,1814,78
06037910501,6344,2459,2340,119
06037910502,4481,1314,1287,27
06037910504,4857,1315,1292,23
06037910505,3456,933,914,19
06037910601,7226,1836,1783,53
06037910602,4428,1525,1447,78
06037910605,5134,1400,1372,28
06037910606,3222,850,826,24
06037910607,3946,1209,1175,34
06037910608,3550,972,956,16
06037910706,6553,1648,1610,38
06037910707,5968,1908,1846,62
06037910709,1818,550,530,20
06037910712,3155,799,788,11
06037910713,6055,1536,1510,26
06037910714,3934,974,953,21
06037910715,7105,2071,2000,71
06037910716,6636,1817,1789,28
06037910717,2403,587,574,13
06037910718,5861,1469,1448,21
06037910719,4484,1052,1040,12
06037910720,5194,1580,1543,37
06037910721,3330,933,912,21
06037910804,3338,1219,1167,52
06037910807,6092,1932,1897,35
06037910808,3494,1174,1155,19
06037910809,2337,787,767,20
06037910810,2685,822,807,15
06037910814,3601,1387,1313,74
06037910815,5142,2072,1895,177
06037911001,3958,1790,1582,208
06037911100,7827,2084,1975,109
06037920013,7801,2517,2481,36
06037920015,6724,2175,2154,21
06037920016,4423,1392,1379,13
06037920017,4241,1454,1426,28
06037920018,2184,770,768,2
06037920020,7009,2243,2211,32
06037920028,8017,2514,2494,20
06037920029,5931,2145,2069,76
06037920030,5399,1886,1846,40
06037920031,4850,2316,2247,69
06037920034,4152,1391,1317,74
06037920035,8172,2449,2402,47
06037920038,2629,964,945,19
06037920039,1808,597,588,9
06037920040,5045,1552,1497,55
06037920041,1473,485,472,13
06037920042,7762,2899,2830,69
06037920043,8832,2661,2564,97
06037920044,2737,933,924,9
06037920045,4438,1450,1433,17
06037920046,2914,1188,1158,30
06037920047,6676,2136,2051,85
06037920048,6307,1846,1812,34
06037920049,5777,1737,1683,54
06037920050,1328,622,546,76
06037920102,5115,2002,1873,129
06037920104,2732,889,863,26
06037920106,3096,952,912,40
06037920109,5766,2272,2207,65
06037920110,3098,1057,1035,22
06037920111,3053,1047,1032,15
06037920112,4220,1626,1598,28
06037920114,6331,2441,2349,92
06037920115,4144,1630,1599,31
06037920116,5057,1666,1648,18
06037920118,5931,1827,1811,16
06037920119,1833,516,507,9
06037920120,4192,1110,1094,16
06037920121,10332,3290,3218,72
06037920200,5584,0,0,0
06037920303,1593,659,622,37
06037920312,5933,2329,2250,79
06037920313,5304,1693,1661,32
06037920314,3142,1049,1031,18
06037920322,2998,1136,1119,17
06037920326,7212,2888,2731,157
06037920328,1987,978,883,95
06037920329,6723,2916,2826,90
06037920330,4166,1889,1846,43
06037920331,3751,1343,1330,13
06037920332,1950,685,664,21
06037920334,6363,2392,2338,54
06037920338,5642,1748,1724,24
06037920339,8114,2727,2670,57
06037920340,3208,895,875,20
06037920341,3287,910,874,36
06037920342,3011,756,739,17
06037920343,4297,1277,1207,70
06037930400,1285,530,437,93
06037980001,28,2,1,1
06037980002,9,1,1,0
06037980003,0,0,0,0
06037980004,0,0,0,0
06037980005,3,1,1,0
06037980006,2,0,0,0
06037980007,5,3,3,0
06037980008,465,58,49,9
06037980009,52,8,4,4
06037980010,144,64,61,3
06037980011,140,32,25,7
06037980012,0,0,0,0
06037980013,62,20,20,0
06037980014,150,107,96,11
06037980015,1267,489,418,71
06037980016,222,78,72,6
06037980017,1192,85,80,5
06037980018,30,0,0,0
06037980019,128,60,59,1
06037980020,2,1,1,0
06037980021,56,10,10,0
06037980022,0,0,0,0
06037980023,19,8,8,0
06037980024,226,74,72,2
06037980025,518,306,258,48
06037980026,11,6,6,0
06037980028,11,7,4,3
06037980030,0,0,0,0
06037980031,1748,111,91,20
06037980033,89,10,10,0
06037980034,110,5,2,3
06037980035,623,167,149,18
06037980036,616,177,169,8
06037980037,0,0,0,0
06037980038,4,2,2,0
06037980039,0,0,0,0
06037990100,0,0,0,0
06037990200,0,0,0,0
06037990300,0,0,0,0
06039000102,4081,2739,1716,1023
06039000103,4650,2420,1948,472
06039000104,4335,2262,1803,459
06039000106,5064,2172,1990,182
06039000109,2273,1026,887,139
06039000110,4527,1934,1758,176
06039000111,2231,1117,980,137
06039000201,7359,469,437,32
06039000203,1552,496,453,43
06039000204,5549,1817,1744,73
06039000301,3534,1164,1124,40
06039000302,5383,1819,1733,86
06039000506,6357,1756,1708,48
06039000509,6290,2099,2045,54
06039000510,5376,1373,1331,42
06039000511,6083,1635,1598,37
06039000512,5349,1662,1632,30
06039000513,4543,1371,1317,54
06039000514,6847,1737,1658,79
06039000515,3932,1167,1112,55
06039000516,2426,785,761,24
06039000517,2019,499,478,21
06039000518,3234,784,759,25
06039000602,4736,1275,1233,42
06039000603,5716,1374,1355,19
06039000604,5252,1278,1244,34
06039000701,5379,1901,1839,62
06039000702,6194,2100,2012,88
06039000801,2491,852,810,42
06039000802,4065,1085,1033,52
06039000901,3065,745,723,22
06039000902,4541,1087,1061,26
06039000903,3943,889,859,30
06039001100,7879,2683,2466,217
06041101100,2682,1101,1057,44
06041101200,2924,1109,1091,18
06041102100,2251,948,925,23
06041102202,6003,2217,2156,61
06041102203,5174,2063,1995,68
06041103100,7376,2802,2738,64
06041103200,6720,2714,2596,118
06041104102,5321,2138,2074,64
06041104103,3137,1218,1189,29
06041104104,4617,1909,1852,57
06041104200,5733,2465,2370,95
06041104300,1564,715,679,36
06041105001,3650,1465,1401,64
06041105002,3162,1320,1239,81
06041106001,5004,2335,2166,169
06041106002,5666,2277,2181,96
06041107000,6306,2473,2402,71
06041108100,6692,2680,2608,72
06041108201,2556,1189,1131,58
06041108202,4343,1822,1743,79
06041109001,4467,2007,1907,100
06041109002,4178,1900,1818,82
06041110100,6176,2505,2349,156
06041110200,5389,2292,2186,106
06041111001,1209,696,610,86
06041111002,4967,2276,2137,139
06041112100,4611,1954,1856,98
06041112202,4445,1343,1321,22
06041112203,2981,607,600,7
06041112204,5043,1208,1192,16
06041113000,3910,1742,1646,96
06041114100,5245,2388,2234,154
06041114200,3164,1379,1334,45
06041115000,7489,2863,2764,99
06041116000,3150,1382,1310,72
06041117000,4713,2188,2030,158
06041118100,2338,880,799,81
06041119100,4796,1959,1843,116
06041119201,3644,2012,1917,95
06041119202,3567,1289,1258,31
06041120001,1374,682,653,29
06041120002,5177,2403,2262,141
06041121100,5799,2503,2358,145
06041121200,6478,2593,2460,133
06041122000,3669,77,71,6
06041123000,2131,1063,901,162
06041124100,5590,2404,2254,150
06041124200,5873,2747,2472,275
06041125000,4211,2069,1908,161
06041126100,5955,2529,2331,198
06041126200,4495,2156,2038,118
06041127000,4560,2145,1923,222
06041128100,6970,2882,2776,106
06041128200,4876,2042,1927,115
06041129000,2641,1136,1107,29
06041130201,3444,2130,1873,257
06041130203,1687,996,947,49
06041130204,2813,1766,1578,188
06041131100,1065,487,427,60
06041132100,2111,1685,985,700
06041132200,1824,1308,877,431
06041133000,3215,1931,1335,596
06041990100,0,0,0,0
06043000101,3729,1985,1596,389
06043000102,2619,1310,1122,188
06043000200,3206,1891,1384,507
06043000301,3819,1899,1611,288
06043000302,2814,1668,1187,481
06043000400,944,1007,472,535
06045010100,3100,1318,1118,200
06045010200,4267,2201,1808,393
06045010300,4233,2047,1759,288
06045010400,3356,1664,1474,190
06045010500,4333,1993,1815,178
06045010601,3059,1427,1237,190
06045010602,4528,1994,1768,226
06045010700,6386,2709,2531,178
06045010801,6018,2367,2192,175
06045010802,1849,799,710,89
06045010900,4983,1962,1801,161
06045011001,2027,1359,995,364
06045011003,2984,1536,1298,238
06045011004,2443,1558,1145,413
06045011102,4436,2654,1945,709
06045011200,3582,1575,1318,257
06045011300,6010,2283,2136,147
06045011400,4434,1863,1763,100
06045011501,3390,1319,1261,58
06045011502,3596,1406,1343,63
06045011600,6298,2730,2548,182
06045011700,4236,1637,1499,138
06045011800,2053,969,816,153
06045990100,0,0,0,0
06047000201,3325,1075,1002,73
06047000202,1807,538,527,11
06047000204,4927,1268,1242,26
06047000205,4318,1135,1115,20
06047000301,5003,1347,1296,51
06047000303,1996,648,609,39
06047000305,6279,1589,1563,26
06047000306,3856,1037,1025,12
06047000401,1681,546,500,46
06047000403,3617,1347,1286,61
06047000404,4239,1501,1434,67
06047000503,2903,625,572,53
06047000504,6475,1811,1737,74
06047000505,6974,1942,1890,52
06047000601,5608,1893,1786,107
06047000602,3806,1241,1202,39
06047000603,6502,2161,2086,75
06047000701,3484,1094,1056,38
06047000702,5125,1703,1650,53
06047000801,6216,1991,1961,30
06047000802,4709,1509,1478,31
06047000901,3512,1075,966,109
06047000903,4640,1350,1286,64
06047000904,4945,1377,1350,27
06047001003,4190,1524,1434,90
06047001004,3969,1927,1729,198
06047001005,2285,960,848,112
06047001006,5496,2225,2074,151
06047001007,4202,1327,1242,85
06047001008,7278,2190,2026,164
06047001101,6089,2211,2139,72
06047001200,5365,1984,1901,83
06047001301,3413,1374,1234,140
06047001302,3016,1312,1202,110
06047001401,4150,1517,1425,92
06047001402,4813,1711,1623,88
06047001501,2689,749,728,21
06047001502,2768,799,771,28
06047001503,4844,1334,1294,40
06047001601,4166,1167,1103,64
06047001603,3847,926,901,25
06047001604,4436,1098,1054,44
06047001700,7032,2158,2084,74
06047001801,5397,1126,1099,27
06047001901,5279,1605,1481,124
06047001902,2376,808,742,66
06047002001,1431,469,432,37
06047002002,7099,2501,2353,148
06047002100,4732,1530,1396,134
06047002201,6720,2287,2161,126
06047002203,6155,1548,1522,26
06047002204,5895,1622,1582,40
06047002301,8401,2716,2528,188
06047002303,6511,1947,1843,104
06047002304,2827,764,742,22
06047002305,6012,1594,1567,27
06047002306,3537,876,846,30
06047002401,1623,619,547,72
06047002403,3416,1083,1002,81
06047002404,5132,1545,1494,51
06047002500,2197,810,741,69
06047002601,2489,645,615,30
06047002602,3978,1392,1340,52
06049000100,3342,1669,1448,221
06049000200,1511,874,644,230
06049000300,2741,1474,1093,381
06049000400,1106,735,547,188
06051000101,3454,2493,1495,998
06051000102,2542,1761,1042,719
06051000201,2993,2914,1236,1678
06051000202,4206,6421,1701,4720
06053000101,2328,641,624,17
06053000103,4354,1482,1415,67
06053000104,3779,1003,998,5
06053000105,3346,883,874,9
06053000106,6451,1480,1465,15
06053000200,7396,1824,1781,43
06053000300,4744,1360,1317,43
06053000400,8175,2512,2404,108
06053000501,4892,1166,1133,33
06053000502,4281,1070,1044,26
06053000600,6853,1493,1486,7
06053000701,6427,1343,1341,2
06053000702,6194,1315,1303,12
06053000800,5579,1265,1241,24
06053000900,5912,1370,1342,28
06053001200,3295,1337,1263,74
06053001300,2733,1113,1016,97
06053001400,2914,1123,1071,52
06053001500,6412,2640,2496,144
06053001600,2886,1022,995,27
06053001700,4180,1416,1354,62
06053001801,4405,1243,1165,78
06053001802,5955,1877,1804,73
06053010101,4410,1071,1053,18
06053010102,3252,1059,1028,31
06053010202,4375,1341,1283,58
06053010305,4827,1653,1600,53
06053010306,1290,590,460,130
06053010400,7515,1732,1681,51
06053010501,6925,2243,2156,87
06053010504,5388,1582,1565,17
06053010505,5649,1592,1559,33
06053010506,5542,1474,1410,64
06053010603,8299,2219,2195,24
06053010604,5954,1371,1368,3
06053010605,5162,1021,1020,1
06053010606,7928,1937,1844,93
06053010607,4380,904,887,17
06053010608,3563,608,592,16
06053010702,3968,1696,1583,113
06053010804,5148,1357,1304,53
06053010900,5979,32,29,3
06053011001,3631,1723,1495,228
06053011002,2558,1384,1112,272
06053011101,730,337,278,59
06053011103,4632,1089,1059,30
06053011104,5106,1208,1194,14
06053011105,7338,1750,1724,26
06053011106,2094,514,510,4
06053011202,7668,1654,1633,21
06053011203,7798,1718,1677,41
06053011204,4254,1075,1002,73
06053011302,5253,1527,1390,137
06053011303,3716,1317,1162,155
06053011305,4117,1042,1013,29
06053011306,3442,754,742,12
06053011400,3113,1446,1196,250
06053011502,1474,887,542,345
06053011604,2043,1336,1028,308
06053011605,2963,1696,1491,205
06053011606,2599,1164,1028,136
06053011700,3793,2272,1624,648
06053011801,1654,1381,886,495
06053011802,1566,1675,835,840
06053011901,2424,1490,918,572
06053011902,1725,1223,794,429
06053012000,3637,1527,1434,93
06053012100,2241,972,848,124
06053012200,2645,1430,1195,235
06053012302,1854,1108,911,197
06053012401,1673,1284,918,366
06053012402,3032,1800,1466,334
06053012503,2497,1335,1241,94
06053012504,2617,1528,1333,195
06053012601,3866,117,108,9
06053012700,3480,1936,1782,154
06053012800,5384,2690,2361,329
06053013000,3279,2052,1817,235
06053013100,1817,659,518,141
06053013200,4163,1891,1718,173
06053013300,5921,2933,2690,243
06053013400,1580,734,694,40
06053013500,4557,1770,1670,100
06053013600,4260,1474,1403,71
06053013700,4890,1435,1384,51
06053013800,5368,1688,1637,51
06053013900,2584,946,910,36
06053014000,2572,991,928,63
06053014102,3984,1389,1258,131
06053014104,2523,22,20,2
06053014105,3380,1585,1371,214
06053014108,4981,1833,1689,144
06053014109,3806,1393,1203,190
06053014110,7000,2590,2532,58
06053014201,5152,1815,1767,48
06053014202,4003,1683,1548,135
06053014301,3654,1477,1425,52
06053014302,4251,1661,1609,52
06053014500,4963,1714,1638,76
06053014601,5400,1353,1305,48
06053014700,6991,2202,2127,75
06053014800,6284,1488,1445,43
06053980000,10,4,4,0
06053990000,0,0,0,0
06055200201,3259,1383,1275,108
06055200202,2479,1211,1078,133
06055200203,2312,871,829,42
06055200301,5602,2199,2002,197
06055200302,2721,974,936,38
06055200400,3579,1685,1575,110
06055200501,5159,1821,1727,94
06055200503,2645,766,690,76
06055200504,6577,2472,2377,95
06055200505,2617,1085,1025,60
06055200601,4892,1713,1651,62
06055200602,4594,1977,1847,130
06055200703,3078,1248,1215,33
06055200704,4493,1723,1669,54
06055200705,2845,1153,1051,102
06055200706,3238,1168,1138,30
06055200707,3302,1453,1385,68
06055200802,5887,2387,2183,204
06055200803,2149,901,863,38
06055200804,5535,1668,1613,55
06055200900,67,26,24,2
06055201003,5447,1636,1559,77
06055201004,6836,2029,1984,45
06055201005,2602,781,764,17
06055201006,3422,1001,974,27
06055201007,4226,1176,1160,16
06055201101,2077,825,805,20
06055201102,1811,941,724,217
06055201200,4700,2209,2007,202
06055201300,3436,1348,1047,301
06055201401,2709,2053,1146,907
06055201402,2762,1256,1105,151
06055201403,697,363,295,68
06055201500,1703,1060,704,356
06055201601,2261,1085,928,157
06055201602,3169,1727,1409,318
06055201700,4984,2075,1663,412
06055201800,1781,919,727,192
06055201900,1138,688,476,212
06055202000,5228,2392,2108,284
06057000102,6977,2969,2855,114
06057000104,3405,1717,1592,125
06057000105,2807,1223,1129,94
06057000106,1933,809,735,74
06057000107,6010,2763,2492,271
06057000200,2672,1193,1073,120
06057000300,2496,1080,994,86
06057000401,5932,3006,2588,418
06057000403,1894,804,742,62
06057000404,5090,2289,2089,200
06057000502,4718,2333,2153,180
06057000503,1225,542,503,39
06057000504,5148,2404,2248,156
06057000601,1907,821,783,38
06057000602,5130,2415,2259,156
06057000701,7581,3518,3162,356
06057000702,4079,1867,1700,167
06057000801,5289,2521,2189,332
06057000802,6700,3266,2997,269
06057000900,4274,2568,1791,777
06057001205,4882,2184,1781,403
06057001207,5518,2611,2062,549
06057001208,1780,2499,779,1720
06057001209,1877,2132,844,1288
06057001210,1595,2925,722,2203
06057001211,1322,1168,512,656
06059001101,4611,1489,1455,34
06059001102,3314,1138,1111,27
06059001103,4754,1535,1501,34
06059001201,5200,1491,1434,57
06059001202,3766,1103,1079,24
06059001301,7755,3020,2904,116
06059001303,5626,1935,1884,51
06059001304,3702,1190,1142,48
06059001401,5493,1682,1654,28
06059001402,5261,1604,1569,35
06059001403,3290,1094,1080,14
06059001404,3770,1053,1034,19
06059001501,6659,2510,2440,70
06059001503,5302,1857,1817,40
06059001504,4803,2086,1816,270
06059001505,7115,2541,2486,55
06059001506,4544,1728,1691,37
06059001507,5399,2288,2162,126
06059001602,5034,1896,1840,56
06059001603,3960,1567,1518,49
06059001604,4284,1397,1377,20
06059001704,8120,2654,2600,54
06059001705,4315,1515,1468,47
06059001706,4171,1502,1416,86
06059001708,3736,1327,1303,24
06059001709,2563,937,916,21
06059001710,4728,1637,1612,25
06059001801,5275,1619,1590,29
06059001802,7488,2249,2184,65
06059001901,2714,807,786,21
06059001902,2750,805,799,6
06059001903,3539,948,920,28
06059011000,6754,2527,2466,61
06059011101,4283,1353,1319,34
06059011102,4445,1249,1211,38
06059011200,4275,1834,1661,173
06059011300,5510,2493,2389,104
06059011401,2118,788,748,40
06059011402,2473,878,851,27
06059011403,5822,2050,1998,52
06059011502,4206,1487,1429,58
06059011503,1851,579,563,16
06059011504,7850,2706,2531,175
06059011601,7497,2408,2267,141
06059011602,6248,2119,2008,111
06059011707,6240,2510,2421,89
06059011708,4975,2128,1923,205
06059011709,4401,1486,1467,19
06059011710,3649,1248,1212,36
06059011711,7481,2881,2751,130
06059011712,4923,1611,1567,44
06059011714,1016,440,408,32
06059011715,6719,2551,2489,62
06059011716,5401,1656,1634,22
06059011717,2849,974,956,18
06059011718,3291,1115,1099,16
06059011720,6727,1526,1488,38
06059011721,5091,1607,1562,45
06059011722,2350,1078,1045,33
06059021802,7826,2776,2665,111
06059021807,4268,1370,1359,11
06059021809,3304,1123,1098,25
06059021810,3598,1220,1204,16
06059021812,6433,2250,2173,77
06059021813,107,58,12,46
06059021814,7662,2890,2786,104
06059021816,4895,1773,1733,40
06059021817,3506,1281,1250,31
06059021820,4128,1415,1393,22
06059021821,7347,2608,2509,99
06059021822,9750,3232,3104,128
06059021823,4054,1336,1308,28
06059021824,2581,871,855,16
06059021825,3119,1124,1095,29
06059021826,2766,1105,1067,38
06059021827,3192,1100,1085,15
06059021828,4123,1329,1316,13
06059021829,5242,1796,1759,37
06059021830,5714,2039,2019,20
06059021831,6497,2505,2399,106
06059021832,6735,2240,2147,93
06059021903,4430,1329,1313,16
06059021905,5689,1897,1874,23
06059021912,4430,1534,1510,24
06059021913,7702,1995,1961,34
06059021914,4213,1451,1408,43
06059021915,3967,1483,1442,41
06059021916,3665,1452,1427,25
06059021917,3354,1211,1169,42
06059021918,5035,1840,1793,47
06059021919,2841,1108,1036,72
06059021920,7179,2599,2556,43
06059021921,4338,1438,1410,28
06059021922,4953,2348,2295,53
06059021923,6697,2410,2368,42
06059021924,4622,1630,1603,27
06059032002,6071,2081,2062,19
06059032003,4756,1581,1553,28
06059032011,1613,715,683,32
06059032012,3591,1293,1267,26
06059032013,5065,2204,2079,125
06059032014,6039,1964,1931,33
06059032015,6730,2070,2016,54
06059032020,5540,1912,1878,34
06059032022,6808,2420,2268,152
06059032027,6264,2072,2039,33
06059032028,3610,1475,1427,48
06059032029,4486,1473,1468,5
06059032030,3778,1272,1261,11
06059032031,3580,1176,1167,9
06059032032,2972,1038,1028,10
06059032033,3629,1499,1471,28
06059032034,5595,1852,1834,18
06059032035,2307,1068,1001,67
06059032036,3495,1289,1223,66
06059032037,4939,2619,2526,93
06059032038,6439,2156,2133,23
06059032039,6519,2251,2224,27
06059032040,2611,905,896,9
06059032041,972,376,334,42
06059032042,5490,1864,1828,36
06059032043,3775,1255,1238,17
06059032044,5588,2034,1974,60
06059032045,3173,1008,1001,7
06059032046,5949,1950,1901,49
06059032047,4545,2059,2017,42
06059032048,5505,2254,2216,38
06059032049,9627,3298,3219,79
06059032050,4950,1756,1724,32
06059032051,4627,2033,1985,48
06059032053,8242,3130,3074,56
06059032054,5703,2467,2340,127
06059032055,3864,1442,1403,39
06059032057,7641,2423,2378,45
06059032058,7758,2281,2199,82
06059032059,10060,3040,2996,44
06059032061,5354,2391,2096,295
06059032062,4806,1370,1330,40
06059032063,7128,2496,2431,65
06059032064,2799,1079,1024,55
06059032065,6160,1857,1839,18
06059032066,8194,3403,3216,187
06059042106,2156,1125,889,236
06059042107,4001,1551,1428,123
06059042108,5434,3154,2578,576
06059042109,4871,2234,2065,169
06059042111,5839,2198,2146,52
06059042112,6796,2341,2256,85
06059042113,4351,1931,1793,138
06059042114,3836,1720,1591,129
06059042115,1470,587,538,49
06059042116,5973,2807,2471,336
06059042201,5617,2749,2369,380
06059042203,8429,3551,3376,175
06059042205,6571,2444,2329,115
06059042206,3296,1550,1468,82
06059042305,3397,1964,1488,476
06059042307,7263,2316,2252,64
06059042311,5965,2298,2194,104
06059042312,8497,2303,2251,52
06059042313,6286,3146,2854,292
06059042315,6118,2513,2417,96
06059042317,3304,1553,1362,191
06059042319,3195,1148,1133,15
06059042320,5879,2649,2557,92
06059042323,4607,2890,2239,651
06059042324,4336,2381,2133,248
06059042325,3351,1541,1455,86
06059042326,4520,1825,1763,62
06059042327,4774,1729,1698,31
06059042328,2443,830,803,27
06059042329,4048,1588,1541,47
06059042330,6254,2214,2123,91
06059042331,5377,2164,2069,95
06059042332,5197,2308,2178,130
06059042333,4970,2567,1928,639
06059042334,5118,2257,2115,142
06059042335,6462,2568,2485,83
06059042336,4382,1575,1554,21
06059042337,3429,1381,1319,62
06059042338,4474,2075,1870,205
06059042339,3364,1535,1421,114
06059042340,2268,692,676,16
06059042341,6220,2533,2365,168
06059052408,6111,2170,2118,52
06059052410,5391,2143,2079,64
06059052411,5012,1350,1324,26
06059052415,3933,1301,1288,13
06059052416,3940,1275,1260,15
06059052417,6727,2442,2367,75
06059052419,3413,1148,1143,5
06059052421,9631,3570,3324,246
06059052422,11557,4154,4005,149
06059052423,6511,2429,2320,109
06059052424,4761,1884,1827,57
06059052425,5915,2345,2304,41
06059052427,5069,1743,1729,14
06059052428,7200,2722,2522,200
06059052429,9524,3354,3169,185
06059052430,15755,5401,5195,206
06059052431,4826,1662,1599,63
06059052432,8996,3517,3352,165
06059052433,15465,6165,5733,432
06059052434,7094,2291,2221,70
06059052435,6906,2366,2282,84
06059052436,6080,1929,1871,58
06059052437,7679,2804,2448,356
06059052438,6784,2877,2289,588
06059052439,9926,4013,3263,750
06059052502,6132,2061,2036,25
06059052505,4973,1967,1852,115
06059052506,2456,835,821,14
06059052511,6066,2361,2301,60
06059052513,5801,2315,2246,69
06059052514,5288,2130,2048,82
06059052518,7470,4355,3949,406
06059052519,4217,1626,1574,52
06059052520,3539,1336,1290,46
06059052521,5216,2260,2121,139
06059052522,4236,1450,1403,47
06059052523,4088,1556,1487,69
06059052524,8020,3002,2890,112
06059052526,4182,1368,1335,33
06059052527,8244,2753,2677,76
06059052528,3453,1252,1205,47
06059052529,3370,1037,1016,21
06059052530,5630,2186,2096,90
06059052531,4217,1532,1466,66
06059052532,6488,2745,2625,120
06059052533,7268,2494,2446,48
06059052534,2299,1116,1031,85
06059052535,5603,2076,2014,62
06059062605,3043,2153,1768,385
06059062610,11867,8093,6780,1313
06059062611,4012,1784,1642,142
06059062614,25232,4960,4258,702
06059062619,3856,1993,1700,293
06059062620,5031,2692,2248,444
06059062622,4437,3024,2761,263
06059062625,4492,2238,2077,161
06059062626,2827,1184,1056,128
06059062627,3184,1612,1466,146
06059062628,3495,999,940,59
06059062629,2709,922,882,40
06059062630,1667,747,715,32
06059062631,3198,1258,1213,45
06059062632,4208,2230,1841,389
06059062633,6623,1919,1887,32
06059062634,5441,2068,2025,43
06059062635,4102,1681,1649,32
06059062636,3758,1518,1438,80
06059062637,5875,2776,2651,125
06059062638,6531,2537,2440,97
06059062639,7917,2984,2933,51
06059062640,3655,1697,1647,50
06059062641,5399,2087,1876,211
06059062642,2849,1369,1284,85
06059062643,7333,3118,2736,382
06059062645,6033,2659,2473,186
06059062646,3718,2891,2585,306
06059062647,4863,2839,2527,312
06059062648,3181,2486,2202,284
06059062649,3562,2192,2030,162
06059062650,4776,1710,1654,56
06059062651,2879,1187,1138,49
06059062652,4875,1924,1871,53
06059062653,6694,3769,2938,831
06059062654,6785,2642,2514,128
06059062655,5156,2051,1895,156
06059062656,3449,1981,1620,361
06059062657,2618,1339,1215,124
06059062658,5410,2140,2024,116
06059062701,2667,1613,1339,274
06059062702,4515,2712,2280,432
06059062800,3806,2767,1858,909
06059062900,1716,934,783,151
06059063004,6202,3400,3099,301
06059063005,1447,959,803,156
06059063006,2490,2035,1373,662
06059063007,6699,3169,2953,216
06059063008,2408,1646,1425,221
06059063009,1767,753,700,53
06059063010,6698,3172,2942,230
06059063101,2935,1261,1191,70
06059063102,6932,2939,2797,142
06059063103,2763,1097,1040,57
06059063201,4006,1691,1632,59
06059063202,3693,1594,1534,60
06059063301,3001,1491,1416,75
06059063302,4176,1728,1663,65
06059063400,4776,2183,1962,221
06059063500,4938,3477,2345,1132
06059063601,3794,1488,1445,43
06059063603,6450,3290,2987,303
06059063604,4061,1728,1647,81
06059063605,5630,1788,1697,91
06059063701,5886,1781,1720,61
06059063702,6131,2325,2215,110
06059063802,2934,1091,1066,25
06059063803,4353,1660,1623,37
06059063805,2458,906,890,16
06059063806,3943,1424,1386,38
06059063807,4950,2266,2211,55
06059063808,5688,1585,1558,27
06059063902,6881,2791,2657,134
06059063903,4159,1226,1197,29
06059063904,4661,1340,1317,23
06059063905,4349,1879,1753,126
06059063906,5947,2403,2329,74
06059063908,5732,2643,2498,145
06059063909,3155,1930,1758,172
06059063910,4356,1824,1697,127
06059074003,3760,1432,1324,108
06059074004,7395,2284,2202,82
06059074005,6733,1552,1524,28
06059074006,5379,1987,1908,79
06059074102,6278,1317,1307,10
06059074103,4570,904,893,11
06059074106,6330,1948,1905,43
06059074107,5856,2703,2524,179
06059074108,4640,899,887,12
06059074109,3392,666,652,14
06059074110,3438,953,947,6
06059074111,5277,1370,1354,16
06059074200,8608,1717,1685,32
06059074300,3972,795,786,9
06059074403,5389,1309,1291,18
06059074405,6091,1698,1639,59
06059074406,3789,951,931,20
06059074407,6024,1795,1741,54
06059074408,5453,1635,1574,61
06059074501,5790,1370,1318,52
06059074502,5210,1004,997,7
06059074601,7471,1690,1652,38
06059074602,8002,1706,1666,40
06059074701,7611,1427,1411,16
06059074702,5775,1107,1100,7
06059074801,5313,1044,1035,9
06059074802,6348,1251,1239,12
06059074803,8526,1824,1809,15
06059074805,4783,1017,985,32
06059074806,4765,903,898,5
06059074901,8576,1915,1880,35
06059074902,5850,1191,1180,11
06059075002,8236,2433,2329,104
06059075003,6493,1760,1643,117
06059075004,4765,1317,1276,41
06059075100,9883,2044,1986,58
06059075201,5594,1114,1102,12
06059075202,5427,1123,1109,14
06059075301,5512,1611,1588,23
06059075302,4568,1131,1120,11
06059075303,3357,1283,1247,36
06059075401,3859,1271,1233,38
06059075403,7707,2809,2706,103
06059075404,6362,2170,2078,92
06059075405,3204,1009,992,17
06059075504,4103,1598,1560,38
06059075505,3763,1539,1465,74
06059075506,3541,1200,1180,20
06059075507,5476,2018,1911,107
06059075512,3719,1196,1140,56
06059075513,5071,1544,1510,34
06059075514,3553,1190,1152,38
06059075516,9045,5960,4847,1113
06059075517,6809,1977,1900,77
06059075518,9171,3360,3223,137
06059075603,3880,1420,1385,35
06059075604,7568,2773,2682,91
06059075605,5748,2185,2139,46
06059075606,6629,2256,2174,82
06059075607,6484,2972,2853,119
06059075701,7228,2191,2142,49
06059075702,3363,1168,1131,37
06059075703,4135,1384,1352,32
06059075805,4354,1382,1347,35
06059075806,6393,2184,2124,60
06059075807,4274,1269,1234,35
06059075808,3456,1156,1128,28
06059075809,3109,1101,1050,51
06059075810,3045,1020,989,31
06059075811,3479,891,882,9
06059075812,6200,1948,1899,49
06059075813,5269,1806,1758,48
06059075814,3055,1169,1139,30
06059075815,5261,1642,1612,30
06059075816,3626,1267,1242,25
06059075901,4356,1695,1582,113
06059075902,6617,2882,2762,120
06059076001,7901,2787,2683,104
06059076002,1994,1106,1025,81
06059076102,8150,2269,2123,146
06059076103,9182,2600,2512,88
06059076104,6189,3070,2844,226
06059076105,4697,1373,1338,35
06059076201,7167,2555,2487,68
06059076202,5959,2027,1945,82
06059076204,5009,1496,1438,58
06059076205,7297,1721,1615,106
06059076206,4606,1645,1601,44
06059076208,5368,1759,1709,50
06059086301,7486,1902,1841,61
06059086303,11758,5872,4603,1269
06059086304,5009,1745,1688,57
06059086305,4015,1144,1125,19
06059086306,3975,1309,1210,99
06059086402,5503,1411,1388,23
06059086404,6119,1500,1469,31
06059086405,6986,1827,1784,43
06059086406,4498,1395,1326,69
06059086407,6758,2133,2067,66
06059086501,4368,1187,1145,42
06059086502,6053,1406,1380,26
06059086601,8735,2428,2341,87
06059086602,5967,1755,1686,69
06059086701,8776,2552,2444,108
06059086702,7200,1961,1923,38
06059086801,3593,1050,1038,12
06059086802,5640,1547,1501,46
06059086803,8254,2838,2747,91
06059086901,8764,2911,2832,79
06059086902,5705,1812,1763,49
06059086903,6776,2066,2011,55
06059087001,5633,1686,1605,81
06059087002,7457,2398,2341,57
06059087101,4706,1884,1806,78
06059087102,6613,1923,1866,57
06059087103,8582,2408,2330,78
06059087105,4729,1497,1458,39
06059087106,4793,1439,1393,46
06059087200,7538,2553,2489,64
06059087301,4526,1358,1285,73
06059087302,6021,2188,2037,151
06059087401,5110,1634,1596,38
06059087403,3144,733,720,13
06059087404,3764,927,893,34
06059087405,5509,1413,1376,37
06059087503,6031,1808,1691,117
06059087504,7109,1791,1702,89
06059087505,4742,1388,1305,83
06059087601,4839,1491,1429,62
06059087602,7807,2232,2143,89
06059087701,5518,1742,1716,26
06059087703,6462,1542,1506,36
06059087704,4780,1352,1332,20
06059087801,5280,1681,1635,46
06059087802,7431,2270,2198,72
06059087803,5599,1442,1401,41
06059087805,7065,1927,1846,81
06059087806,5552,1585,1521,64
06059087901,3540,1196,1162,34
06059087902,5599,1300,1276,24
06059088001,4928,1262,1242,20
06059088002,3990,1126,1090,36
06059088101,2252,683,673,10
06059088104,4924,1521,1476,45
06059088105,4194,1079,1060,19
06059088106,4951,1732,1670,62
06059088107,6103,1734,1687,47
06059088201,4090,1100,1063,37
06059088202,3184,893,873,20
06059088203,5013,1529,1433,96
06059088301,6561,1767,1740,27
06059088302,6222,1807,1767,40
06059088401,5190,1313,1273,40
06059088402,4679,1313,1259,54
06059088403,6676,1907,1860,47
06059088501,7282,1948,1914,34
06059088502,5252,1468,1451,17
06059088601,6752,2258,2214,44
06059088602,4535,1362,1297,65
06059088701,6307,2123,2042,81
06059088702,6022,1571,1539,32
06059088801,8252,2645,2550,95
06059088802,5500,1485,1457,28
06059088901,6450,1721,1687,34
06059088902,5132,1188,1172,16
06059088903,8479,2046,2017,29
06059088904,5687,1497,1466,31
06059088905,5115,1371,1350,21
06059089001,6727,1687,1656,31
06059089003,3822,889,864,25
06059089004,7230,2218,1997,221
06059089102,7012,1623,1590,33
06059089104,5243,1370,1348,22
06059089105,6179,1330,1290,40
06059089106,3972,972,962,10
06059089107,5672,1306,1292,14
06059099202,8308,2129,2092,37
06059099203,5832,1559,1529,30
06059099204,4429,1386,1355,31
06059099212,5023,1788,1736,52
06059099214,3716,1451,1401,50
06059099215,5381,1946,1913,33
06059099216,4272,1562,1530,32
06059099217,2465,904,893,11
06059099220,5709,2593,2493,100
06059099222,5102,1658,1586,72
06059099223,5430,1739,1619,120
06059099224,3596,1114,1096,18
06059099225,3500,1050,1031,19
06059099226,3862,1140,1130,10
06059099227,6512,2161,2108,53
06059099229,6745,2659,2582,77
06059099230,4511,1536,1516,20
06059099231,5536,1815,1791,24
06059099232,5602,1978,1952,26
06059099233,3390,1078,1058,20
06059099234,3580,1241,1216,25
06059099235,5314,2325,2245,80
06059099237,3565,1256,1230,26
06059099238,3982,1394,1373,21
06059099239,3792,1379,1332,47
06059099240,5339,2192,2118,74
06059099241,4835,1982,1927,55
06059099242,3570,1136,1114,22
06059099243,4298,1861,1793,68
06059099244,3829,1952,1874,78
06059099245,2954,1098,1081,17
06059099246,3507,1242,1227,15
06059099247,3142,804,791,13
06059099248,5148,1484,1450,34
06059099249,3939,861,842,19
06059099250,2918,1093,1063,30
06059099251,5771,2248,2152,96
06059099305,7419,3185,3098,87
06059099306,6060,2859,2681,178
06059099307,2741,1396,1275,121
06059099308,5667,2219,2145,74
06059099309,4981,2459,2341,118
06059099310,4286,2211,1957,254
06059099311,3496,2137,1747,390
06059099402,7663,2158,2084,74
06059099404,4449,1781,1727,54
06059099405,4555,1709,1649,60
06059099406,4550,1720,1670,50
06059099407,2378,969,948,21
06059099408,4354,1705,1665,40
06059099410,5104,2144,2034,110
06059099411,5569,2114,2025,89
06059099412,4689,1952,1912,40
06059099415,5168,1969,1930,39
06059099416,4883,2409,2289,120
06059099417,4952,2273,2180,93
06059099418,4681,2151,2076,75
06059099419,3960,1549,1522,27
06059099502,647,191,184,7
06059099504,2696,1039,995,44
06059099506,1167,791,608,183
06059099508,4840,2282,2199,83
06059099509,3832,2954,2658,296
06059099510,4359,3668,3239,429
06059099511,3222,1995,1775,220
06059099512,3091,1760,1624,136
06059099513,2006,1240,1068,172
06059099514,5362,2425,2234,191
06059099601,6654,1980,1939,41
06059099602,3530,1166,1139,27
06059099603,6433,2410,2327,83
06059099604,3597,1217,1202,15
06059099605,5091,2172,2080,92
06059099701,6270,1800,1733,67
06059099702,8240,2393,2351,42
06059099703,5884,2185,2108,77
06059099801,6122,1633,1601,32
06059099802,5225,1878,1798,80
06059099803,5911,1760,1724,36
06059099902,4592,1359,1330,29
06059099903,5600,1500,1470,30
06059099904,6105,1899,1817,82
06059099905,3801,1332,1222,110
06059099906,4941,1678,1634,44
06059110001,4509,1547,1519,28
06059110003,3175,1140,1128,12
06059110004,4852,1690,1675,15
06059110005,3182,1148,1121,27
06059110006,3092,1102,1065,37
06059110007,4724,1690,1625,65
06059110008,4571,1734,1686,48
06059110010,4486,1425,1403,22
06059110011,3020,1115,1086,29
06059110012,5167,1969,1929,40
06059110014,5242,1937,1878,59
06059110015,3546,1233,1223,10
06059110102,5791,1880,1853,27
06059110104,6077,2066,2033,33
06059110106,3779,1248,1227,21
06059110108,2784,1094,1058,36
06059110109,5143,1819,1776,43
06059110110,6037,1937,1894,43
06059110111,6410,2162,2101,61
06059110113,2745,985,955,30
06059110114,4779,1521,1499,22
06059110115,3555,1222,1198,24
06059110116,4760,1559,1522,37
06059110117,6392,2146,2084,62
06059110118,2470,767,760,7
06059110201,8372,2755,2716,39
06059110202,7874,2569,2479,90
06059110203,5620,1851,1802,49
06059110301,6966,2278,2234,44
06059110302,6153,1684,1661,23
06059110303,5185,1572,1547,25
06059110304,4661,1401,1388,13
06059110401,5704,1685,1667,18
06059110402,5342,1429,1404,25
06059110500,8557,2578,2517,61
06059110603,8556,2596,2515,81
06059110604,8278,2737,2684,53
06059110605,6704,2286,2231,55
06059110606,4991,1452,1413,39
06059110607,4537,1524,1493,31
06059980000,30,11,9,2
06059990100,0,0,0,0
06061020104,1327,1979,602,1377
06061020105,1319,1964,600,1364
06061020106,1643,1967,703,1264
06061020107,3315,1957,1310,647
06061020200,6429,2849,2603,246
06061020300,4639,2326,2199,127
06061020401,2242,1078,1013,65
06061020402,3511,1588,1521,67
06061020501,2973,1173,1118,55
06061020502,4317,1870,1790,80
06061020601,7257,2730,2661,69
06061020604,5927,2177,2111,66
06061020605,5885,2047,1974,73
06061020606,4296,1458,1437,21
06061020607,5099,1812,1711,101
06061020608,3811,1376,1331,45
06061020710,4408,1697,1658,39
06061020711,4558,2111,1969,142
06061020712,3855,1569,1486,83
06061020713,3323,1433,1352,81
06061020714,3848,1485,1456,29
06061020715,3074,1176,1147,29
06061020717,4888,1987,1923,64
06061020805,4202,1752,1712,40
06061020806,3576,1730,1616,114
06061020901,2777,1099,1053,46
06061020908,7512,2797,2718,79
06061021003,6784,2903,2795,108
06061021034,4331,1467,1442,25
06061021037,2209,1046,1016,30
06061021038,7627,2591,2552,39
06061021039,1703,1122,1066,56
06061021040,3123,2077,2008,69
06061021043,3760,1437,1373,64
06061021044,5765,1903,1880,23
06061021045,3533,1388,1338,50
06061021046,5056,2209,2168,41
06061021047,4463,1526,1496,30
06061021048,3439,1154,1135,19
06061021103,4904,1991,1913,78
06061021106,2401,936,919,17
06061021108,3410,1479,1424,55
06061021109,5594,1991,1929,62
06061021122,3455,1367,1345,22
06061021123,7558,2797,2751,46
06061021128,3244,1292,1239,53
06061021129,3453,1441,1393,48
06061021130,2272,1052,995,57
06061021131,5722,2391,2326,65
06061021203,7431,2731,2653,78
06061021204,2748,1023,981,42
06061021304,6258,2267,2157,110
06061021323,11223,3321,3215,106
06061021324,6321,2036,1959,77
06061021325,9279,3340,3106,234
06061021326,4394,1232,1205,27
06061021327,5643,2174,2005,169
06061021328,8556,2714,2562,152
06061021401,3056,1063,1025,38
06061021403,7164,2441,2378,63
06061021501,5911,2309,2203,106
06061021502,3806,1634,1568,66
06061021603,4927,2112,1987,125
06061021604,3421,1369,1284,85
06061021801,4663,1904,1815,89
06061021802,6052,2585,2496,89
06061021901,3315,1361,1275,86
06061021902,4462,1894,1757,137
06061022002,6569,2884,2696,188
06061022011,2292,4234,944,3290
06061022013,2833,1495,1168,327
06061022014,1529,3764,698,3066
06061022100,901,1457,434,1023
06061022200,902,1383,414,969
06061022300,646,1497,309,1188
06061022400,4893,1994,1935,59
06061022500,4689,1584,1522,62
06061022600,4982,2098,2022,76
06061022800,4986,1783,1743,40
06061022900,5765,1994,1937,57
06061023000,3914,1127,1102,25
06061023100,8697,3074,3000,74
06061023200,6078,1782,1751,31
06061023300,6333,1977,1950,27
06061023400,5721,1880,1831,49
06061023501,1245,480,452,28
06061023502,5315,1692,1641,51
06061023600,4361,2725,2645,80
06061023700,3301,2154,2065,89
06061023800,3211,2011,1925,86
06061023900,3129,1030,1009,21
06061990000,0,0,0,0
06063000100,5271,2622,2386,236
06063000201,1830,2179,952,1227
06063000202,1248,1261,625,636
06063000300,4897,2839,2103,736
06063000400,2564,1572,1218,354
06063000501,2200,1405,1041,364
06063000502,1780,3518,891,2627
06065030101,1243,349,333,16
06065030103,2091,707,664,43
06065030104,7253,2076,2009,67
06065030200,4944,2025,1945,80
06065030300,4440,1847,1684,163
06065030400,6978,1935,1723,212
06065030501,4888,1513,1426,87
06065030502,2120,522,508,14
06065030503,3747,1127,1083,44
06065030602,3334,1323,1282,41
06065030603,3181,1111,1088,23
06065030604,2848,1012,968,44
06065030605,2630,935,895,40
06065030700,5842,2240,2161,79
06065030800,7501,2597,2524,73
06065030900,3256,878,865,13
06065031001,5893,2221,2118,103
06065031002,4655,1201,1182,19
06065031100,5047,1759,1697,62
06065031200,7018,2232,2178,54
06065031300,2698,652,633,19
06065031401,6985,2304,2203,101
06065031402,6980,2449,2331,118
06065031501,5954,1514,1395,119
06065031503,4339,1493,1445,48
06065031504,4280,1421,1393,28
06065031601,4467,1291,1258,33
06065031602,5377,1685,1631,54
06065031701,2966,867,827,40
06065031702,2341,742,727,15
06065031703,3711,1186,1140,46
06065031704,5540,1822,1781,41
06065040101,4304,1016,991,25
06065040102,5788,1430,1395,35
06065040201,6421,1821,1793,28
06065040202,3129,890,870,20
06065040203,3788,958,928,30
06065040204,3742,925,881,44
06065040302,7522,2136,2104,32
06065040303,4072,1016,977,39
06065040304,4099,1210,1178,32
06065040305,3498,937,906,31
06065040402,4243,1074,1036,38
06065040403,5646,1406,1382,24
06065040404,3313,921,899,22
06065040405,5386,1643,1597,46
06065040501,7196,1872,1840,32
06065040502,5995,1656,1599,57
06065040503,3874,1861,1813,48
06065040603,2346,646,617,29
06065040604,5670,1464,1446,18
06065040605,3410,828,804,24
06065040606,3337,813,768,45
06065040609,16631,4345,4267,78
06065040611,8431,2078,2033,45
06065040616,11213,2784,2724,60
06065040617,7275,1938,1850,88
06065040618,10472,2994,2832,162
06065040619,5933,1451,1430,21
06065040620,7702,1966,1944,22
06065040621,4230,1068,1045,23
06065040622,6140,1720,1668,52
06065040701,2167,686,676,10
06065040702,2685,937,898,39
06065040703,2800,939,901,38
06065040806,2826,866,857,9
06065040807,3429,1011,1002,9
06065040808,6939,2214,2175,39
06065040809,3508,1052,1032,20
06065040812,3419,1143,1107,36
06065040813,6155,1899,1852,47
06065040814,4941,1656,1586,70
06065040815,3651,1212,1183,29
06065040816,2408,861,838,23
06065040821,5825,2039,1917,122
06065040901,7668,2662,2546,116
06065040902,5290,1794,1734,60
06065040903,2739,812,784,28
06065040904,3970,995,976,19
06065041001,2725,776,736,40
06065041002,3283,838,812,26
06065041003,2627,690,668,22
06065041004,4475,1399,1339,60
06065041101,5411,1274,1241,33
06065041102,4524,1117,1086,31
06065041201,4532,1219,1188,31
06065041202,4454,1003,987,16
06065041203,3442,1008,949,59
06065041301,3585,868,851,17
06065041302,4317,1067,1036,31
06065041403,4566,1608,1566,42
06065041404,3799,984,974,10
06065041405,4782,1355,1327,28
06065041406,5957,2051,1981,70
06065041407,5936,1856,1813,43
06065041408,4566,1540,1474,66
06065041410,3059,651,644,7
06065041411,3095,839,779,60
06065041412,4599,1539,1473,66
06065041413,7148,2033,2003,30
06065041414,4217,1321,1301,20
06065041415,4530,1315,1287,28
06065041500,3835,1427,1363,64
06065041601,2899,880,840,40
06065041602,3245,949,854,95
06065041702,4643,1286,1268,18
06065041703,5760,1731,1678,53
06065041704,3746,947,916,31
06065041803,5998,1775,1747,28
06065041804,4332,1329,1304,25
06065041805,5832,1974,1930,44
06065041806,4112,1200,1191,9
06065041807,2305,663,663,0
06065041808,6771,1859,1812,47
06065041809,5852,2107,2005,102
06065041810,5895,1677,1643,34
06065041812,3488,1042,1020,22
06065041813,6599,2105,2043,62
06065041904,4950,1481,1460,21
06065041905,3005,941,922,19
06065041906,6360,2010,1967,43
06065041909,5388,1587,1527,60
06065041910,7655,2986,2867,119
06065041912,6158,2075,2044,31
06065041913,5564,2133,2069,64
06065041914,5972,1610,1581,29
06065041915,7451,2626,2535,91
06065042003,6027,1827,1791,36
06065042004,3344,1044,1018,26
06065042005,5452,1605,1564,41
06065042007,5559,2158,1970,188
06065042008,8742,2657,2569,88
06065042009,7514,1895,1828,67
06065042010,6434,1532,1483,49
06065042012,6332,2061,1983,78
06065042015,5521,1581,1569,12
06065042016,2621,768,754,14
06065042017,3978,1106,1101,5
06065042018,6017,1721,1706,15
06065042206,6400,2815,2670,145
06065042207,3097,1263,1219,44
06065042208,2562,937,917,20
06065042209,4627,1778,1686,92
06065042210,4995,2136,1997,139
06065042212,7124,2398,2180,218
06065042213,5520,1666,1550,116
06065042214,6843,2068,2014,54
06065042217,5488,2178,2096,82
06065042300,10335,3054,2964,90
06065042401,2075,637,637,0
06065042402,5127,1366,1340,26
06065042403,4541,1209,1190,19
06065042404,2515,683,671,12
06065042405,5668,1980,1874,106
06065042406,4267,1308,1285,23
06065042407,3313,917,902,15
06065042408,3370,913,893,20
06065042409,3385,980,951,29
06065042410,5852,1603,1570,33
06065042411,2683,801,786,15
06065042412,5566,1750,1681,69
06065042505,3949,1090,1054,36
06065042507,5714,1317,1291,26
06065042508,4968,1260,1234,26
06065042509,3460,869,845,24
06065042510,5133,1225,1225,0
06065042511,4430,1141,1115,26
06065042512,3260,953,936,17
06065042513,3387,849,836,13
06065042514,3311,907,898,9
06065042515,3794,1106,1067,39
06065042516,3740,990,973,17
06065042517,3361,883,870,13
06065042518,3816,1024,992,32
06065042519,1887,557,527,30
06065042520,4866,1389,1365,24
06065042521,5127,1260,1239,21
06065042522,4703,1410,1363,47
06065042523,5160,1603,1532,71
06065042621,8004,2017,1978,39
06065042622,5482,1660,1576,84
06065042623,3962,1319,1278,41
06065042624,4571,1250,1223,27
06065042625,6046,1565,1525,40
06065042626,9775,2234,2186,48
06065042627,5637,1321,1307,14
06065042628,5759,1486,1467,19
06065042629,5176,1263,1237,26
06065042630,6727,1609,1582,27
06065042631,5190,1258,1246,12
06065042632,3245,713,702,11
06065042708,5364,1621,1599,22
06065042709,5288,2397,2242,155
06065042711,5114,3096,2898,198
06065042714,3376,1393,1292,101
06065042716,5222,2113,1947,166
06065042717,5463,1664,1589,75
06065042719,5438,1618,1546,72
06065042720,4936,1519,1420,99
06065042723,7675,2525,2375,150
06065042724,4581,1282,1260,22
06065042726,10185,2935,2858,77
06065042728,2370,772,732,40
06065042730,6028,1630,1553,77
06065042731,7691,2215,2151,64
06065042732,6259,1900,1823,77
06065042733,14643,4229,4084,145
06065042737,3471,1003,962,41
06065042738,8924,3093,2815,278
06065042739,9259,2662,2484,178
06065042740,2384,1455,1384,71
06065042741,2479,1609,1521,88
06065042742,6035,1936,1804,132
06065042743,4180,1293,1222,71
06065042744,3597,1053,994,59
06065042745,6212,2496,2367,129
06065042746,4435,1001,981,20
06065042747,4310,1057,1034,23
06065042748,6271,2038,1904,134
06065042749,5614,1658,1587,71
06065042750,4325,1257,1209,48
06065042751,5369,2174,2111,63
06065042752,5409,2481,2382,99
06065042801,4345,1272,1222,50
06065042802,6222,1591,1537,54
06065042902,4993,1505,1368,137
06065042903,5673,1537,1433,104
06065042905,3670,902,884,18
06065042906,6396,1452,1397,55
06065042907,3461,963,903,60
06065042908,4371,1073,1053,20
06065043001,9758,3380,3238,142
06065043003,6647,2045,1931,114
06065043005,5744,1733,1653,80
06065043006,5079,1562,1476,86
06065043007,6918,2074,2039,35
06065043008,6146,1925,1860,65
06065043009,6064,1693,1668,25
06065043010,6039,1667,1651,16
06065043201,4040,1190,1165,25
06065043202,5630,1689,1647,42
06065043203,3482,1162,1100,62
06065043204,7450,1949,1932,17
06065043205,4667,1404,1377,27
06065043206,7819,2879,2778,101
06065043207,4504,1750,1596,154
06065043208,5039,1407,1382,25
06065043209,4105,1540,1469,71
06065043210,4898,1988,1895,93
06065043211,5517,1700,1667,33
06065043216,7142,2673,2553,120
06065043217,3277,1111,1084,27
06065043218,5680,1842,1785,57
06065043220,4742,1951,1800,151
06065043222,4775,1675,1628,47
06065043227,8221,2537,2448,89
06065043228,4503,1611,1502,109
06065043229,5186,2531,2446,85
06065043235,11292,3155,3081,74
06065043246,5451,1803,1700,103
06065043248,4284,1350,1329,21
06065043252,9821,2820,2767,53
06065043254,5069,1662,1612,50
06065043256,3585,1077,1064,13
06065043262,5061,1807,1761,46
06065043264,7314,2313,2280,33
06065043265,7944,2531,2466,65
06065043266,4823,1784,1653,131
06065043267,6676,2470,2409,61
06065043270,6018,1915,1843,72
06065043271,4543,1397,1342,55
06065043272,5311,2089,1909,180
06065043274,2229,669,636,33
06065043276,4092,1190,1177,13
06065043278,6510,2203,2118,85
06065043279,5302,1857,1780,77
06065043292,3656,1414,1241,173
06065043293,3086,1210,1085,125
06065043294,4338,1227,1208,19
06065043295,4889,1425,1398,27
06065043296,3303,940,886,54
06065043297,8903,2498,2434,64
06065043298,4864,1790,1753,37
06065043304,7744,2900,2718,182
06065043306,5172,1862,1795,67
06065043307,6770,2739,2571,168
06065043308,3230,1073,1026,47
06065043309,3329,1165,1056,109
06065043310,3634,1151,1099,52
06065043311,2483,748,719,29
06065043312,4391,1291,1246,45
06065043313,3802,1092,1061,31
06065043314,4126,1208,1164,44
06065043315,2350,733,691,42
06065043316,4014,1876,1759,117
06065043318,4406,1687,1559,128
06065043319,4968,1287,1260,27
06065043401,6548,2189,2005,184
06065043403,3081,1083,1033,50
06065043404,2855,1587,1449,138
06065043405,5108,2331,2186,145
06065043503,4898,2475,2206,269
06065043505,3244,1848,1738,110
06065043506,7253,2451,2348,103
06065043509,6058,2027,1897,130
06065043512,7733,2262,2198,64
06065043513,2943,1011,968,43
06065043517,8501,2078,2008,70
06065043518,4781,1393,1347,46
06065043519,986,668,609,59
06065043520,2443,1365,843,522
06065043521,5087,1903,1744,159
06065043522,3215,1041,982,59
06065043523,3895,1410,1343,67
06065043524,4357,1463,1412,51
06065043601,5022,1488,1403,85
06065043602,4412,1290,1237,53
06065043701,3776,1617,1477,140
06065043702,4719,1797,1689,108
06065043703,2996,1034,973,61
06065043802,6950,2592,2463,129
06065043807,6122,2032,1966,66
06065043809,6853,2649,2526,123
06065043810,5298,2163,2101,62
06065043812,6969,4503,4237,266
06065043813,4764,1747,1545,202
06065043818,4257,1239,1214,25
06065043820,5520,1890,1826,64
06065043821,5622,1756,1719,37
06065043822,3451,1073,1011,62
06065043823,11441,3293,3193,100
06065043824,5063,2267,2172,95
06065043900,6430,2062,1998,64
06065044000,2026,703,646,57
06065044101,3030,1096,1028,68
06065044102,2825,964,908,56
06065044103,6106,2356,2254,102
06065044104,2755,945,892,53
06065044200,5969,1886,1742,144
06065044300,5085,1354,1306,48
06065044403,4219,1988,1635,353
06065044404,2071,1714,930,784
06065044405,2368,2429,1092,1337
06065044406,2927,1379,1120,259
06065044407,3586,1841,1479,362
06065044505,6864,3094,2399,695
06065044507,7840,2515,2300,215
06065044509,4580,1762,1630,132
06065044510,7010,2336,2189,147
06065044515,4001,1385,1256,129
06065044516,7480,2672,2301,371
06065044517,2797,1538,1208,330
06065044518,6562,2470,2257,213
06065044520,1618,882,655,227
06065044521,1304,559,472,87
06065044523,2254,1738,1059,679
06065044524,3277,1147,1028,119
06065044602,2707,2041,1519,522
06065044604,3772,1994,1635,359
06065044605,5222,3032,2240,792
06065044606,2986,2252,1522,730
06065044701,3261,2213,1679,534
06065044702,2087,607,569,38
06065044804,2302,1098,927,171
06065044805,1580,1530,995,535
06065044806,1883,1578,1228,350
06065044807,1343,1111,802,309
06065044904,4721,1826,1707,119
06065044907,5226,1469,1361,108
06065044911,5034,2935,2343,592
06065044916,4881,2406,1978,428
06065044917,3854,3401,2154,1247
06065044918,2994,2450,1432,1018
06065044919,4857,4269,2767,1502
06065044921,2340,1447,1007,440
06065044922,5980,3734,2616,1118
06065044923,3364,1182,1087,95
06065044924,3886,1264,1169,95
06065044925,3439,1129,1048,81
06065044926,4714,1614,1434,180
06065044927,3637,3452,1828,1624
06065044928,3453,2993,1671,1322
06065044929,4151,3241,2291,950
06065044930,3188,1827,1373,454
06065044931,2330,685,626,59
06065044932,3104,1163,1095,68
06065044933,3456,977,911,66
06065044934,2753,946,911,35
06065045000,3054,1697,1455,242
06065045103,3291,2879,1816,1063
06065045109,3617,1687,1417,270
06065045110,4971,2027,1793,234
06065045114,1912,1922,1058,864
06065045115,1811,1587,924,663
06065045116,1438,1148,743,405
06065045117,3911,2736,1969,767
06065045118,2676,1779,1239,540
06065045119,2751,1192,1036,156
06065045120,4458,2556,1794,762
06065045122,1326,1311,752,559
06065045123,2274,1737,1107,630
06065045124,1471,1295,788,507
06065045125,2655,3516,1415,2101
06065045126,2835,1231,1103,128
06065045127,2572,1402,1159,243
06065045128,1580,1322,786,536
06065045129,4677,2937,2026,911
06065045207,5521,1874,1753,121
06065045209,6497,2199,2095,104
06065045212,2148,1268,1031,237
06065045213,5619,2056,1831,225
06065045214,6009,2906,2450,456
06065045216,2253,1499,1172,327
06065045217,7230,1946,1895,51
06065045222,2455,2050,821,1229
06065045224,5696,2623,1806,817
06065045226,6528,1441,1416,25
06065045228,5662,2491,2125,366
06065045233,4735,2003,1847,156
06065045234,4699,2104,1723,381
06065045235,3562,1549,1324,225
06065045302,4362,1095,1066,29
06065045303,3141,833,808,25
06065045305,4744,1343,1280,63
06065045306,6242,1779,1699,80
06065045501,5906,1625,1589,36
06065045502,3846,1239,1181,58
06065045606,3660,2564,1622,942
06065045610,4124,1104,1013,91
06065045611,4276,952,939,13
06065045612,4810,1225,1153,72
06065045613,1947,2686,1050,1636
06065045614,1149,1219,553,666
06065045615,3535,965,913,52
06065045616,1818,518,486,32
06065045617,2598,1520,1146,374
06065045618,2181,544,507,37
06065045619,4407,1068,990,78
06065045703,6297,1425,1398,27
06065045704,3135,830,809,21
06065045706,4297,1049,1027,22
06065045707,6289,1543,1518,25
06065045708,4412,1056,1024,32
06065045709,4579,1095,1090,5
06065045900,1511,683,547,136
06065046101,2862,1237,1095,142
06065046102,2028,787,697,90
06065046103,2757,1043,963,80
06065046200,3084,1197,1087,110
06065046401,3953,1351,1261,90
06065046402,5261,1952,1818,134
06065046403,7686,2350,2277,73
06065046404,6160,1908,1821,87
06065046405,4128,1275,1216,59
06065046501,3455,104,96,8
06065046502,4364,1462,1358,104
06065046601,4560,228,228,0
06065046602,3497,1086,1063,23
06065046700,4243,1725,1395,330
06065046800,6517,1536,1515,21
06065046900,1725,935,641,294
06065047000,1567,910,609,301
06065047201,2165,2015,1144,871
06065047202,1891,1454,781,673
06065047901,5122,1511,1497,14
06065047902,6414,1828,1775,53
06065048100,6631,2090,1979,111
06065048200,4251,1236,1207,29
06065048300,6497,1661,1626,35
06065048700,4908,1207,1186,21
06065048800,4556,1124,1106,18
06065048901,3828,1011,986,25
06065048902,7472,1951,1913,38
06065049001,6345,1593,1562,31
06065049002,2848,752,735,17
06065049101,2491,1957,1090,867
06065049102,3074,2097,1422,675
06065049400,2849,1599,1305,294
06065049501,4600,1298,1215,83
06065049502,4222,1127,1100,27
06065049600,7361,2675,2543,132
06065049701,4126,1178,1162,16
06065049702,5401,1683,1618,65
06065049800,4012,1577,1512,65
06065050301,6337,1724,1680,44
06065050302,5752,1678,1618,60
06065050401,4855,1403,1382,21
06065050402,5134,1721,1665,56
06065050501,5398,1603,1551,52
06065050502,3940,1124,1105,19
06065050503,5542,1768,1737,31
06065050600,7869,2722,2572,150
06065050701,8318,2256,2178,78
06065050702,4768,1458,1425,33
06065050901,2147,1161,1017,144
06065050902,2503,979,920,59
06065051100,6506,1879,1808,71
06065051200,4682,2072,1897,175
06065051301,5459,1612,1547,65
06065051302,5018,1708,1526,182
06065051401,3644,2717,2186,531
06065051402,3050,2480,1906,574
06065940100,174,1027,91,936
06065940400,6242,1457,1422,35
06065940500,2421,2453,1404,1049
06065940600,3660,4274,1954,2320
06065940700,2561,2422,1520,902
06065940800,2852,2793,1823,970
06065940900,2044,1544,1153,391
06065941001,1788,1501,1112,389
06065941002,2217,2668,1353,1315
06065941100,2122,2268,1373,895
06065941200,2845,2859,1624,1235
06065941300,3067,2448,1721,727
06065941400,3985,3041,2140,901
06065941500,4858,1487,1439,48
06065980004,6,3,2,1
06065981000,5996,2,1,1
06067000100,3749,1752,1699,53
06067000200,3889,1809,1712,97
06067000300,3347,1590,1524,66
06067000400,3840,2398,2270,128
06067000501,1905,1222,1077,145
06067000502,1433,963,876,87
06067000600,1686,868,811,57
06067000700,2676,649,606,43
06067000800,1637,1165,980,185
06067001102,1443,1184,944,240
06067001103,1604,1319,1100,219
06067001201,2141,1789,1469,320
06067001202,1855,1454,1364,90
06067001300,3320,2258,2082,176
06067001400,2930,1940,1794,146
06067001500,4946,2497,2397,100
06067001601,3908,1655,1487,168
06067001602,2645,1261,1203,58
06067001701,2574,1131,1085,46
06067001702,3620,2126,1889,237
06067001800,5346,2646,2476,170
06067001900,3509,1897,1766,131
06067002000,3882,1686,1549,137
06067002100,2773,1377,1210,167
06067002200,4898,2206,2060,146
06067002300,3380,1686,1613,73
06067002400,4627,2157,2042,115
06067002500,1935,928,890,38
06067002600,2538,1305,1261,44
06067002700,3545,1627,1510,117
06067002800,3317,1234,1161,73
06067002900,4617,2316,2220,96
06067003001,2757,1023,998,25
06067003002,3897,1791,1735,56
06067003101,3583,1253,1220,33
06067003102,3168,1087,1050,37
06067003202,5354,1778,1717,61
06067003203,3149,783,773,10
06067003204,5553,1568,1513,55
06067003300,4256,1957,1864,93
06067003400,4335,1926,1827,99
06067003501,2760,1283,1228,55
06067003502,3034,1337,1287,50
06067003600,2728,1025,979,46
06067003700,4611,1393,1320,73
06067003800,5348,1814,1752,62
06067003900,3598,1698,1629,69
06067004005,4418,2074,1979,95
06067004006,5175,2386,2289,97
06067004008,3665,1572,1521,51
06067004011,3185,1444,1357,87
06067004012,3338,1433,1382,51
06067004013,3580,1542,1480,62
06067004014,2708,1307,1239,68
06067004015,4254,1881,1815,66
06067004016,2108,870,847,23
06067004017,2813,1327,1281,46
06067004018,2441,1071,1039,32
06067004019,2996,1309,1260,49
06067004020,2135,1284,1173,111
06067004100,5459,1744,1688,56
06067004201,5564,1721,1657,64
06067004202,5774,1739,1699,40
06067004203,5889,1699,1659,40
06067004301,4919,1319,1293,26
06067004302,4730,1207,1179,28
06067004401,4431,1443,1375,68
06067004402,4343,1390,1310,80
06067004501,3643,1152,1081,71
06067004502,5362,1785,1612,173
06067004602,5663,1723,1642,81
06067004603,2789,928,871,57
06067004604,5080,1594,1550,44
06067004701,3895,1242,1186,56
06067004702,5050,1568,1476,92
06067004801,6041,1739,1704,35
06067004802,4958,1527,1494,33
06067004904,6468,2012,1955,57
06067004906,3279,970,951,19
06067004907,2523,838,785,53
06067004908,4740,1275,1243,32
06067004909,2892,1010,967,43
06067004910,4103,1323,1268,55
06067005002,7436,2674,2580,94
06067005003,5240,1602,1560,42
06067005004,3703,1005,994,11
06067005101,4879,1411,1384,27
06067005102,4632,1740,1695,45
06067005201,4645,1013,925,88
06067005202,3513,1518,1470,48
06067005204,4900,2093,2032,61
06067005205,3096,1357,1240,117
06067005301,5508,797,736,61
06067005402,3272,1844,1719,125
06067005403,2234,1419,1334,85
06067005404,6080,3118,2903,215
06067005502,6031,2190,2090,100
06067005505,5619,2325,2237,88
06067005506,3410,1449,1344,105
06067005508,3491,2042,1907,135
06067005509,2008,1120,1045,75
06067005510,5238,2543,2410,133
06067005601,6136,2497,2410,87
06067005605,3758,1454,1403,51
06067005606,4461,1972,1883,89
06067005701,3175,1352,1302,50
06067005702,4887,1927,1860,67
06067005801,5335,2331,2217,114
06067005803,3731,1529,1457,72
06067005804,2659,1150,1092,58
06067005901,6722,2652,2565,87
06067005903,2996,1239,1180,59
06067005904,5348,2257,2166,91
06067006002,5309,2236,2161,75
06067006003,5029,2018,1921,97
06067006004,2626,1105,1072,33
06067006101,5500,2320,2220,100
06067006102,4047,1901,1844,57
06067006202,4319,1672,1593,79
06067006203,3873,1487,1426,61
06067006204,4137,1600,1524,76
06067006300,5262,1828,1757,71
06067006400,5918,1939,1842,97
06067006501,5005,1454,1390,64
06067006502,2565,739,725,14
06067006600,7103,2314,2200,114
06067006703,4985,1451,1424,27
06067006704,3903,1151,1125,26
06067006705,4982,1316,1271,45
06067006706,3943,1059,995,64
06067006801,1990,578,550,28
06067006802,2806,1006,918,88
06067006803,3151,856,830,26
06067006901,1774,926,860,66
06067006902,3608,1466,1333,133
06067007001,4493,1350,1291,59
06067007007,5691,1689,1637,52
06067007010,4015,2022,1946,76
06067007011,6494,2789,2662,127
06067007012,3605,1433,1405,28
06067007013,3015,1039,1010,29
06067007016,5971,1813,1771,42
06067007017,2986,1080,1049,31
06067007019,2815,922,886,36
06067007020,4225,1751,1686,65
06067007021,4795,1665,1597,68
06067007022,3489,1357,1307,50
06067007023,5137,1846,1768,78
06067007024,2626,997,967,30
06067007025,3695,1403,1347,56
06067007026,5697,2342,2300,42
06067007027,2145,1068,1007,61
06067007028,5110,1968,1870,98
06067007101,218,90,87,3
06067007103,4058,1692,1643,49
06067007105,7408,2464,2423,41
06067007106,7378,2389,2354,35
06067007107,4076,1521,1468,53
06067007108,6138,1907,1776,131
06067007109,3801,2030,1905,125
06067007110,4272,1404,1390,14
06067007111,4327,1378,1354,24
06067007202,4282,1411,1340,71
06067007204,5509,1613,1576,37
06067007206,4067,1394,1356,38
06067007207,4330,1431,1398,33
06067007208,4819,1515,1477,38
06067007209,3881,1292,1240,52
06067007301,5251,1750,1693,57
06067007402,6992,2078,2027,51
06067007403,4969,1444,1398,46
06067007413,7556,2517,2360,157
06067007414,4409,1467,1434,33
06067007415,3445,1190,1167,23
06067007416,4175,1560,1525,35
06067007417,3685,1149,1115,34
06067007422,2849,941,915,26
06067007423,5803,2143,2092,51
06067007424,4087,1420,1379,41
06067007426,2444,822,803,19
06067007427,7278,2248,2209,39
06067007428,3756,1318,1300,18
06067007429,5186,1911,1865,46
06067007430,8078,2545,2485,60
06067007431,3613,1120,1109,11
06067007432,5236,1593,1564,29
06067007434,6339,1928,1885,43
06067007435,2420,828,805,23
06067007436,2251,658,656,2
06067007437,7076,2043,2020,23
06067007438,3455,1127,1115,12
06067007439,4749,1608,1585,23
06067007501,7168,2818,2723,95
06067007503,5605,2237,2154,83
06067007504,2256,878,838,40
06067007602,5108,2121,2034,87
06067007603,3167,1416,1324,92
06067007604,4100,1784,1729,55
06067007701,7420,2931,2841,90
06067007702,4855,1969,1885,84
06067007801,5807,2601,2481,120
06067007802,4951,2166,2068,98
06067007903,4869,1965,1911,54
06067007904,5212,2021,1961,60
06067007905,4484,1828,1783,45
06067007906,3832,1654,1581,73
06067008005,4647,1906,1855,51
06067008006,5869,2532,2445,87
06067008007,3290,1492,1437,55
06067008008,4939,2054,1982,72
06067008009,4692,2113,2021,92
06067008010,5032,2169,2079,90
06067008111,6467,2464,2405,59
06067008113,3852,1505,1462,43
06067008117,2168,829,806,23
06067008119,5857,2315,2228,87
06067008120,4839,2086,1966,120
06067008122,3890,1623,1546,77
06067008124,4692,1663,1633,30
06067008125,5405,2178,2100,78
06067008127,4925,1755,1721,34
06067008128,2392,963,936,27
06067008129,3519,1321,1280,41
06067008130,4014,1387,1366,21
06067008131,5796,2694,2568,126
06067008132,3758,1557,1512,45
06067008133,2794,1253,1213,40
06067008134,5086,2185,2040,145
06067008135,4283,2279,2129,150
06067008136,2848,1451,1396,55
06067008137,2430,987,951,36
06067008138,3724,1428,1385,43
06067008139,3818,1879,1794,85
06067008140,3095,1213,1162,51
06067008141,7300,2944,2822,122
06067008142,3724,1496,1436,60
06067008143,4379,1790,1700,90
06067008144,3018,1122,1107,15
06067008145,7520,2734,2692,42
06067008203,4923,1952,1878,74
06067008204,4702,1834,1768,66
06067008206,5930,2343,2271,72
06067008207,4529,1879,1826,53
06067008208,4715,1979,1895,84
06067008209,4372,1927,1830,97
06067008210,5660,2662,2542,120
06067008211,2959,1115,1062,53
06067008402,5447,2105,2067,38
06067008403,6060,2630,2473,157
06067008404,3329,1595,1505,90
06067008501,7064,2591,2553,38
06067008504,5367,2221,2060,161
06067008505,2200,765,763,2
06067008506,2827,1605,1480,125
06067008507,4109,1702,1668,34
06067008508,8897,3157,3056,101
06067008509,4748,1514,1493,21
06067008510,5292,1747,1741,6
06067008512,5453,1759,1706,53
06067008513,3962,1552,1371,181
06067008601,5563,2376,2302,74
06067008602,1729,746,677,69
06067008702,2867,1345,1322,23
06067008703,5786,2604,2516,88
06067008704,3605,986,970,16
06067008706,1998,656,636,20
06067008707,6648,1889,1840,49
06067008708,3173,1057,1017,40
06067008802,3001,891,880,11
06067008803,1766,695,615,80
06067008905,4912,1768,1714,54
06067008907,5277,2063,1997,66
06067008908,5204,2163,2100,63
06067008909,2481,900,865,35
06067008910,3768,1399,1371,28
06067008911,2434,870,852,18
06067008912,3130,1343,1322,21
06067008913,4320,1591,1562,29
06067009004,4041,1339,1322,17
06067009005,3511,1330,1287,43
06067009006,5649,2005,1938,67
06067009007,3084,1156,1113,43
06067009008,5143,1755,1703,52
06067009010,6018,2749,2630,119
06067009011,5547,1891,1829,62
06067009103,3472,1297,1233,64
06067009105,2905,1169,1117,52
06067009106,4247,1982,1897,85
06067009107,3361,1371,1318,53
06067009108,3800,1449,1424,25
06067009109,4875,1784,1753,31
06067009110,1873,784,752,32
06067009111,5800,2325,2231,94
06067009112,3690,1397,1369,28
06067009201,6781,2330,2202,128
06067009307,5436,1870,1834,36
06067009308,6197,2236,2168,68
06067009309,2424,923,914,9
06067009310,7303,2572,2510,62
06067009311,6750,1992,1965,27
06067009312,7749,2243,2219,24
06067009314,6350,1908,1882,26
06067009316,4915,1304,1287,17
06067009317,7182,2175,2137,38
06067009318,2497,680,668,12
06067009319,5588,1526,1496,30
06067009320,4688,1465,1451,14
06067009321,5975,1724,1696,28
06067009323,5605,1857,1820,37
06067009326,5117,1535,1498,37
06067009328,6022,1673,1631,42
06067009329,2471,751,718,33
06067009330,4541,1306,1293,13
06067009331,7663,2086,2058,28
06067009332,1609,498,469,29
06067009333,2374,733,709,24
06067009334,5840,1650,1618,32
06067009335,6166,1698,1674,24
06067009336,3850,1231,1189,42
06067009403,2077,738,703,35
06067009404,6603,2408,2244,164
06067009406,2443,838,782,56
06067009408,1767,546,522,24
06067009409,4876,1528,1482,46
06067009410,5869,1942,1921,21
06067009501,2784,831,803,28
06067009502,7414,2443,2404,39
06067009503,3326,1231,1183,48
06067009504,2713,897,875,22
06067009601,6954,1915,1875,40
06067009608,10056,3209,3120,89
06067009609,5308,1482,1450,32
06067009610,6864,1894,1848,46
06067009611,3553,1235,1218,17
06067009612,5321,1838,1801,37
06067009614,7234,2251,2200,51
06067009616,6117,2185,2143,42
06067009617,3613,1387,1360,27
06067009618,4834,1562,1527,35
06067009622,7565,2774,2702,72
06067009632,7195,2052,2019,33
06067009633,3573,1059,1041,18
06067009634,5150,1532,1487,45
06067009635,6077,1887,1849,38
06067009637,6374,1638,1612,26
06067009639,3897,1283,1259,24
06067009640,3124,1097,1055,42
06067009641,4229,1443,1417,26
06067009642,1874,696,673,23
06067009643,6361,2123,2098,25
06067009644,3328,1316,1300,16
06067009645,4579,1595,1534,61
06067009646,3783,1002,984,18
06067009647,6617,1907,1866,41
06067009648,3562,1004,991,13
06067009649,5314,1643,1589,54
06067009650,3455,934,919,15
06067009651,5683,1967,1931,36
06067009652,3810,1397,1227,170
06067009653,3282,669,647,22
06067009800,2183,1311,1068,243
06067009900,3730,1566,1366,200
06067988300,5667,41,28,13
06069000100,5421,1784,1693,91
06069000200,6729,2506,2299,207
06069000300,5553,1478,1449,29
06069000400,6748,2139,2071,68
06069000501,5834,1786,1745,41
06069000502,6952,1907,1861,46
06069000601,4691,1384,1365,19
06069000602,4260,1319,1287,32
06069000701,4742,1225,1196,29
06069000702,6423,2090,2000,90
06069000801,3295,1363,1291,72
06069000802,3561,1384,1227,157
06071000103,4307,1610,1565,45
06071000104,6106,2017,1969,48
06071000105,6087,1931,1879,52
06071000107,2806,848,835,13
06071000108,5060,1753,1719,34
06071000109,6483,2113,2090,23
06071000111,2753,964,895,69
06071000115,9722,3347,3205,142
06071000117,6736,2286,2217,69
06071000118,4846,1563,1513,50
06071000119,4687,1886,1779,107
06071000120,7649,2172,2096,76
06071000121,8633,2780,2709,71
06071000122,3194,990,969,21
06071000201,5356,1797,1729,68
06071000203,4189,1162,1136,26
06071000205,4853,1467,1438,29
06071000207,4194,1089,1070,19
06071000208,4145,1094,1065,29
06071000304,6163,1714,1679,35
06071000305,5660,1538,1513,25
06071000306,3419,932,905,27
06071000307,3198,878,860,18
06071000308,3678,928,909,19
06071000401,6359,1960,1908,52
06071000403,4672,1407,1381,26
06071000404,5037,2063,1950,113
06071000501,6885,2058,2012,46
06071000503,5150,1662,1597,65
06071000504,5414,1573,1548,25
06071000603,5068,1566,1538,28
06071000604,5667,1818,1774,44
06071000605,4829,1340,1318,22
06071000606,4325,1207,1182,25
06071000804,3441,1268,1222,46
06071000808,6173,2075,2034,41
06071000812,4069,1427,1383,44
06071000813,3481,1309,1301,8
06071000814,3867,1366,1343,23
06071000815,3612,1302,1279,23
06071000816,4069,1421,1417,4
06071000817,4021,1569,1523,46
06071000818,5531,1926,1892,34
06071000819,5518,2063,2010,53
06071000820,3979,1387,1368,19
06071000821,4929,1962,1854,108
06071000823,6839,2650,2567,83
06071000824,5305,1906,1846,60
06071000825,4311,1574,1529,45
06071000826,4183,1410,1374,36
06071000901,4912,1829,1763,66
06071000903,4383,1552,1491,61
06071000904,3927,1340,1312,28
06071001001,5069,1553,1526,27
06071001002,5283,1419,1389,30
06071001101,4161,1264,1210,54
06071001103,4113,1350,1315,35
06071001104,5338,1701,1664,37
06071001200,4728,1571,1547,24
06071001305,5287,1384,1330,54
06071001307,3966,971,960,11
06071001308,4943,1276,1240,36
06071001309,4572,1181,1158,23
06071001310,5600,1504,1483,21
06071001311,3652,1070,1038,32
06071001312,5865,2285,1881,404
06071001400,3258,1364,1315,49
06071001501,3974,993,965,28
06071001503,3751,884,858,26
06071001504,5545,1689,1651,38
06071001600,5289,1482,1410,72
06071001702,5774,2008,1946,62
06071001703,5478,1749,1724,25
06071001704,5086,1535,1504,31
06071001706,6259,1879,1843,36
06071001707,5567,1486,1461,25
06071001803,3240,1315,1273,42
06071001804,6458,1876,1852,24
06071001806,4528,1267,1256,11
06071001808,4340,1189,1172,17
06071001809,4503,1130,1116,14
06071001810,4561,1166,1154,12
06071001812,3811,1110,1070,40
06071001813,4048,963,939,24
06071001901,5493,1624,1592,32
06071001906,12054,3973,3773,200
06071001907,11611,3461,3201,260
06071001908,5106,1574,1472,102
06071001909,2869,833,813,20
06071001910,2231,696,649,47
06071001911,5583,1792,1738,54
06071002011,4058,1295,1283,12
06071002013,4120,1649,1603,46
06071002014,4770,1573,1557,16
06071002015,4749,1571,1548,23
06071002016,3787,1229,1194,35
06071002017,5686,1867,1834,33
06071002018,5240,1815,1758,57
06071002019,4816,1759,1680,79
06071002021,5252,1714,1672,42
06071002023,5314,2384,2321,63
06071002025,5079,1889,1835,54
06071002027,5598,2108,2052,56
06071002028,5507,1889,1815,74
06071002029,5860,1931,1906,25
06071002031,6318,1907,1873,34
06071002035,7441,2648,2589,59
06071002037,7729,2140,2119,21
06071002038,5598,1490,1478,12
06071002039,5997,1674,1636,38
06071002040,5159,1365,1357,8
06071002041,5179,1446,1422,24
06071002042,2553,736,718,18
06071002043,6295,1738,1706,32
06071002044,4696,1520,1485,35
06071002045,2799,960,946,14
06071002046,6865,2098,2049,49
06071002047,3682,1599,1526,73
06071002048,3950,1221,1116,105
06071002049,3207,1148,1112,36
06071002050,5760,2298,2194,104
06071002051,5149,1990,1871,119
06071002101,4379,1357,1333,24
06071002103,4681,1952,1865,87
06071002105,5402,1928,1887,41
06071002107,5212,1945,1902,43
06071002109,6303,2764,2567,197
06071002111,4066,1710,1623,87
06071002112,3347,1759,1620,139
06071002204,6141,1502,1478,24
06071002206,6654,2018,2002,16
06071002207,5918,1000,962,38
06071002306,3696,998,979,19
06071002307,5004,1190,1174,16
06071002308,9109,2340,2286,54
06071002309,3781,1019,995,24
06071002310,5229,1417,1400,17
06071002311,5102,1306,1297,9
06071002312,5638,1549,1522,27
06071002313,6874,1749,1730,19
06071002314,6558,1756,1720,36
06071002315,4712,1194,1175,19
06071002403,5128,1116,1099,17
06071002404,3412,818,808,10
06071002405,5500,1257,1235,22
06071002406,2646,711,702,9
06071002501,5613,1346,1308,38
06071002503,3573,820,816,4
06071002504,4010,876,859,17
06071002602,7248,1987,1970,17
06071002604,5569,1494,1478,16
06071002606,7171,1942,1909,33
06071002608,6008,1431,1416,15
06071002609,3577,973,910,63
06071002610,3589,892,877,15
06071002611,4380,1138,1126,12
06071002703,5856,1675,1661,14
06071002705,5718,1582,1557,25
06071002706,14194,3632,3565,67
06071002707,3146,805,800,5
06071002708,6397,1743,1708,35
06071002709,3986,1068,1011,57
06071002801,5580,1438,1409,29
06071002803,3974,1059,1031,28
06071002804,5749,1562,1519,43
06071002901,4715,1245,1209,36
06071002902,6514,1935,1847,88
06071003000,3158,1156,1120,36
06071003101,4927,1222,1206,16
06071003102,5844,1503,1463,40
06071003201,3875,1014,994,20
06071003202,4424,1165,1141,24
06071003301,5578,1645,1629,16
06071003302,6937,2036,2002,34
06071003401,7500,1864,1829,35
06071003403,4320,1080,1055,25
06071003404,4776,1426,1290,136
06071003405,5338,1607,1525,82
06071003503,5641,1381,1358,23
06071003505,6554,1781,1734,47
06071003506,5069,1340,1321,19
06071003507,4787,1213,1197,16
06071003509,5066,1394,1350,44
06071003510,4824,1296,1268,28
06071003603,4259,1041,1031,10
06071003605,4308,1058,1052,6
06071003606,5316,1378,1327,51
06071003607,6230,1652,1598,54
06071003609,5163,1457,1434,23
06071003611,4827,1383,1339,44
06071003612,4574,1120,1095,25
06071003700,4018,1328,1295,33
06071003801,5120,1376,1344,32
06071003803,5020,1248,1231,17
06071003804,4957,1211,1198,13
06071003900,5514,1421,1388,33
06071004001,4431,1003,979,24
06071004003,6176,1379,1343,36
06071004004,5785,1531,1490,41
06071004101,5736,1325,1292,33
06071004103,5907,1305,1269,36
06071004104,5183,1177,1140,37
06071004201,7125,1869,1813,56
06071004202,5515,1505,1439,66
06071004301,4542,1076,1058,18
06071004302,4348,1289,1250,39
06071004401,4406,1189,1159,30
06071004403,5736,1525,1499,26
06071004404,6047,1660,1644,16
06071004503,3829,1132,1104,28
06071004505,5456,1741,1688,53
06071004507,5543,1663,1595,68
06071004509,5210,1543,1506,37
06071004510,5337,1521,1414,107
06071004511,3863,1286,1245,41
06071004512,5075,1644,1568,76
06071004601,7431,2482,2363,119
06071004603,6454,2374,2271,103
06071004604,5709,1623,1587,36
06071004700,6090,1552,1481,71
06071004800,3486,906,854,52
06071004901,4270,1185,1153,32
06071004902,3299,801,771,30
06071005101,4601,1524,1465,59
06071005102,4189,1429,1373,56
06071005200,4521,1468,1427,41
06071005300,6064,1764,1690,74
06071005400,6981,2015,1915,100
06071005501,2865,791,748,43
06071005502,6482,1957,1858,99
06071005601,4060,1161,1092,69
06071005602,3354,917,878,39
06071005701,2150,1013,977,36
06071005800,4039,1384,1321,63
06071006101,4867,1438,1392,46
06071006102,4752,1355,1315,40
06071006201,4109,1146,1129,17
06071006203,5500,1680,1597,83
06071006204,4506,1464,1381,83
06071006301,5370,1643,1565,78
06071006303,4983,1317,1272,45
06071006304,4743,1196,1147,49
06071006401,3090,882,847,35
06071006402,5286,1427,1373,54
06071006501,3727,948,907,41
06071006502,3628,1007,963,44
06071006601,4537,1327,1288,39
06071006603,5125,1343,1313,30
06071006604,4099,1220,1166,54
06071006700,4484,1206,1184,22
06071007001,3596,956,921,35
06071007002,4952,1419,1384,35
06071007104,4030,1435,1416,19
06071007105,3259,1282,1242,40
06071007106,4254,1556,1465,91
06071007107,3416,1268,1184,84
06071007108,2309,1096,1021,75
06071007110,4917,1508,1488,20
06071007111,3640,1489,1399,90
06071007112,3345,1283,1225,58
06071007201,3671,1071,1033,38
06071007202,3027,816,770,46
06071007303,4969,2283,2092,191
06071007305,4915,1826,1705,121
06071007306,6044,2430,2273,157
06071007307,5162,1937,1853,84
06071007308,5074,2002,1917,85
06071007404,4638,1737,1666,71
06071007407,3119,928,852,76
06071007408,4432,1373,1350,23
06071007409,6278,1817,1756,61
06071007410,6091,2278,2181,97
06071007411,1729,503,494,9
06071007412,6645,2187,2089,98
06071007603,5059,1581,1531,50
06071007604,4844,1395,1369,26
06071007605,4233,1190,1143,47
06071007606,3556,958,932,26
06071007800,6632,3250,2886,364
06071007903,4931,1581,1559,22
06071007904,7061,2218,2186,32
06071007905,3600,1245,1215,30
06071007906,4343,1389,1366,23
06071008001,7038,2227,2161,66
06071008003,4222,1255,1216,39
06071008004,3250,1011,951,60
06071008100,3326,1621,1551,70
06071008201,3323,1761,1679,82
06071008202,2576,1016,817,199
06071008301,6616,2713,2567,146
06071008302,3268,1292,1254,38
06071008402,6501,2317,2261,56
06071008403,5791,2168,2103,65
06071008404,2931,1153,1043,110
06071008405,5752,1670,1611,59
06071008406,5254,1820,1689,131
06071008501,3945,1518,1458,60
06071008502,4782,1793,1726,67
06071008601,6404,2330,2211,119
06071008602,3641,1413,1354,59
06071008705,4669,1736,1653,83
06071008708,4415,1501,1475,26
06071008709,4627,1793,1721,72
06071008710,4700,1945,1837,108
06071008711,3720,1370,1309,61
06071008712,4102,1557,1514,43
06071008713,4224,1597,1526,71
06071008714,4314,1600,1548,52
06071008715,7091,2475,2410,65
06071008716,6650,2289,2238,51
06071008800,6520,2530,2425,105
06071008901,1890,1094,800,294
06071009109,5922,2214,2010,204
06071009119,5761,2090,1765,325
06071009120,4433,1612,1479,133
06071009121,2825,1300,1145,155
06071009122,3823,1329,1192,137
06071009123,2760,969,863,106
06071009124,5135,1243,1214,29
06071009125,6019,1585,1549,36
06071009126,6912,1975,1911,64
06071009127,8155,2071,1979,92
06071009128,5552,1503,1436,67
06071009129,6763,1747,1695,52
06071009130,5075,1267,1237,30
06071009131,4882,1639,1507,132
06071009132,2606,823,752,71
06071009133,8582,1649,1546,103
06071009134,862,342,289,53
06071009135,5560,1640,1470,170
06071009136,5789,1477,1392,85
06071009137,4269,1187,1146,41
06071009138,5260,1436,1379,57
06071009139,5833,1451,1389,62
06071009201,4761,2684,1999,685
06071009202,1856,1036,774,262
06071009300,1193,495,439,56
06071009400,3939,1612,1439,173
06071009501,4121,1554,1415,139
06071009502,3820,1486,1352,134
06071009708,5106,2276,1881,395
06071009709,6492,2171,2086,85
06071009712,6400,2234,2132,102
06071009713,7303,2473,2343,130
06071009714,4269,1383,1317,66
06071009717,4473,1496,1446,50
06071009718,4066,2698,2600,98
06071009719,3276,1232,1138,94
06071009720,1743,581,549,32
06071009721,5911,1848,1775,73
06071009722,3413,1199,1123,76
06071009723,5853,1987,1891,96
06071009724,4298,1456,1415,41
06071009725,5666,1890,1792,98
06071009726,3474,1257,1198,59
06071009727,4599,1534,1482,52
06071009800,5051,1620,1495,125
06071009906,5401,1554,1519,35
06071009908,5270,1569,1513,56
06071009910,5249,1482,1437,45
06071009911,7099,1976,1908,68
06071009912,5695,1968,1844,124
06071009913,6582,1985,1899,86
06071009914,3348,1311,1203,108
06071009915,2930,810,771,39
06071009916,6303,1865,1792,73
06071009917,6607,2078,1950,128
06071009918,3766,1113,1070,43
06071010009,4386,1480,1394,86
06071010010,7129,2067,2000,67
06071010011,5377,1656,1572,84
06071010012,5228,1630,1568,62
06071010014,5020,1474,1419,55
06071010015,5940,1766,1715,51
06071010016,6228,1941,1762,179
06071010019,5664,1700,1641,59
06071010021,7189,2278,2202,76
06071010022,4542,1539,1468,71
06071010023,6399,1931,1872,59
06071010024,5711,1891,1798,93
06071010027,3966,1596,1380,216
06071010028,4453,1291,1247,44
06071010029,4295,1275,1228,47
06071010030,3070,899,860,39
06071010031,5099,1404,1362,42
06071010032,6546,2056,1983,73
06071010033,2002,932,904,28
06071010034,4861,1660,1568,92
06071010035,3577,1064,1021,43
06071010036,4709,1706,1578,128
06071010037,7242,2454,2341,113
06071010038,4736,1552,1502,50
06071010039,2488,1103,924,179
06071010040,3287,1445,1217,228
06071010041,6221,1679,1637,42
06071010042,5246,1333,1253,80
06071010300,2973,1590,1131,459
06071010402,12280,1825,1722,103
06071010410,3085,1586,1256,330
06071010413,6324,2947,2642,305
06071010415,5540,2438,2171,267
06071010417,3257,1779,1494,285
06071010419,4112,2472,1780,692
06071010420,3813,2243,1637,606
06071010422,1716,793,648,145
06071010424,1739,1526,840,686
06071010425,826,965,458,507
06071010426,2020,1129,859,270
06071010427,2805,1473,1346,127
06071010428,4232,2049,1696,353
06071010429,4245,1823,1638,185
06071010430,3915,1504,1403,101
06071010431,1307,1392,649,743
06071010432,1759,924,733,191
06071010433,4354,2039,1845,194
06071010434,1443,813,654,159
06071010435,2207,1510,986,524
06071010436,1062,1055,498,557
06071010700,3731,1729,1497,232
06071010803,3669,2483,1545,938
06071010804,3180,1918,1346,572
06071010805,2634,1394,1056,338
06071010806,3149,1778,1301,477
06071010903,2737,2627,1140,1487
06071010904,2664,1895,1077,818
06071010905,2288,2352,946,1406
06071010906,1158,1547,510,1037
06071011002,1746,1239,664,575
06071011003,1439,1726,618,1108
06071011004,1118,690,422,268
06071011101,3943,2604,1658,946
06071011102,2315,2485,1032,1453
06071011203,1325,2280,602,1678
06071011204,1241,3010,578,2432
06071011205,1355,1518,594,924
06071011206,1065,2578,530,2048
06071011300,1522,2193,715,1478
06071011404,3902,2534,1594,940
06071011405,1686,2661,769,1892
06071011406,2578,1819,1046,773
06071011407,1946,1930,879,1051
06071011408,1839,2310,871,1439
06071011500,2109,1496,898,598
06071011601,6320,2786,2484,302
06071011602,1575,743,617,126
06071011700,1432,626,457,169
06071011801,4049,1446,1357,89
06071011802,3277,1178,1087,91
06071011900,2603,1101,957,144
06071012001,6351,2163,2063,100
06071012002,5882,2254,2023,231
06071012101,5985,2359,2209,150
06071012103,3390,1707,1277,430
06071012105,2955,1217,1036,181
06071012106,2107,1085,764,321
06071012201,9002,2525,2437,88
06071012202,2898,0,0,0
06071012300,1481,0,0,0
06071012400,3140,865,834,31
06071012500,4329,1341,1275,66
06071012700,4000,1399,1361,38
06071025000,8111,2468,2337,131
06071025100,2038,2233,921,1312
06071940100,1213,1445,624,821
06071980100,4,1,0,1
06071980200,3953,1,1,0
06073000100,2908,1295,1221,74
06073000201,2001,1139,1074,65
06073000202,4441,2449,2301,148
06073000301,2155,1394,1300,94
06073000302,2811,1988,1758,230
06073000400,3794,2470,2311,159
06073000500,3012,1730,1656,74
06073000600,3182,2083,1899,184
06073000700,4072,2568,2429,139
06073000800,4890,2898,2703,195
06073000901,3184,1901,1777,124
06073000902,2479,1567,1497,70
06073001000,4690,2711,2522,189
06073001100,3000,1804,1701,103
06073001201,2235,1276,1233,43
06073001202,3216,1778,1705,73
06073001301,2696,1607,1489,118
06073001302,3331,2013,1878,135
06073001400,3205,1751,1653,98
06073001500,3827,2058,1949,109
06073001600,5244,2536,2394,142
06073001700,4521,2336,2246,90
06073001801,2003,1022,968,54
06073001802,3061,1716,1633,83
06073001900,3036,1519,1445,74
06073002001,3459,1620,1556,64
06073002002,2671,1199,1155,44
06073002100,5235,2647,2498,149
06073002201,3593,1282,1238,44
06073002202,4928,1824,1766,58
06073002301,2976,1271,1235,36
06073002302,6215,2218,2155,63
06073002401,4061,1700,1611,89
06073002402,4735,1552,1501,51
06073002501,5172,1601,1557,44
06073002502,5929,2057,1991,66
06073002601,5326,1688,1628,60
06073002602,4117,1258,1200,58
06073002702,5695,2106,2028,78
06073002703,7181,2391,2307,84
06073002705,4373,1305,1281,24
06073002707,4687,1596,1527,69
06073002708,5570,2091,2016,75
06073002709,3487,1153,1089,64
06073002710,3943,1216,1163,53
06073002711,3170,928,900,28
06073002712,4952,1798,1716,82
06073002801,5347,909,701,208
06073002803,5495,2547,2471,76
06073002804,4864,1587,1529,58
06073002902,6540,2703,2577,126
06073002903,3826,1401,1343,58
06073002904,8957,2683,2474,209
06073002905,4335,1746,1679,67
06073003001,4567,1287,1240,47
06073003003,5233,1616,1559,57
06073003004,4974,1390,1351,39
06073003101,3919,1093,1079,14
06073003103,6242,1677,1643,34
06073003105,4261,1067,1064,3
06073003107,5870,1622,1597,25
06073003108,3454,986,955,31
06073003109,3037,822,808,14
06073003111,6139,1739,1679,60
06073003112,4754,1317,1291,26
06073003113,5045,1285,1260,25
06073003114,3133,804,795,9
06073003115,6554,1803,1774,29
06073003201,5077,1502,1454,48
06073003202,4755,1339,1313,26
06073003204,3725,1127,1092,35
06073003207,6024,2192,2084,108
06073003208,6944,2312,2246,66
06073003209,5397,1778,1731,47
06073003211,3144,896,887,9
06073003212,4231,1139,1121,18
06073003213,3965,1077,1065,12
06073003214,4764,1576,1533,43
06073003301,3394,959,940,19
06073003303,4330,1201,1161,40
06073003304,3601,1064,1028,36
06073003305,5823,1678,1630,48
06073003401,6259,2122,2050,72
06073003403,4054,1118,1076,42
06073003404,4481,1175,1130,45
06073003501,3994,1130,1071,59
06073003502,4599,1290,1233,57
06073003601,2951,793,763,30
06073003602,3056,797,767,30
06073003603,4092,1088,1071,17
06073003800,7014,619,617,2
06073003901,3892,1064,1041,23
06073003902,4673,1353,1284,69
06073004000,4521,1269,1197,72
06073004101,3986,1986,1869,117
06073004102,1899,856,795,61
06073004200,5818,2501,2388,113
06073004300,3660,1884,1754,130
06073004400,3750,1864,1728,136
06073004501,2612,1457,1362,95
06073004600,1912,1145,1041,104
06073004700,1493,697,638,59
06073004800,3384,1183,1090,93
06073004900,4978,1646,1545,101
06073005000,2312,714,654,60
06073005101,3199,1991,1481,510
06073005102,4428,3745,3039,706
06073005103,4242,870,833,37
06073005201,3562,2256,2082,174
06073005202,4270,3289,2799,490
06073005301,2975,2129,1875,254
06073005302,4328,1561,1362,199
06073005401,1723,1591,1126,465
06073005402,4126,3099,2480,619
06073005403,3705,2222,1637,585
06073005500,390,5,5,0
06073005601,2728,1954,1764,190
06073005602,2365,1437,1323,114
06073005700,1416,955,874,81
06073005801,1959,1578,1328,250
06073005802,2535,1898,1661,237
06073005900,2959,2000,1828,172
06073006000,4381,2654,2344,310
06073006100,2274,1267,1170,97
06073006200,109,52,49,3
06073006300,2183,22,21,1
06073006500,3338,1749,1651,98
06073006600,1845,516,496,20
06073006801,2739,1446,1372,74
06073006802,5704,2754,2519,235
06073006900,5427,2256,2148,108
06073007002,3155,1263,1213,50
06073007100,4646,2401,2133,268
06073007200,5589,1638,1538,100
06073007302,2193,892,855,37
06073007303,1744,1021,905,116
06073007304,3303,2007,1852,155
06073007401,3197,1612,1530,82
06073007402,3631,1660,1566,94
06073007501,3993,2385,2143,242
06073007502,3150,1857,1676,181
06073007601,2419,1977,1040,937
06073007602,1876,1597,952,645
06073007701,3682,2363,1979,384
06073007702,3837,2287,2135,152
06073007800,5764,2794,2496,298
06073007905,2508,1678,1356,322
06073007907,3039,1763,1630,133
06073007908,2874,1548,1468,80
06073007910,2740,1752,1497,255
06073007911,2571,1567,1456,111
06073007912,1932,1065,999,66
06073008002,2598,1096,1023,73
06073008003,3288,1863,1658,205
06073008006,3885,2155,1924,231
06073008101,3859,2334,1857,477
06073008102,3424,1541,1361,180
06073008201,1845,1246,1010,236
06073008202,1524,1021,596,425
06073008301,3371,1315,1222,93
06073008303,3531,1764,1501,263
06073008305,14126,816,794,22
06073008306,3163,1215,1179,36
06073008307,3887,1603,1559,44
06073008310,5731,2543,2274,269
06073008311,2849,1177,1064,113
06073008312,3787,2042,1624,418
06073008313,2245,912,843,69
06073008324,6745,3060,2842,218
06073008327,6247,2523,2403,120
06073008328,8213,2696,2514,182
06073008330,5524,2091,2017,74
06073008331,2568,909,894,15
06073008336,2191,742,734,8
06073008337,4358,1344,1332,12
06073008339,1886,884,830,54
06073008343,4322,2071,1840,231
06073008344,3609,1297,1263,34
06073008345,3609,1831,1700,131
06073008346,4831,1781,1737,44
06073008347,6598,2136,2112,24
06073008348,5178,1807,1780,27
06073008349,3526,1083,1054,29
06073008350,6228,2243,2178,65
06073008351,4393,1373,1347,26
06073008352,3544,1158,1138,20
06073008353,4941,1563,1549,14
06073008355,3366,960,945,15
06073008356,3697,1363,1340,23
06073008357,4500,1502,1480,22
06073008358,6856,2230,2194,36
06073008359,4121,1838,1768,70
06073008360,6159,2194,2154,40
06073008361,2616,1559,1356,203
06073008362,3334,1742,1587,155
06073008363,5025,2295,2051,244
06073008364,5132,2868,2629,239
06073008365,2881,932,921,11
06073008366,7113,2212,2193,19
06073008367,3491,1173,1162,11
06073008368,6580,1984,1967,17
06073008369,3151,1994,1428,566
06073008370,4080,1949,1854,95
06073008371,4434,1789,1722,67
06073008372,4260,1450,1420,30
06073008373,3317,1284,1240,44
06073008374,4298,1292,1274,18
06073008375,4318,2320,2108,212
06073008376,5686,3030,2708,322
06073008377,2608,1429,1321,108
06073008378,1024,592,522,70
06073008379,4287,2371,2072,299
06073008380,7165,2827,2738,89
06073008381,2722,965,943,22
06073008501,5271,2172,2090,82
06073008502,6218,2409,2345,64
06073008503,6869,3033,2925,108
06073008504,6150,2397,2319,78
06073008505,5657,2185,2090,95
06073008506,3981,1561,1510,51
06073008507,7520,2975,2888,87
06073008509,6949,2786,2715,71
06073008510,6912,2891,2816,75
06073008511,5480,2746,2581,165
06073008512,4386,1669,1638,31
06073008513,2798,1127,1103,24
06073008600,6535,2075,2001,74
06073008701,3353,1270,1221,49
06073008702,4750,1814,1700,114
06073008800,6128,2069,2022,47
06073008901,5036,2573,2425,148
06073008902,2601,1603,1456,147
06073009000,3746,1368,1313,55
06073009101,5652,2412,2300,112
06073009102,3529,1853,1792,61
06073009103,3850,1706,1623,83
06073009104,2886,1182,1146,36
06073009107,5739,2562,2236,326
06073009108,1943,901,842,59
06073009109,4033,88,85,3
06073009201,6165,2202,2098,104
06073009203,4141,2346,2121,225
06073009204,3362,1299,1261,38
06073009301,4337,1768,1714,54
06073009305,4948,2341,2242,99
06073009306,6125,2506,2426,80
06073009307,4863,2699,2518,181
06073009308,4319,2482,2326,156
06073009400,8035,558,529,29
06073009502,3801,1574,1510,64
06073009504,7198,2614,2365,249
06073009505,6559,2763,2707,56
06073009506,4385,1656,1618,38
06073009507,3550,1522,1479,43
06073009509,5314,2680,2567,113
06073009510,4813,1290,1198,92
06073009511,3852,1040,914,126
06073009602,3946,1773,1682,91
06073009603,6293,3624,3337,287
06073009604,3553,1579,1484,95
06073009703,3590,1393,1357,36
06073009704,6152,2583,2506,77
06073009705,3847,1526,1456,70
06073009706,7520,2977,2885,92
06073009801,5164,2311,2220,91
06073009802,6586,2575,2511,64
06073009804,5024,1840,1818,22
06073009805,4802,2031,1981,50
06073009901,678,34,33,1
06073009902,6,5,5,0
06073010001,4032,1127,1095,32
06073010003,5806,1481,1463,18
06073010004,4538,1095,1092,3
06073010005,7060,2044,2033,11
06073010009,6517,1644,1627,17
06073010010,5506,1720,1695,25
06073010011,3603,934,927,7
06073010012,4567,1294,1247,47
06073010013,6009,1723,1664,59
06073010015,4582,1049,1032,17
06073010016,4126,6,6,0
06073010017,5818,1754,1686,68
06073010018,6718,2015,1950,65
06073010019,4045,1120,1086,34
06073010103,6248,1967,1908,59
06073010104,3378,1043,1024,19
06073010106,5237,1552,1522,30
06073010107,6578,1851,1767,84
06073010109,4597,1205,1174,31
06073010110,7510,2242,2196,46
06073010111,3289,841,830,11
06073010112,5204,1521,1475,46
06073010201,2768,1504,1212,292
06073010202,3499,1483,1375,108
06073010300,4485,1607,1561,46
06073010401,2452,822,773,49
06073010402,5800,1954,1899,55
06073010501,1365,597,555,42
06073010502,5766,2136,2030,106
06073010601,2106,1169,872,297
06073010800,2339,1216,1030,186
06073010900,1627,816,665,151
06073011000,2983,1568,1386,182
06073011100,3795,1800,1584,216
06073011300,4036,62,60,2
06073011601,5713,1768,1674,94
06073011602,3520,1200,1175,25
06073011700,7569,2679,2577,102
06073011801,3692,1120,1083,37
06073011802,6636,1888,1821,67
06073011902,5797,1670,1601,69
06073012002,3394,1217,1181,36
06073012003,3372,926,913,13
06073012101,2167,697,675,22
06073012102,3160,939,919,20
06073012200,3513,972,936,36
06073012302,1889,885,832,53
06073012303,3669,1503,1411,92
06073012304,3997,1479,1411,68
06073012401,3693,1375,1315,60
06073012402,5822,2044,1969,75
06073012501,4401,1583,1546,37
06073012502,4576,1685,1563,122
06073012600,5143,1623,1585,38
06073012700,4945,2020,1814,206
06073012800,4009,1439,1383,56
06073012900,3540,1162,1129,33
06073013000,5997,1958,1886,72
06073013102,7294,2455,2366,89
06073013103,2922,859,844,15
06073013104,6017,1973,1927,46
06073013203,6471,2203,2153,50
06073013204,4114,1152,1137,15
06073013205,2473,693,667,26
06073013206,6909,2501,2434,67
06073013301,5271,1556,1529,27
06073013302,5073,1379,1364,15
06073013303,5130,1507,1473,34
06073013306,4615,1298,1269,29
06073013307,4274,1115,1086,29
06073013308,3962,1095,1071,24
06073013309,6866,1963,1942,21
06073013312,2798,816,801,15
06073013315,3431,1129,1117,12
06073013316,7461,2220,2171,49
06073013317,16159,4707,4514,193
06073013318,7876,2248,2203,45
06073013319,7458,2748,2481,267
06073013320,6556,2003,1932,71
06073013321,8312,2252,2218,34
06073013322,4635,1325,1294,31
06073013323,6428,1813,1792,21
06073013324,2644,864,836,28
06073013325,5367,1753,1718,35
06073013326,4478,1076,1067,9
06073013327,5401,1704,1635,69
06073013401,4499,1441,1390,51
06073013409,5590,1895,1835,60
06073013411,5270,1740,1696,44
06073013412,5187,1760,1709,51
06073013414,7375,2264,2236,28
06073013415,1640,548,539,9
06073013416,3930,1268,1253,15
06073013417,1971,625,619,6
06073013418,6095,2137,2094,43
06073013420,3608,1153,1121,32
06073013421,4720,1473,1444,29
06073013422,3964,1279,1246,33
06073013423,3934,1138,1121,17
06073013424,5698,1771,1761,10
06073013425,2243,607,578,29
06073013503,6168,2122,2075,47
06073013504,3847,1339,1324,15
06073013505,5060,1984,1916,68
06073013506,4422,1237,1221,16
06073013601,5253,1997,1922,75
06073013604,6256,2202,2125,77
06073013605,5804,2145,2093,52
06073013607,2665,1105,1075,30
06073013608,4048,1719,1599,120
06073013701,2588,988,956,32
06073013702,5530,1742,1679,63
06073013801,5178,1793,1748,45
06073013802,3311,984,953,31
06073013903,3927,1196,1186,10
06073013905,4084,1243,1207,36
06073013906,4965,1636,1603,33
06073013907,4159,1340,1299,41
06073013908,3972,1119,1091,28
06073013909,4521,1284,1256,28
06073014001,4941,1593,1551,42
06073014002,4291,1274,1245,29
06073014101,3867,1202,1167,35
06073014102,3827,1109,1096,13
06073014200,7130,2209,2106,103
06073014300,3957,1314,1281,33
06073014400,4270,1887,1791,96
06073014500,4076,1479,1431,48
06073014601,4779,2135,2008,127
06073014602,4902,1885,1816,69
06073014701,4045,1702,1640,62
06073014702,4239,1646,1594,52
06073014803,5048,2376,2260,116
06073014804,4588,2049,1979,70
06073014805,5104,2422,2320,102
06073014806,2677,1316,1258,58
06073014901,4742,2024,1960,64
06073014902,3340,1484,1431,53
06073015001,4294,1749,1672,77
06073015002,2468,1078,1020,58
06073015100,5011,2051,1960,91
06073015200,3958,1528,1477,51
06073015301,3411,1080,1052,28
06073015302,4591,1549,1498,51
06073015403,2545,899,862,37
06073015405,5980,1999,1966,33
06073015406,2520,906,889,17
06073015407,4323,1379,1360,19
06073015408,3817,1413,1384,29
06073015501,5346,1926,1861,65
06073015502,2950,1084,1046,38
06073015601,6340,2116,2066,50
06073015602,2472,817,790,27
06073015701,6503,2379,2322,57
06073015704,4559,1501,1459,42
06073015705,4515,1592,1478,114
06073015706,2473,958,930,28
06073015801,4010,1555,1520,35
06073015802,5027,1568,1516,52
06073015901,3671,1064,1039,25
06073015902,5340,1856,1800,56
06073016000,2628,954,913,41
06073016100,5991,2346,2245,101
06073016201,6079,2240,2194,46
06073016202,3793,1571,1489,82
06073016301,5533,1921,1851,70
06073016302,5750,1878,1817,61
06073016401,5311,1714,1665,49
06073016403,4778,1594,1554,40
06073016404,3190,1035,989,46
06073016502,7271,2403,2328,75
06073016503,3056,1127,1100,27
06073016504,7171,2542,2453,89
06073016606,3576,1300,1267,33
06073016607,7111,2624,2568,56
06073016608,2475,852,843,9
06073016609,5470,1878,1852,26
06073016610,4334,1521,1490,31
06073016613,2006,745,731,14
06073016614,4115,1395,1366,29
06073016615,4278,1138,1080,58
06073016616,4452,1572,1531,41
06073016617,3550,1640,1556,84
06073016618,3947,1718,1668,50
06073016619,4576,1895,1850,45
06073016620,2664,942,932,10
06073016621,4386,1527,1488,39
06073016703,2750,972,953,19
06073016704,7174,2596,2474,122
06073016705,4629,1943,1869,74
06073016706,2966,982,962,20
06073016804,7727,2732,2630,102
06073016806,4462,1497,1453,44
06073016807,7707,2679,2607,72
06073016809,6056,2121,2029,92
06073016810,2733,921,897,24
06073016811,4677,1724,1670,54
06073016812,3463,1400,1333,67
06073016813,3441,1372,1318,54
06073016901,7217,2576,2511,65
06073016902,2562,890,843,47
06073017006,2924,1065,1043,22
06073017009,4482,1590,1538,52
06073017010,3110,1013,1000,13
06073017014,2493,1495,1386,109
06073017018,3727,1565,1475,90
06073017020,3986,1458,1397,61
06073017021,3182,1133,1096,37
06073017022,5665,2207,2164,43
06073017031,4003,1446,1408,38
06073017033,5608,1846,1822,24
06073017034,4893,1707,1677,30
06073017035,3319,1237,1216,21
06073017036,3352,1225,1208,17
06073017037,5876,2076,2036,40
06073017039,6915,2647,2589,58
06073017040,4277,1434,1406,28
06073017041,6111,2177,2115,62
06073017043,5891,2194,2140,54
06073017044,5638,1885,1867,18
06073017045,2703,866,859,7
06073017046,3727,1433,1403,30
06073017047,3996,1413,1389,24
06073017048,6627,2355,2271,84
06073017049,3033,945,932,13
06073017050,3011,1078,1055,23
06073017051,4669,2139,2068,71
06073017052,5137,2344,2220,124
06073017053,3406,1134,1102,32
06073017054,5654,1965,1864,101
06073017055,5125,1962,1909,53
06073017056,4426,1840,1796,44
06073017057,3763,1519,1460,59
06073017058,4048,1707,1650,57
06073017059,3609,1890,1802,88
06073017060,2728,1265,1221,44
06073017061,3838,1680,1532,148
06073017062,5489,1938,1822,116
06073017063,4659,1901,1791,110
06073017064,7844,2257,2238,19
06073017065,9344,3066,2988,78
06073017066,5989,2115,1988,127
06073017067,3213,931,931,0
06073017068,4778,1796,1738,58
06073017069,2544,928,919,9
06073017070,6376,1900,1868,32
06073017071,5073,1593,1580,13
06073017104,4014,1498,1463,35
06073017106,5100,2151,1851,300
06073017107,2858,1029,1009,20
06073017108,4717,1708,1674,34
06073017109,6845,2346,2279,67
06073017111,4415,1711,1548,163
06073017112,2602,829,791,38
06073017113,5381,1810,1774,36
06073017201,1905,1448,1012,436
06073017202,2035,1119,914,205
06073017303,3033,1307,1195,112
06073017305,3100,1348,1302,46
06073017306,2855,1300,1207,93
06073017307,2264,1680,1102,578
06073017308,3178,1566,1424,142
06073017403,4998,2157,2068,89
06073017405,3604,1342,1294,48
06073017406,3135,1358,1241,117
06073017407,3080,1522,1357,165
06073017408,2684,1392,1237,155
06073017501,2755,1492,1292,200
06073017502,3674,1369,1298,71
06073017601,5511,2532,2376,156
06073017603,2498,1051,975,76
06073017605,3692,1378,1209,169
06073017606,3988,1825,1717,108
06073017701,5379,2771,2401,370
06073017702,2923,1554,1352,202
06073017801,7000,2875,2706,169
06073017808,6166,2542,2431,111
06073017809,2324,911,874,37
06073017810,5067,2180,2018,162
06073017811,6806,2991,2809,182
06073017813,4370,2088,1808,280
06073017901,3767,2047,1844,203
06073017902,2883,1296,1161,135
06073018000,3089,2219,1700,519
06073018101,3474,1459,1382,77
06073018102,2544,1424,1200,224
06073018201,2942,1379,1249,130
06073018202,3122,1312,1190,122
06073018301,1008,1454,591,863
06073018302,1335,1170,772,398
06073018400,3561,2051,1721,330
06073018504,6797,2689,2575,114
06073018509,4974,1798,1730,68
06073018510,3419,1181,1136,45
06073018511,4959,1911,1843,68
06073018512,3647,2209,2044,165
06073018515,5064,2165,2079,86
06073018516,3940,1323,1283,40
06073018517,3996,2021,1896,125
06073018518,3132,854,830,24
06073018519,5575,1440,1410,30
06073018520,5540,1679,1644,35
06073018521,4888,1779,1638,141
06073018522,5371,1916,1826,90
06073018523,5116,1944,1869,75
06073018524,3642,1547,1445,102
06073018525,4395,1482,1461,21
06073018601,4622,1575,1524,51
06073018608,3103,1121,1092,29
06073018609,6286,1846,1810,36
06073018612,4098,1309,1273,36
06073018613,4117,1390,1342,48
06073018615,2814,953,885,68
06073018616,3724,1438,1372,66
06073018617,3561,1042,1014,28
06073018618,3969,1020,978,42
06073018619,6194,2036,1955,81
06073018620,2718,721,709,12
06073018621,1640,629,596,33
06073018622,5130,2021,1914,107
06073018700,37892,7730,6204,1526
06073018801,3808,1388,1340,48
06073018803,5056,2070,1904,166
06073018804,5536,2186,2069,117
06073018805,3572,1588,1482,106
06073018903,5161,1768,1703,65
06073018904,6316,1915,1815,100
06073018905,6764,2090,2016,74
06073018906,6298,2164,2087,77
06073019001,6395,2619,2455,164
06073019002,3581,1166,1106,60
06073019103,7046,2410,2280,130
06073019105,6920,3171,2804,367
06073019107,2470,940,893,47
06073019108,3072,1064,982,82
06073019109,4793,1514,1453,61
06073019110,5438,1949,1788,161
06073019111,4417,1388,1315,73
06073019203,2952,994,943,51
06073019205,6472,2197,2100,97
06073019206,5586,1385,1352,33
06073019208,3564,1220,1148,72
06073019209,3270,1245,1172,73
06073019210,5882,1845,1782,63
06073019301,6651,2330,2279,51
06073019303,8025,2782,2711,71
06073019304,3548,1246,1210,36
06073019305,3983,1884,1825,59
06073019403,6489,2119,2058,61
06073019404,3697,848,835,13
06073019405,3813,1268,1240,28
06073019406,4959,1636,1602,34
06073019501,3831,890,864,26
06073019502,5492,1432,1386,46
06073019503,5032,1629,1594,35
06073019601,6622,2244,2179,65
06073019602,5438,1742,1684,58
06073019701,7022,2689,2569,120
06073019702,5069,1737,1700,37
06073019803,5937,2424,2295,129
06073019804,4567,1722,1685,37
06073019805,4138,1534,1477,57
06073019808,4853,2589,2465,124
06073019809,4096,1717,1677,40
06073019810,6412,2236,2207,29
06073019811,7330,2913,2775,138
06073019902,4211,1362,1312,50
06073019903,4718,1598,1531,67
06073019904,6865,2932,2807,125
06073019905,4326,1875,1784,91
06073020015,5171,2239,2117,122
06073020017,3187,1245,1154,91
06073020019,6728,2952,2791,161
06073020021,6034,1708,1664,44
06073020023,4734,1486,1465,21
06073020024,4129,1516,1467,49
06073020025,5021,1884,1800,84
06073020026,4345,1792,1736,56
06073020028,3690,1096,1046,50
06073020029,6854,2637,2434,203
06073020030,7193,2571,2447,124
06073020031,6659,2477,2420,57
06073020032,3649,1678,1535,143
06073020033,3720,1604,1541,63
06073020034,2737,914,909,5
06073020035,6858,2411,2362,49
06073020036,3613,945,933,12
06073020037,4331,1226,1197,29
06073020038,5773,1589,1567,22
06073020039,2226,641,636,5
06073020040,4299,1494,1473,21
06073020041,3028,1012,973,39
06073020042,3794,1755,1664,91
06073020043,6475,1967,1933,34
06073020044,8509,2824,2747,77
06073020105,4122,1587,1514,73
06073020106,3852,1217,1189,28
06073020107,4248,1278,1249,29
06073020108,5901,1706,1654,52
06073020109,5178,1341,1333,8
06073020110,7812,2502,2444,58
06073020111,4128,1342,1304,38
06073020202,6955,1847,1803,44
06073020206,5009,1294,1277,17
06073020207,5183,1471,1424,47
06073020208,2615,672,665,7
06073020209,4882,1899,1851,48
06073020210,5105,1697,1658,39
06073020211,6918,2265,2178,87
06073020213,3674,1088,1059,29
06073020214,5808,1985,1878,107
06073020304,6641,2473,2432,41
06073020305,6124,2366,2184,182
06073020308,5981,2757,2605,152
06073020309,4093,1304,1265,39
06073020310,8703,2946,2603,343
06073020311,3600,1554,1457,97
06073020312,4487,1599,1558,41
06073020313,3012,1361,1190,171
06073020401,2373,974,939,35
06073020403,4220,1286,1259,27
06073020404,5426,2052,1970,82
06073020405,3685,1362,1318,44
06073020500,4952,1377,1334,43
06073020601,5715,1704,1648,56
06073020602,5970,2074,2012,62
06073020705,4861,1504,1485,19
06073020706,6656,2288,2229,59
06073020707,5077,1675,1611,64
06073020708,3728,1380,1326,54
06073020710,1798,709,684,25
06073020711,3593,1145,1120,25
06073020712,4856,1501,1481,20
06073020801,5295,1971,1876,95
06073020805,3674,1195,1167,28
06073020806,6158,2249,2168,81
06073020807,3070,1166,1089,77
06073020810,5349,1846,1821,25
06073020811,5923,2110,2055,55
06073020812,2003,689,656,33
06073020813,4983,1589,1526,63
06073020902,2306,1166,891,275
06073020903,3030,1658,1272,386
06073020904,3266,1980,1407,573
06073021001,2085,1901,1012,889
06073021002,1946,1489,893,596
06073021101,5310,1894,1746,148
06073021102,2613,1168,975,193
06073021202,3073,1359,1234,125
06073021204,5491,1955,1888,67
06073021205,7029,2730,2589,141
06073021206,3039,1162,1123,39
06073021302,7237,1669,1570,99
06073021304,2709,922,878,44
06073021305,4389,1481,1442,39
06073021306,5762,1647,1587,60
06073021401,4383,1657,1568,89
06073021402,2793,1435,1342,93
06073021501,3882,1187,1172,15
06073021502,9851,3316,3173,143
06073021600,3584,1922,982,940
06073021800,1980,1022,806,216
06073021900,2625,956,775,181
06073022000,4526,1450,1348,102
06073022101,2631,1115,1075,40
06073022102,7024,2720,2598,122
06073990100,0,0,0,0
06075010101,2026,1383,1264,119
06075010102,2000,942,878,64
06075010201,2468,1666,1416,250
06075010202,2074,1451,1178,273
06075010300,4062,2399,2052,347
06075010401,2214,1229,1064,165
06075010402,2293,1675,1324,351
06075010500,3234,2145,1851,294
06075010600,3718,2200,1900,300
06075010701,3721,2027,1767,260
06075010702,1626,840,748,92
06075010800,4573,2765,2365,400
06075010901,2338,1429,1239,190
06075010902,2332,1540,1403,137
06075011001,3079,1658,1529,129
06075011002,2363,1419,1279,140
06075011101,3143,2021,1805,216
06075011102,2504,1617,1466,151
06075011200,3441,2351,1962,389
06075011300,3068,1660,1520,140
06075011700,1905,1320,1097,223
06075011800,1589,813,748,65
06075011901,2275,1968,1467,501
06075011902,2738,2127,1768,359
06075012001,2002,1616,1322,294
06075012002,2267,1556,1395,161
06075012100,3455,2480,2122,358
06075012202,2490,1588,1374,214
06075012203,1931,1108,1020,88
06075012204,2570,1777,1539,238
06075012301,3088,1577,1338,239
06075012302,2875,2274,1998,276
06075012403,2157,1126,1031,95
06075012404,3849,2103,1840,263
06075012405,4152,2408,2203,205
06075012406,1936,1120,995,125
06075012502,4482,2868,2633,235
06075012503,4260,2342,1866,476
06075012504,2277,516,494,22
06075012601,2577,1665,1501,164
06075012602,3058,1857,1681,176
06075012700,3769,2281,2082,199
06075012801,2742,1609,1406,203
06075012802,1901,1102,1010,92
06075012901,2853,1751,1619,132
06075012902,3667,2265,2055,210
06075013001,2405,1437,1313,124
06075013002,2144,1275,1150,125
06075013101,4197,2655,2425,230
06075013102,2938,1785,1615,170
06075013200,4464,2562,2258,304
06075013300,4344,2129,1936,193
06075013401,1623,902,827,75
06075013402,2253,1265,1171,94
06075013500,2912,1935,1718,217
06075015100,3104,2256,1960,296
06075015201,1888,1355,1233,122
06075015202,2286,1306,1194,112
06075015300,2387,1182,1102,80
06075015401,3659,1846,1699,147
06075015402,2541,1285,1185,100
06075015500,3899,2380,2156,224
06075015600,3274,1604,1462,142
06075015701,4882,1301,1189,112
06075015702,3220,1577,1454,123
06075015801,3869,1862,1758,104
06075015802,3116,1672,1571,101
06075015900,4630,2320,2128,192
06075016000,2969,1903,1694,209
06075016101,2780,1749,1655,94
06075016102,2880,1303,1217,86
06075016200,3672,2482,2145,337
06075016300,4296,2148,1993,155
06075016400,3920,1991,1854,137
06075016500,5171,2530,2370,160
06075016601,3133,1565,1461,104
06075016602,2350,1173,1109,64
06075016700,4835,2501,2317,184
06075016801,4282,2264,2095,169
06075016802,3928,2241,2095,146
06075016900,3425,1954,1775,179
06075017000,4088,2372,2164,208
06075017101,3766,1912,1723,189
06075017102,3798,1829,1699,130
06075017602,3649,2109,1866,243
06075017603,5518,2926,2529,397
06075017604,4008,2462,2167,295
06075017700,2841,975,890,85
06075017801,3567,2581,2453,128
06075017803,2254,1288,1180,108
06075017804,4752,2463,2207,256
06075017903,2747,722,643,79
06075018000,4758,2084,1904,180
06075020101,3841,2089,1849,240
06075020102,3081,1577,1365,212
06075020201,2494,1381,1265,116
06075020202,3914,2067,1954,113
06075020300,3624,2020,1895,125
06075020401,3235,1776,1657,119
06075020402,4547,2646,2499,147
06075020500,2663,1431,1325,106
06075020601,2906,1668,1540,128
06075020602,2272,1263,1181,82
06075020701,2987,1630,1480,150
06075020702,2520,1307,1225,82
06075020801,3618,1793,1667,126
06075020802,3143,1358,1283,75
06075020900,4296,1973,1821,152
06075021000,4213,2256,2029,227
06075021100,4111,2044,1896,148
06075021200,3015,1526,1416,110
06075021300,2652,1289,1186,103
06075021400,3404,1772,1604,168
06075021500,5237,2613,2384,229
06075021600,4403,2251,2099,152
06075021700,4222,1902,1834,68
06075021800,4091,1893,1761,132
06075022600,5001,2524,2376,148
06075022702,2194,1118,1032,86
06075022704,3734,2176,1719,457
06075022801,4956,2005,1869,136
06075022802,1975,725,673,52
06075022803,4380,1682,1583,99
06075022901,4275,1557,1427,130
06075022902,2283,841,784,57
06075022903,3007,1206,1123,83
06075023001,5412,1367,1319,48
06075023003,4143,1227,1188,39
06075023102,3377,1260,1232,28
06075023103,4901,1707,1628,79
06075023200,4987,1382,1307,75
06075023300,4369,1453,1370,83
06075023400,4110,1164,1129,35
06075025100,3364,1383,1302,81
06075025200,5164,2264,2092,172
06075025300,4412,1980,1826,154
06075025401,3331,1365,1265,100
06075025402,2869,1101,1036,65
06075025403,4430,1560,1498,62
06075025501,3606,1169,1106,63
06075025502,4354,1430,1355,75
06075025600,5482,1672,1583,89
06075025701,4716,1415,1364,51
06075025702,4551,1310,1255,55
06075025800,2030,652,618,34
06075025900,4537,1467,1417,50
06075026001,5553,1625,1562,63
06075026002,3282,1001,963,38
06075026003,4890,1402,1361,41
06075026004,4162,1210,1163,47
06075026100,6890,2048,1966,82
06075026201,4174,1100,1056,44
06075026202,3323,937,889,48
06075026301,4761,1347,1316,31
06075026302,4760,1486,1434,52
06075026303,4632,1291,1240,51
06075026401,3954,1061,1016,45
06075026402,4174,1173,1134,39
06075026403,4050,1110,1061,49
06075026404,3100,757,740,17
06075030101,4592,2202,2088,114
06075030102,5500,2417,2307,110
06075030201,3988,1978,1868,110
06075030202,4507,2288,2121,167
06075030301,6076,2594,2431,163
06075030302,3670,1453,1389,64
06075030400,5269,2026,1939,87
06075030500,3220,1070,1021,49
06075030600,2343,917,874,43
06075030700,6859,2766,2669,97
06075030800,5898,2334,2170,164
06075030900,6707,2429,2308,121
06075031000,4192,1616,1546,70
06075031100,6305,2582,2448,134
06075031201,6064,1947,1862,85
06075031202,3051,876,842,34
06075031301,3786,1303,1235,68
06075031302,5673,1893,1815,78
06075031401,2942,790,747,43
06075031402,4287,1214,1163,51
06075032601,4412,1889,1759,130
06075032602,4289,1638,1541,97
06075032700,6472,2532,2382,150
06075032801,4234,1531,1447,84
06075032802,4097,1518,1449,69
06075032901,5015,1811,1718,93
06075032902,3850,1374,1320,54
06075033001,3893,1358,1307,51
06075033002,4021,1462,1392,70
06075033100,4025,1508,1432,76
06075033201,1729,942,489,453
06075033203,4003,1777,1613,164
06075033204,3839,1847,1613,234
06075035101,3551,1415,1340,75
06075035102,4252,1446,1384,62
06075035201,5288,1982,1907,75
06075035202,4353,1930,1765,165
06075035300,7360,2569,2491,78
06075035400,6696,2502,2397,105
06075040100,4417,2149,1998,151
06075040200,5539,2643,2435,208
06075042601,3917,1884,1732,152
06075042602,3469,1604,1483,121
06075042700,5496,2668,2448,220
06075042800,2433,1029,943,86
06075045100,5048,2289,2136,153
06075045201,3368,1457,1375,82
06075045202,3405,1597,1479,118
06075047600,5302,2349,2162,187
06075047701,4435,2057,1877,180
06075047702,3823,1667,1562,105
06075047801,4140,1782,1654,128
06075047802,3786,1630,1515,115
06075047902,3691,1705,1583,122
06075047903,3782,1601,1512,89
06075047904,3026,1386,1280,106
06075060100,3690,1430,1354,76
06075060400,2325,1451,1305,146
06075060502,3214,989,925,64
06075060701,8610,3843,3538,305
06075060702,3142,1488,1443,45
06075060703,5680,3083,2780,303
06075061000,5044,1679,1601,78
06075061101,2008,1110,998,112
06075061102,2443,1167,1089,78
06075061200,4166,1279,1199,80
06075061401,3336,1505,1407,98
06075061402,2545,1325,1099,226
06075061501,2106,1500,1234,266
06075061502,2454,1618,1435,183
06075061503,4039,3012,2241,771
06075061504,2246,1459,1288,171
06075061505,1051,654,562,92
06075061506,4452,2960,2561,399
06075061507,1738,1028,877,151
06075061508,2507,1427,1287,140
06075980200,79,1,1,0
06075980300,284,36,33,3
06075980401,0,0,0,0
06075980501,125,94,94,0
06075980600,1340,681,550,131
06075980900,1248,299,272,27
06075990100,0,0,0,0
06075990200,0,0,0,0
06077000101,2220,661,608,53
06077000102,2678,1583,1371,212
06077000300,2938,1074,1006,68
06077000401,3351,1410,1321,89
06077000402,4640,2186,1949,237
06077000500,3071,920,863,57
06077000600,2305,660,598,62
06077000700,5939,1506,1426,80
06077000802,2030,458,425,33
06077000803,5242,1325,1284,41
06077000900,6351,2146,2056,90
06077001000,5632,2131,2022,109
06077001101,5400,1902,1811,91
06077001102,5343,2172,2051,121
06077001200,5750,1886,1778,108
06077001300,5350,2085,2000,85
06077001400,5015,2037,1923,114
06077001501,4887,1334,1281,53
06077001502,4596,1382,1318,64
06077001600,2522,722,692,30
06077001700,4026,1228,1144,84
06077001800,4036,1177,1124,53
06077001900,5782,1571,1438,133
06077002000,4068,1258,1190,68
06077002100,5996,1602,1573,29
06077002201,3169,864,838,26
06077002202,5693,1507,1453,54
06077002300,5285,1495,1425,70
06077002401,5226,1390,1323,67
06077002402,2284,638,613,25
06077002503,2440,722,697,25
06077002504,4156,1064,1038,26
06077002701,7161,1951,1881,70
06077002702,4237,1144,1105,39
06077002800,6992,1783,1737,46
06077003106,3862,1785,1720,65
06077003108,4653,1979,1881,98
06077003109,5961,2337,2220,117
06077003110,4175,1680,1614,66
06077003111,4253,1879,1811,68
06077003112,3183,1423,1352,71
06077003115,3543,1545,1452,93
06077003116,3011,913,870,43
06077003117,3607,1491,1424,67
06077003118,2923,1174,1136,38
06077003119,3751,1207,1171,36
06077003203,3882,1451,1424,27
06077003205,4016,1343,1301,42
06077003209,3964,1326,1292,34
06077003210,3025,940,867,73
06077003213,5007,1473,1414,59
06077003214,3221,1007,988,19
06077003215,4074,1753,1682,71
06077003216,3046,911,885,26
06077003217,3399,1031,991,40
06077003218,3666,1071,1036,35
06077003219,9976,2908,2843,65
06077003305,4275,1510,1445,65
06077003306,4444,1463,1417,46
06077003307,5262,1865,1803,62
06077003308,1665,717,651,66
06077003310,4678,1516,1480,36
06077003311,3812,1131,1100,31
06077003312,3450,1132,1084,48
06077003313,3356,1020,982,38
06077003403,5064,1208,1188,20
06077003404,5849,1835,1768,67
06077003405,4216,1117,1094,23
06077003406,3769,1249,1203,46
06077003407,3083,1058,1043,15
06077003409,4638,1410,1386,24
06077003410,6188,1745,1707,38
06077003501,2837,1036,993,43
06077003502,3140,1180,1109,71
06077003503,9397,2436,2387,49
06077003504,8310,1996,1955,41
06077003601,3519,1350,1269,81
06077003602,3274,1091,1045,46
06077003700,3845,1192,1143,49
06077003803,5968,1193,1099,94
06077003804,6409,1636,1604,32
06077003805,3366,792,784,8
06077003806,3772,920,905,15
06077003807,2256,583,576,7
06077003808,4791,1210,1180,30
06077003900,1494,494,451,43
06077004001,2484,968,879,89
06077004003,5433,1671,1632,39
06077004004,6185,1896,1843,53
06077004104,4123,1576,1537,39
06077004105,4973,1961,1893,68
06077004106,1969,760,704,56
06077004107,3604,1386,1262,124
06077004108,8480,2309,2226,83
06077004202,1707,735,694,41
06077004203,4009,1558,1500,58
06077004204,2986,1454,1370,84
06077004205,3476,1391,1347,44
06077004206,3231,1311,1283,28
06077004302,6122,2377,2277,100
06077004305,5898,2190,2138,52
06077004307,3984,1606,1548,58
06077004308,3968,1263,1237,26
06077004309,2437,973,954,19
06077004310,2549,1123,1085,38
06077004402,5599,1836,1794,42
06077004403,4108,1135,1096,39
06077004404,3869,1106,1059,47
06077004501,2422,957,919,38
06077004502,4160,1321,1232,89
06077004600,6099,2224,2103,121
06077004701,2815,1069,1017,52
06077004703,3744,1398,1327,71
06077004704,5013,1792,1665,127
06077004800,5509,2011,1915,96
06077004903,2679,968,946,22
06077004904,4916,1794,1738,56
06077004905,3177,1137,1067,70
06077004906,2941,1046,980,66
06077005001,5781,2200,2134,66
06077005003,6555,2271,2143,128
06077005004,5959,2064,2012,52
06077005106,12643,3678,3561,117
06077005108,4582,1491,1419,72
06077005109,3996,1475,1357,118
06077005119,9931,2646,2566,80
06077005122,7036,2145,2067,78
06077005123,4676,1602,1566,36
06077005124,3725,1267,1210,57
06077005125,1899,671,660,11
06077005126,4294,1424,1389,35
06077005127,6129,1550,1526,24
06077005129,3857,1121,1108,13
06077005130,3275,950,911,39
06077005131,7255,1302,1253,49
06077005132,3295,1092,1045,47
06077005133,4319,1404,1361,43
06077005134,4783,1536,1506,30
06077005135,8680,3333,3282,51
06077005136,3210,891,881,10
06077005137,7717,2404,2318,86
06077005138,2968,1278,1217,61
06077005139,3580,1286,1212,74
06077005140,3748,1258,1195,63
06077005141,3085,1048,1022,26
06077005208,6267,2049,1986,63
06077005211,5476,1442,1402,40
06077005212,7169,1901,1853,48
06077005213,3656,1121,1089,32
06077005214,9131,2775,2625,150
06077005215,4299,1304,1265,39
06077005216,5138,1492,1462,30
06077005217,3327,965,954,11
06077005218,4117,1174,1129,45
06077005219,5164,1442,1418,24
06077005220,2547,827,807,20
06077005221,9532,2706,2611,95
06077005222,4712,1258,1244,14
06077005223,10774,3399,3017,382
06077005224,4902,1382,1371,11
06077005225,3419,1395,1258,137
06077005303,4966,1674,1615,59
06077005307,3294,1076,1055,21
06077005308,4391,1417,1387,30
06077005309,3283,1089,1076,13
06077005310,4003,1236,1195,41
06077005311,3056,971,939,32
06077005312,3615,1064,1049,15
06077005403,6046,1907,1866,41
06077005405,3644,1149,1118,31
06077005406,3428,1101,1060,41
06077005502,2312,808,712,96
06077005503,1878,951,778,173
06077980000,1904,3,3,0
06079010016,5643,2185,1908,277
06079010017,3618,3108,1507,1601
06079010101,1672,816,705,111
06079010103,3621,1722,1516,206
06079010104,3285,1180,1126,54
06079010202,5499,2009,1950,59
06079010204,6120,2233,2156,77
06079010205,4470,1605,1550,55
06079010206,4001,1468,1401,67
06079010207,4256,1879,1772,107
06079010301,3949,1548,1397,151
06079010302,3394,1484,1324,160
06079010303,3241,1191,1082,109
06079010403,3466,2738,1708,1030
06079010404,2219,1311,987,324
06079010504,2505,2382,1244,1138
06079010505,3280,2092,1588,504
06079010506,2338,1348,962,386
06079010602,3956,2486,1985,501
06079010603,1407,784,602,182
06079010701,4717,2057,1915,142
06079010703,3497,1424,1354,70
06079010707,5874,2889,2618,271
06079010902,3726,1515,1354,161
06079010903,7459,890,749,141
06079010904,3284,34,33,1
06079011001,5603,2376,2236,140
06079011002,2933,1467,1344,123
06079011101,3666,2157,1973,184
06079011103,3522,1784,1588,196
06079011104,2063,1147,1007,140
06079011105,3534,1812,1664,148
06079011201,4276,1761,1621,140
06079011202,3502,1587,1444,143
06079011300,7850,3147,2958,189
06079011400,3806,0,0,0
06079011501,1788,841,791,50
06079011505,4920,1853,1737,116
06079011600,4334,2240,1873,367
06079011704,3514,2760,1861,899
06079011705,1462,1112,743,369
06079011706,3105,1940,1455,485
06079011800,7510,3240,3005,235
06079011901,3101,1472,1358,114
06079011903,1725,827,763,64
06079011904,7289,2964,2795,169
06079012001,2549,1076,1009,67
06079012002,4612,2125,1911,214
06079012102,5482,2625,2248,377
06079012201,3185,1443,1124,319
06079012202,3785,1613,1425,188
06079012302,5774,2404,2120,284
06079012305,5987,2781,2484,297
06079012306,4770,2182,1960,222
06079012403,3903,1403,1348,55
06079012404,6295,2332,2212,120
06079012405,3303,1041,1009,32
06079012406,3677,1201,1171,30
06079012502,5201,2114,2036,78
06079012503,6462,2699,2591,108
06079012505,4971,2040,1944,96
06079012601,6319,2484,2379,105
06079012602,1760,683,655,28
06079012705,6120,2518,2377,141
06079012706,4233,1903,1747,156
06079012707,4752,1911,1773,138
06079012708,1074,581,433,148
06079013000,2644,1339,1075,264
06079013100,5566,2352,2057,295
06079990000,0,0,0,0
06081600100,5474,2297,2194,103
06081600200,4368,1209,1169,40
06081600300,4057,1342,1289,53
06081600401,3263,1110,1078,32
06081600402,4772,1290,1246,44
06081600501,3900,1270,1229,41
06081600502,3748,1019,997,22
06081600600,5464,1615,1554,61
06081600701,4884,1424,1340,84
06081600702,2958,869,823,46
06081600800,7648,2975,2635,340
06081600900,4039,1501,1430,71
06081601000,6826,2080,2018,62
06081601100,5917,1960,1869,91
06081601200,6746,2181,2131,50
06081601301,3982,1356,1287,69
06081601302,4629,1534,1489,45
06081601400,7129,2188,1966,222
06081601501,5194,1350,1306,44
06081601502,5479,1862,1757,105
06081601601,2884,984,961,23
06081601603,5923,1968,1882,86
06081601604,2431,1178,1128,50
06081601605,6157,1740,1687,53
06081601700,4313,1376,1347,29
06081601800,6366,2085,2037,48
06081601901,4117,1421,1385,36
06081601902,5841,2398,2276,122
06081602001,4730,1694,1627,67
06081602002,3233,987,970,17
06081602100,3710,1039,1002,37
06081602201,4929,1648,1585,63
06081602202,3857,1464,1296,168
06081602300,4238,1293,1236,57
06081602400,6924,2748,2670,78
06081602500,5156,1539,1494,45
06081602601,4276,1507,1450,57
06081602602,4034,1312,1257,55
06081602700,6080,1990,1949,41
06081602800,4639,1535,1495,40
06081602900,3958,1682,1596,86
06081603000,4597,2047,1935,112
06081603100,3306,1289,1252,37
06081603200,3966,1492,1434,58
06081603300,6568,2495,2434,61
06081603400,5561,2140,2102,38
06081603700,5667,1846,1804,42
06081603801,2291,1341,1303,38
06081603802,5267,1975,1920,55
06081603900,5590,2298,2170,128
06081604000,3314,1187,1161,26
06081604102,3565,2033,1922,111
06081604103,4847,1679,1576,103
06081604104,3267,1084,1038,46
06081604200,4197,1170,1120,50
06081604400,5287,1980,1909,71
06081604500,3648,1386,1303,83
06081604600,2808,974,945,29
06081604700,2879,1012,977,35
06081604800,5207,2006,1890,116
06081604900,3387,1321,1248,73
06081605000,8603,3099,2964,135
06081605100,3339,1453,1394,59
06081605200,3816,1347,1291,56
06081605300,5022,2013,1943,70
06081605400,6364,2807,2571,236
06081605501,2999,1717,1638,79
06081605502,2479,1179,1096,83
06081605600,5832,2008,1890,118
06081605700,5563,1929,1799,130
06081605800,2621,1061,990,71
06081605901,3267,1526,1427,99
06081605902,2989,1367,1306,61
06081606000,5242,2296,2152,144
06081606100,4380,1436,1390,46
06081606201,4083,1091,1039,52
06081606202,3854,1260,1214,46
06081606300,4159,1999,1847,152
06081606400,5261,2795,2656,139
06081606500,3713,1377,1346,31
06081606600,3740,1501,1434,67
06081606700,2617,1021,994,27
06081606800,3344,1344,1291,53
06081606900,2446,896,875,21
06081607000,3582,1458,1427,31
06081607100,2967,1134,1098,36
06081607200,4971,1837,1769,68
06081607300,3642,1372,1339,33
06081607400,4919,2142,2049,93
06081607500,6613,2689,2559,130
06081607600,4269,1872,1639,233
06081607701,3998,1239,1195,44
06081607702,2893,808,781,27
06081607800,3198,1026,1016,10
06081607900,3518,1885,1809,76
06081608001,3534,1549,1466,83
06081608002,3728,1401,1364,37
06081608013,4188,1624,1562,62
06081608023,2531,873,843,30
06081608024,3025,1180,1146,34
06081608025,5931,2842,2598,244
06081608100,3645,1348,1282,66
06081608200,3749,1358,1305,53
06081608300,3474,1383,1326,57
06081608400,5664,2263,2127,136
06081608501,5013,1806,1761,45
06081608502,2750,1231,1194,37
06081608600,4729,1886,1847,39
06081608700,7670,2981,2800,181
06081608800,6179,2211,2153,58
06081608900,7261,3176,3010,166
06081609000,2808,1041,1018,23
06081609100,1647,623,611,12
06081609201,3902,1735,1645,90
06081609202,4357,2141,2027,114
06081609300,3499,1301,1261,40
06081609400,3458,1176,1143,33
06081609500,5161,1817,1763,54
06081609601,3243,1255,1207,48
06081609602,1818,683,660,23
06081609603,5510,2201,2118,83
06081609700,4462,1697,1634,63
06081609800,4733,1744,1688,56
06081609900,3068,1116,1075,41
06081610000,4782,2099,2004,95
06081610100,2489,934,907,27
06081610201,5501,1841,1740,101
06081610202,5118,2761,2378,383
06081610203,3244,1034,975,59
06081610302,4796,1743,1635,108
06081610303,8278,3228,3136,92
06081610304,4503,1952,1887,65
06081610400,5580,1693,1649,44
06081610500,4737,1356,1301,55
06081610601,5797,1630,1574,56
06081610602,3403,1218,1167,51
06081610700,5200,2018,1758,260
06081610800,4664,1668,1588,80
06081610901,3115,1163,1100,63
06081610902,3631,1335,1273,62
06081611000,5978,2389,2287,102
06081611100,6423,2386,2312,74
06081611200,3013,1092,1054,38
06081611300,4891,2043,1949,94
06081611400,4453,1520,1328,192
06081611500,2735,1006,924,82
06081611600,2466,840,815,25
06081611700,6437,2212,1998,214
06081611800,4481,982,956,26
06081611901,4465,1130,1077,53
06081611902,6335,1636,1586,50
06081612001,4120,894,846,48
06081612002,3249,854,807,47
06081612101,4174,1520,1366,154
06081612102,4187,1489,1398,91
06081612500,4728,2154,2008,146
06081612600,4653,2336,2122,214
06081612700,2291,815,782,33
06081612800,3354,1202,1139,63
06081612900,4728,1892,1772,120
06081613000,3279,1606,1321,285
06081613200,6846,2804,2604,200
06081613300,2759,1092,1004,88
06081613400,3134,1328,1152,176
06081613501,4148,1417,1364,53
06081613502,6047,2539,2393,146
06081613600,6053,2272,2137,135
06081613701,4312,1890,1780,110
06081613702,4899,1957,1829,128
06081613800,4299,1990,1675,315
06081613900,5963,2323,2194,129
06081614000,6172,2009,1924,85
06081984300,0,0,0,0
06081990100,0,0,0,0
06083000101,5922,2422,2328,94
06083000102,5386,2370,2231,139
06083000103,3477,1427,1318,109
06083000201,2651,905,833,72
06083000202,2423,1184,1128,56
06083000301,2884,1393,1290,103
06083000302,4136,2007,1892,115
06083000400,4913,2567,2355,212
06083000501,3328,1485,1366,119
06083000502,5946,2546,2397,149
06083000600,4817,2457,2223,234
06083000700,6536,2446,2186,260
06083000801,4021,1258,1216,42
06083000805,1332,591,486,105
06083000806,5689,1687,1616,71
06083000900,3497,1837,1677,160
06083001001,2665,1303,1215,88
06083001002,3104,1701,1601,100
06083001101,4422,1576,1511,65
06083001102,4372,1419,1352,67
06083001203,2834,1330,1244,86
06083001206,4238,1685,1559,126
06083001208,4276,1816,1639,177
06083001306,3250,1560,1408,152
06083001307,3867,1472,1421,51
06083001308,3607,1588,1472,116
06083001403,1483,1030,671,359
06083001404,1663,964,760,204
06083001500,2834,1562,1187,375
06083001601,5405,1871,1780,91
06083001604,4833,2623,2016,607
06083001704,3101,1219,1135,84
06083001706,4569,2394,1939,455
06083001800,1120,541,422,119
06083001905,3172,1404,1195,209
06083001907,940,508,411,97
06083001908,5303,2208,2052,156
06083001909,3914,1632,1512,120
06083001910,2719,1226,1143,83
06083001911,2813,1133,1028,105
06083001912,5269,2079,1977,102
06083002005,5396,2038,1970,68
06083002006,2790,1123,1027,96
06083002008,6580,2356,2290,66
06083002009,4229,1477,1456,21
06083002010,4583,1646,1617,29
06083002011,5953,1915,1851,64
06083002012,3209,1298,1239,59
06083002013,2887,1121,1086,35
06083002014,6335,2093,2039,54
06083002015,4161,1651,1604,47
06083002101,4754,1534,1468,66
06083002102,2435,774,737,37
06083002103,5044,1696,1631,65
06083002205,5395,1496,1340,156
06083002206,5358,1645,1588,57
06083002209,3635,905,883,22
06083002210,6401,1638,1623,15
06083002211,6298,2238,2144,94
06083002303,6535,1361,1336,25
06083002304,6478,1408,1353,55
06083002307,4994,1218,1202,16
06083002308,3688,1187,1153,34
06083002309,3849,779,765,14
06083002310,3452,710,705,5
06083002405,4373,937,918,19
06083002406,3583,837,808,29
06083002407,5039,1126,1091,35
06083002408,2222,504,477,27
06083002409,9707,2840,2758,82
06083002410,6166,1404,1360,44
06083002503,2317,662,616,46
06083002504,6078,1556,1529,27
06083002703,4222,1448,1397,51
06083002705,4634,1647,1606,41
06083002706,6222,2032,1895,137
06083002707,2526,1030,990,40
06083002708,2665,1205,1153,52
06083002709,3474,1208,1182,26
06083002710,4365,1358,1307,51
06083002802,7574,2622,2555,67
06083002806,2878,965,961,4
06083002808,7314,2857,2727,130
06083002809,4992,1747,1656,91
06083002906,3974,1443,1405,38
06083002907,3883,1458,1385,73
06083002909,5884,1834,1791,43
06083002913,4090,1482,1429,53
06083002914,3295,1406,1348,58
06083002924,6055,1692,1619,73
06083002926,5492,1771,1697,74
06083002932,2449,894,808,86
06083002933,6742,1548,1385,163
06083002934,3620,1470,1408,62
06083002935,3507,1503,1447,56
06083002936,3953,1202,1149,53
06083002937,3160,1007,984,23
06083003001,6243,2531,2378,153
06083003004,4820,1597,1567,30
06083003005,5020,1587,1544,43
06083003007,3766,1605,1331,274
06083003102,3337,1296,1199,97
06083980000,15,4,4,0
06083980100,3,2,2,0
06083980200,3533,992,972,20
06083980300,4909,149,149,0
06083980400,2929,80,60,20
06083980500,29,8,7,1
06083990000,0,0,0,0
06085500100,7969,3043,2885,158
06085500200,5281,2240,2059,181
06085500300,4765,1699,1606,93
06085500400,2476,1059,990,69
06085500500,5506,2176,2113,63
06085500600,5548,2686,2525,161
06085500800,4669,2974,2384,590
06085500901,4011,2249,1988,261
06085500902,4957,721,627,94
06085501000,5468,2697,2422,275
06085501101,4305,2054,1958,96
06085501102,4437,1402,1359,43
06085501200,4129,1425,1337,88
06085501300,3786,1263,1156,107
06085501401,3496,1047,1018,29
06085501402,2962,903,869,34
06085501501,4392,1287,1245,42
06085501502,4734,1260,1225,35
06085501601,3728,1441,1334,107
06085501602,3441,1584,1388,196
06085501700,5155,1673,1554,119
06085501800,4852,1732,1670,62
06085501901,2918,1682,1346,336
06085501902,4176,2022,1919,103
06085502001,5010,2126,2028,98
06085502002,5166,1878,1802,76
06085502101,5101,2064,1992,72
06085502103,4449,1705,1606,99
06085502104,2645,1003,956,47
06085502202,3018,1466,1405,61
06085502203,4118,1968,1879,89
06085502204,3220,1269,1215,54
06085502301,3338,1385,1321,64
06085502302,2995,1305,1272,33
06085502400,7235,2956,2855,101
06085502500,6540,2517,2395,122
06085502601,2831,1271,1207,64
06085502603,2655,1072,1010,62
06085502604,4494,2515,2277,238
06085502701,5048,2050,1978,72
06085502703,4744,1825,1755,70
06085502704,4006,1481,1432,49
06085502800,4422,1429,1395,34
06085502901,6250,2295,2215,80
06085502902,7864,2795,2722,73
06085502903,5333,1958,1909,49
06085502906,4848,1720,1655,65
06085502907,3857,1331,1308,23
06085502908,6951,2410,2365,45
06085502909,5324,2060,2017,43
06085502910,3908,1505,1482,23
06085503001,4430,1647,1586,61
06085503002,3611,1286,1250,36
06085503003,5218,1806,1773,33
06085503105,2417,776,763,13
06085503110,4407,1121,1102,19
06085503111,4739,1099,1079,20
06085503112,4379,1666,1598,68
06085503113,4604,1371,1330,41
06085503116,5785,2238,2181,57
06085503117,2911,742,729,13
06085503118,5223,1663,1576,87
06085503121,4767,1614,1545,69
06085503122,4108,1369,1342,27
06085503123,3889,1720,1615,105
06085503124,4723,1688,1632,56
06085503125,3680,1389,1344,45
06085503126,3943,1428,1399,29
06085503127,5065,2183,2085,98
06085503207,4115,1030,1020,10
06085503208,3737,836,822,14
06085503210,4114,935,926,9
06085503211,4731,1173,1147,26
06085503212,4117,1004,982,22
06085503213,4769,1370,1340,30
06085503217,4406,1059,1046,13
06085503218,4359,1129,1101,28
06085503219,2890,749,739,10
06085503220,5635,1580,1528,52
06085503221,2980,1004,987,17
06085503222,4691,1300,1263,37
06085503304,6537,1842,1796,46
06085503305,6333,1576,1526,50
06085503306,4069,879,874,5
06085503312,3562,1089,1046,43
06085503313,4600,1295,1274,21
06085503315,7722,2020,1983,37
06085503321,4571,1071,1059,12
06085503322,4310,1050,1047,3
06085503323,4712,1222,1208,14
06085503324,3577,904,894,10
06085503325,4449,1145,1137,8
06085503326,6625,1719,1704,15
06085503327,4856,1466,1377,89
06085503329,3953,1109,1092,17
06085503330,7319,2006,1973,33
06085503331,3273,1416,1374,42
06085503332,5435,2622,2531,91
06085503333,4714,1358,1327,31
06085503336,3370,838,825,13
06085503337,3851,1011,967,44
06085503338,4726,1350,1339,11
06085503339,4047,1308,1281,27
06085503401,4910,1005,985,20
06085503402,4843,1188,1149,39
06085503504,5888,1138,1116,22
06085503506,6180,1253,1235,18
06085503507,2224,426,408,18
06085503508,6172,1326,1290,36
06085503509,3897,875,863,12
06085503510,5901,1371,1340,31
06085503511,3622,834,816,18
06085503601,2993,912,875,37
06085503602,4735,1322,1291,31
06085503703,3927,873,864,9
06085503707,5406,1423,1392,31
06085503708,2686,751,739,12
06085503709,6878,2377,2312,65
06085503710,3836,1120,1092,28
06085503711,4632,1086,1048,38
06085503712,4217,1376,1337,39
06085503713,3014,1120,1104,16
06085503802,8208,2314,2265,49
06085503803,4617,1362,1341,21
06085503804,5700,1810,1743,67
06085503902,6023,1658,1604,54
06085503903,3289,906,880,26
06085504001,6022,1576,1536,40
06085504002,5908,1429,1378,51
06085504101,4217,1095,1061,34
06085504102,5818,1379,1338,41
06085504201,5269,1740,1683,57
06085504202,4896,1548,1501,47
06085504307,5722,1773,1739,34
06085504308,4613,1505,1475,30
06085504311,8308,3280,2805,475
06085504314,4745,1322,1308,14
06085504315,6696,1975,1945,30
06085504316,4902,1406,1385,21
06085504317,4312,1238,1224,14
06085504318,7427,2225,2129,96
06085504319,7917,2397,2362,35
06085504320,2866,845,840,5
06085504321,5419,1648,1597,51
06085504322,5505,2156,2079,77
06085504323,5738,1832,1782,50
06085504410,4282,1259,1206,53
06085504411,5350,1537,1507,30
06085504412,4703,1290,1252,38
06085504413,1906,701,688,13
06085504414,5059,1513,1500,13
06085504415,5218,1532,1513,19
06085504416,3758,1097,1071,26
06085504418,4852,1329,1296,33
06085504421,4804,1346,1328,18
06085504422,3680,1025,1007,18
06085504423,2307,655,637,18
06085504424,4869,1506,1459,47
06085504505,11204,4035,3883,152
06085504506,6951,2381,2304,77
06085504507,5973,1711,1678,33
06085504508,3810,714,699,15
06085504509,5600,2225,2105,120
06085504510,4119,1538,1494,44
06085504601,1031,367,340,27
06085504602,2056,616,591,25
06085504700,661,191,182,9
06085504802,5393,1853,1781,72
06085504805,7454,3220,3068,152
06085504806,2776,783,761,22
06085504807,6001,2835,2676,159
06085504808,1623,655,620,35
06085504902,4579,1796,1721,75
06085504903,5353,2326,2209,117
06085505006,11912,5929,5598,331
06085505007,3760,1002,977,25
06085505010,4315,1407,1371,36
06085505011,5413,2206,2148,58
06085505012,2861,1594,1474,120
06085505013,5705,2757,2597,160
06085505014,6446,2699,2597,102
06085505015,4580,1793,1707,86
06085505100,4616,2247,2171,76
06085505202,7715,3598,3161,437
06085505203,5673,1573,1430,143
06085505301,5484,2126,1977,149
06085505302,4690,1781,1713,68
06085505303,6127,2271,2190,81
06085505304,3281,1108,1077,31
06085505305,6114,2302,2214,88
06085505401,6492,2801,2649,152
06085505402,3090,1155,1114,41
06085505403,8695,3615,3405,210
06085505500,4217,1637,1584,53
06085505600,4338,1553,1438,115
06085505700,5738,2403,2232,171
06085505800,4027,1656,1590,66
06085505901,3794,1583,1523,60
06085505902,3829,1875,1674,201
06085506000,4938,1953,1892,61
06085506101,4829,1736,1681,55
06085506102,4574,1879,1790,89
06085506103,5052,1714,1660,54
06085506202,7512,2625,2544,81
06085506203,7138,2823,2640,183
06085506204,6423,2178,2125,53
06085506301,5631,2479,2351,128
06085506302,6210,2826,2270,556
06085506304,5412,2285,2148,137
06085506305,7257,2613,2504,109
06085506401,5096,2397,2190,207
06085506402,5719,2314,2206,108
06085506502,4723,2326,2214,112
06085506503,6802,3038,2918,120
06085506504,2712,995,946,49
06085506505,4788,1607,1563,44
06085506601,4726,1770,1727,43
06085506603,4084,1428,1380,48
06085506604,7714,2688,2622,66
06085506605,4320,1648,1593,55
06085506606,4537,1744,1682,62
06085506701,4093,1404,1369,35
06085506702,5956,2170,2094,76
06085506703,3937,1504,1470,34
06085506801,6454,2361,2287,74
06085506802,5533,1958,1894,64
06085506803,7357,2459,2382,77
06085506804,3936,1384,1348,36
06085506900,8031,2862,2754,108
06085507002,3012,1083,1032,51
06085507003,2793,1281,1109,172
06085507004,4154,2028,1838,190
06085507100,3020,1438,1356,82
06085507203,2891,1201,1158,43
06085507205,4853,1956,1883,73
06085507206,2928,1081,1017,64
06085507301,6725,2572,2446,126
06085507302,2883,1081,988,93
06085507401,5709,1976,1937,39
06085507402,4091,1526,1477,49
06085507500,5984,2057,2027,30
06085507600,5815,2124,2014,110
06085507701,4092,1416,1371,45
06085507702,6107,2106,2044,62
06085507704,3466,1380,1309,71
06085507705,4560,1558,1505,53
06085507805,5180,2138,1947,191
06085507806,5824,2046,1893,153
06085507807,3191,1063,1021,42
06085507808,5674,1847,1819,28
06085507903,4888,1631,1600,31
06085507904,3404,1114,1095,19
06085507905,6188,2218,2140,78
06085507906,4508,1452,1417,35
06085508003,2266,770,735,35
06085508004,6561,2200,2115,85
06085508005,4321,1771,1684,87
06085508006,3690,1216,1191,25
06085508101,6726,2377,2249,128
06085508102,4143,1623,1497,126
06085508203,5573,1873,1829,44
06085508204,4339,1503,1451,52
06085508205,3862,1729,1316,413
06085508206,4341,1567,1521,46
06085508301,4689,1566,1522,44
06085508303,2631,930,905,25
06085508305,5103,1953,1845,108
06085508306,3192,1150,1127,23
06085508401,7168,2547,2464,83
06085508403,3092,1085,1058,27
06085508404,6884,2519,2427,92
06085508503,6909,2912,2661,251
06085508505,4741,1951,1850,101
06085508507,3191,1420,1344,76
06085508508,5894,2037,1953,84
06085508509,4231,2124,2007,117
06085508510,3428,1312,1227,85
06085508601,4169,1516,1463,53
06085508602,5461,2704,2442,262
06085508705,4581,1831,1766,65
06085508706,4505,1883,1798,85
06085508707,4095,1739,1679,60
06085508708,4653,2413,1977,436
06085508800,3635,1495,1420,75
06085508900,4887,1749,1671,78
06085509001,3355,1195,1149,46
06085509002,3833,1424,1366,58
06085509102,5094,2416,2344,72
06085509106,4678,1956,1885,71
06085509107,5242,2171,2089,82
06085509108,4654,1972,1886,86
06085509109,5663,2657,2298,359
06085509110,3633,1641,1528,113
06085509111,4326,1893,1814,79
06085509201,5324,2762,2543,219
06085509202,4655,1899,1807,92
06085509302,3122,1283,1225,58
06085509303,3536,1924,1809,115
06085509304,3316,1370,1305,65
06085509401,3754,2220,1801,419
06085509403,5095,2293,2134,159
06085509404,6651,3225,2815,410
06085509500,5553,2560,2373,187
06085509600,3614,1873,1666,207
06085509700,3230,1505,1418,87
06085509801,6196,2617,2539,78
06085509802,2967,1144,1089,55
06085509901,2244,768,728,40
06085509902,5301,1986,1890,96
06085510001,6295,2137,2067,70
06085510002,3754,1323,1270,53
06085510100,3016,1117,1076,41
06085510200,4549,1556,1492,64
06085510300,4621,1888,1757,131
06085510400,3631,1411,1314,97
06085510500,5371,2086,1965,121
06085510600,6286,2484,2333,151
06085510700,5487,2320,2185,135
06085510801,5999,2217,2138,79
06085510802,1971,724,692,32
06085510803,2781,1169,1104,65
06085510900,5404,2101,1993,108
06085511000,6939,2558,2425,133
06085511100,5513,1968,1882,86
06085511200,4706,1848,1700,148
06085511301,3860,1908,1705,203
06085511302,4118,2544,2162,382
06085511400,3649,1450,1300,150
06085511501,4914,2283,2097,186
06085511502,3176,913,833,80
06085511608,3705,386,368,18
06085511609,3481,2010,1756,254
06085511701,4285,1528,1422,106
06085511702,2906,1013,969,44
06085511704,4702,1737,1608,129
06085511705,1716,607,549,58
06085511707,2959,1265,1145,120
06085511800,4185,1705,1587,118
06085511905,3243,1085,1061,24
06085511907,4033,1353,1320,33
06085511910,3097,1062,1040,22
06085511911,4885,1895,1831,64
06085511912,5348,1771,1732,39
06085511913,4336,1447,1427,20
06085511914,5664,1978,1940,38
06085511915,3562,1279,1238,41
06085511916,4836,1683,1654,29
06085511917,5060,1698,1669,29
06085511918,3545,1125,1097,28
06085512001,7025,2083,2055,28
06085512005,6601,2224,2181,43
06085512019,4653,1574,1496,78
06085512021,6292,2065,2041,24
06085512022,5877,1943,1870,73
06085512023,5655,1980,1921,59
06085512024,4698,1843,1638,205
06085512025,3232,1083,1064,19
06085512026,3949,1357,1331,26
06085512027,4371,1710,1622,88
06085512029,6813,2309,2259,50
06085512030,3096,983,963,20
06085512031,4447,1400,1376,24
06085512032,3487,1185,1086,99
06085512034,3179,1049,1038,11
06085512035,4234,1385,1359,26
06085512036,5047,1911,1855,56
06085512037,3149,985,964,21
06085512038,3086,1093,1058,35
06085512039,5097,1460,1424,36
06085512042,2972,871,864,7
06085512043,6028,1633,1598,35
06085512045,5635,1845,1813,32
06085512047,5379,1736,1716,20
06085512052,4119,1802,1744,58
06085512053,4687,1570,1544,26
06085512054,4373,1854,1721,133
06085512055,2998,966,916,50
06085512056,4084,1126,1115,11
06085512057,3883,1092,1074,18
06085512058,6070,2608,2499,109
06085512059,6299,2052,1996,56
06085512100,1755,518,489,29
06085512200,4790,1763,1648,115
06085512305,4761,1569,1538,31
06085512307,6841,2556,2472,84
06085512308,8984,2874,2814,60
06085512309,4983,1760,1709,51
06085512310,5163,1947,1859,88
06085512311,4123,1395,1370,25
06085512312,3756,1302,1267,35
06085512313,4151,1286,1237,49
06085512314,6940,2249,2190,59
06085512401,4830,1491,1407,84
06085512402,5136,1600,1528,72
06085512505,7643,2285,2229,56
06085512509,6469,1827,1806,21
06085512510,7791,2877,2686,191
06085512511,3716,1429,1384,45
06085512512,4458,1241,1213,28
06085512513,4133,1214,1182,32
06085512514,3404,938,919,19
06085512515,5695,1693,1668,25
06085512516,4069,1323,1277,46
06085512602,3531,1192,1086,106
06085512603,5303,1387,1326,61
06085512604,5101,1333,1296,37
06085513000,14272,3530,3299,231
06085513500,960,436,341,95
06087100100,2294,844,823,21
06087100200,6825,2792,2659,133
06087100300,4020,1491,1366,125
06087100400,8452,440,377,63
06087100500,5490,2248,2037,211
06087100600,3358,1386,1285,101
06087100700,2275,1104,926,178
06087100801,3956,1631,1527,104
06087100802,3010,1510,1345,165
06087100900,4274,2386,2034,352
06087101001,4030,1589,1460,129
06087101002,4771,2331,2025,306
06087101100,5501,2453,2208,245
06087101200,3461,1385,1209,176
06087110101,2788,914,880,34
06087110102,4629,1567,1521,46
06087110201,2796,744,723,21
06087110202,4899,1517,1470,47
06087110301,4327,1181,1146,35
06087110302,2879,763,747,16
06087110401,3681,814,796,18
06087110402,4774,1259,1235,24
06087110503,3862,906,891,15
06087110504,2511,594,587,7
06087110505,4580,1296,1255,41
06087110506,3189,911,898,13
06087110601,5322,1542,1531,11
06087110602,2828,708,694,14
06087110700,3307,894,875,19
06087120200,4680,1945,1738,207
06087120301,5019,2208,2047,161
06087120302,3152,1354,1270,84
06087120400,5411,2463,2239,224
06087120500,6007,2751,2474,277
06087120600,4735,1976,1856,120
06087120700,4567,2126,1761,365
06087120800,6157,2589,2437,152
06087120901,3450,1528,1415,113
06087120902,5231,2013,1922,91
06087121000,3579,1498,1345,153
06087121100,3041,1291,1214,77
06087121200,6914,2641,2498,143
06087121300,4210,1737,1654,83
06087121401,2691,1012,968,44
06087121402,4109,1650,1561,89
06087121403,3355,1439,1373,66
06087121501,2859,1892,1404,488
06087121502,2085,873,823,50
06087121601,3455,1922,1553,369
06087121602,2777,1379,1193,186
06087121701,4059,2120,1859,261
06087121702,3462,1283,1245,38
06087121801,2007,1305,962,343
06087121802,2660,1507,1330,177
06087122001,5135,2054,1931,123
06087122002,3548,1473,1331,142
06087122004,2941,1258,1191,67
06087122005,3889,1693,1593,100
06087122100,3315,1950,1547,403
06087122202,2235,982,886,96
06087122203,3688,1809,1581,228
06087122204,3025,1197,1157,40
06087122205,3205,2140,1411,729
06087122300,3965,2356,1453,903
06087122401,2956,1042,974,68
06087122402,4280,1747,1653,94
06087122500,6717,1634,1612,22
06087123100,2640,825,807,18
06087123300,1561,483,463,20
06087990100,0,0,0,0
06089010100,1680,824,733,91
06089010200,2225,1166,1105,61
06089010300,4125,1721,1590,131
06089010400,4452,1875,1743,132
06089010500,4927,2238,2077,161
06089010601,2495,1008,974,34
06089010602,5683,2447,2321,126
06089010603,906,401,356,45
06089010702,3731,1634,1522,112
06089010703,3423,1890,1777,113
06089010704,4623,2175,2036,139
06089010803,5768,2552,2419,133
06089010804,2279,938,895,43
06089010805,5012,2030,1950,80
06089010806,3128,1541,1423,118
06089010807,4647,1778,1694,84
06089010900,4248,1819,1707,112
06089011001,1674,657,627,30
06089011002,5429,2310,2149,161
06089011100,3467,1352,1279,73
06089011209,6384,2543,2389,154
06089011300,5379,2123,2006,117
06089011401,3969,1541,1479,62
06089011402,3279,1197,1161,36
06089011403,3255,1261,1194,67
06089011501,3412,1308,1244,64
06089011502,2631,1182,1124,58
06089011600,3788,1687,1532,155
06089011701,2695,1047,993,54
06089011702,3449,1408,1360,48
06089011703,3134,1359,1260,99
06089011801,2482,988,931,57
06089011802,2540,1052,989,63
06089011803,2818,1357,1168,189
06089011900,4910,1880,1786,94
06089012000,5357,2189,2049,140
06089012101,4915,2013,1939,74
06089012102,2152,1029,992,37
06089012200,5579,2345,2179,166
06089012301,2604,1138,1067,71
06089012302,5426,2180,2016,164
06089012303,4009,1523,1441,82
06089012400,3464,1599,1391,208
06089012500,1408,1142,695,447
06089012603,4295,2412,1917,495
06089012604,2205,1072,915,157
06089012605,1985,934,812,122
06089012606,3346,1641,1320,321
06089012701,4154,2134,1775,359
06089012702,3209,1740,1335,405
06091010000,3236,2127,1456,671
06093000100,1234,528,428,100
06093000200,1671,791,649,142
06093000300,3966,1987,1694,293
06093000600,1759,918,771,147
06093000701,3884,1697,1521,176
06093000702,4525,2145,1975,170
06093000703,3291,1553,1414,139
06093000800,3370,1719,1454,265
06093000901,4135,1951,1696,255
06093000902,3339,1753,1462,291
06093001001,1299,676,568,108
06093001002,1698,956,792,164
06093001003,3914,2296,1968,328
06093001100,2183,1404,1024,380
06093001200,1279,1103,667,436
06093001300,2529,1452,1136,316
06095250103,4804,1679,1615,64
06095250104,2257,864,825,39
06095250105,7243,2451,2387,64
06095250106,3684,1172,1144,28
06095250200,4280,1551,1488,63
06095250300,3539,1213,1165,48
06095250400,3372,1287,1241,46
06095250501,2215,798,755,43
06095250502,3266,1190,1156,34
06095250601,4833,1587,1533,54
06095250604,3848,1559,1510,49
06095250605,4012,1524,1478,46
06095250701,3473,1241,1131,110
06095250801,4916,1732,1606,126
06095250900,3038,1638,1520,118
06095251000,2742,1304,1186,118
06095251100,3490,1234,1157,77
06095251200,3639,1230,1178,52
06095251300,3168,1285,1238,47
06095251400,6010,2357,2213,144
06095251500,3992,1550,1462,88
06095251600,2694,1212,1123,89
06095251701,3800,1622,1526,96
06095251702,2819,1056,1012,44
06095251802,3132,1324,1254,70
06095251803,5526,1476,1443,33
06095251804,3621,1051,1026,25
06095251901,5264,1915,1789,126
06095251902,6123,1727,1679,48
06095251903,5906,1681,1642,39
06095252000,4361,2259,2105,154
06095252102,3992,1723,1642,81
06095252103,5643,2118,2067,51
06095252104,5981,1936,1914,22
06095252105,3204,1340,1307,33
06095252106,4122,1726,1681,45
06095252107,3535,1448,1408,40
06095252108,3067,1311,1264,47
06095252203,4964,1877,1802,75
06095252204,5267,1795,1739,56
06095252205,8669,2545,2510,35
06095252206,4908,1665,1625,40
06095252305,6084,2222,2137,85
06095252306,3523,1304,1277,27
06095252310,3067,1367,1265,102
06095252311,4623,1662,1619,43
06095252312,3443,1479,1360,119
06095252313,5887,2499,2399,100
06095252314,4599,1554,1499,55
06095252315,4283,1441,1412,29
06095252316,3622,1171,1140,31
06095252317,11656,3452,3343,109
06095252401,4855,1490,1450,40
06095252402,5419,1787,1730,57
06095252501,2870,987,948,39
06095252502,1896,705,669,36
06095252604,3652,1268,1221,47
06095252605,5985,2022,1936,86
06095252606,5423,1826,1765,61
06095252607,3836,1215,1151,64
06095252608,4190,1341,1293,48
06095252610,3317,1086,1058,28
06095252611,3607,1214,1170,44
06095252702,7039,2436,2348,88
06095252703,4263,1328,1310,18
06095252704,5325,1784,1751,33
06095252705,6144,1898,1865,33
06095252706,4182,1311,1283,28
06095252707,5044,1738,1690,48
06095252801,2635,866,761,105
06095252802,1472,223,175,48
06095252903,4475,1780,1650,130
06095252904,8478,3202,3027,175
06095252908,3825,1346,1292,54
06095252909,4421,1528,1476,52
06095252910,5788,2005,1974,31
06095252911,5070,3047,2896,151
06095252912,5612,1959,1936,23
06095252913,4998,1768,1743,25
06095252914,5592,1918,1861,57
06095252915,6318,1938,1901,37
06095253000,6640,4,4,0
06095253101,5302,2151,2082,69
06095253105,6489,2597,2488,109
06095253106,3427,1337,1293,44
06095253107,5999,2464,2375,89
06095253108,4353,1617,1585,32
06095253201,4821,1877,1845,32
06095253203,4179,1634,1573,61
06095253205,3091,1053,1025,28
06095253206,3688,1221,1205,16
06095253207,2332,847,812,35
06095253208,5173,1738,1691,47
06095253300,2527,939,866,73
06095253402,8381,2887,2803,84
06095253403,5369,1802,1758,44
06095253404,5815,2059,2000,59
06095253501,6327,3649,3371,278
06095253502,4637,1936,1818,118
06095980000,4,5,3,2
06097150100,2148,1096,883,213
06097150203,4529,2378,2114,264
06097150204,3559,1805,1587,218
06097150205,3977,2064,1840,224
06097150206,1247,794,625,169
06097150303,4013,2389,2078,311
06097150304,5834,2370,2205,165
06097150305,5353,1855,1761,94
06097150306,3746,1729,1556,173
06097150501,2457,1430,1107,323
06097150502,1736,874,712,162
06097150601,4411,1548,1507,41
06097150602,4347,1563,1538,25
06097150603,7277,2962,2863,99
06097150607,5157,1874,1835,39
06097150609,4988,2197,2118,79
06097150610,3956,1430,1401,29
06097150611,4180,1640,1540,100
06097150612,4449,1889,1751,138
06097150701,4744,2197,2098,99
06097150702,5187,2038,1973,65
06097150800,4941,2079,1988,91
06097150901,5104,2080,2000,80
06097150902,3406,1475,1420,55
06097151000,3359,1443,1376,67
06097151100,4855,1812,1707,105
06097151203,5269,2114,2062,52
06097151204,3651,1556,1490,66
06097151205,2786,1281,1195,86
06097151206,5137,2138,1952,186
06097151301,4467,1659,1576,83
06097151305,5533,2374,2251,123
06097151306,3795,1661,1606,55
06097151307,5218,1969,1885,84
06097151308,4870,2164,2054,110
06097151309,6361,2557,2361,196
06097151310,6959,1558,1481,77
06097151311,6792,2547,2461,86
06097151403,4932,1773,1626,147
06097151404,3290,974,934,40
06097151405,6755,2378,2289,89
06097151406,3669,1454,1389,65
06097151503,3446,1427,1371,56
06097151504,3705,1398,1344,54
06097151505,1451,621,578,43
06097151506,5469,2498,2404,94
06097151601,2983,2063,1882,181
06097151602,3212,2075,1822,253
06097151701,3327,1365,1314,51
06097151702,3876,1783,1688,95
06097151800,5056,2224,2118,106
06097151900,2921,1441,1363,78
06097152000,2168,1146,1069,77
06097152100,2804,957,891,66
06097152201,3839,1816,1710,106
06097152203,3628,1946,1842,104
06097152204,5103,2348,2223,125
06097152205,2004,796,750,46
06097152300,4153,1884,1750,134
06097152401,4009,1714,1568,146
06097152402,3418,1728,1496,232
06097152501,4396,1781,1712,69
06097152502,3498,1571,1484,87
06097152601,6554,2502,2385,117
06097152602,1163,630,544,86
06097152701,5122,2133,2001,132
06097152702,5007,2071,1896,175
06097152801,4526,1699,1620,79
06097152803,4164,1480,1438,42
06097152804,2807,1350,1242,108
06097152903,5185,1579,1529,50
06097152904,5366,2055,1979,76
06097152905,4058,1658,1563,95
06097152906,6084,2324,2151,173
06097153001,7397,2906,2808,98
06097153002,6578,2106,2033,73
06097153003,5834,2096,2019,77
06097153005,6614,2475,2386,89
06097153006,7343,2918,2846,72
06097153102,5566,1465,1416,49
06097153103,4860,1473,1445,28
06097153104,4093,1368,1287,81
06097153201,4705,1338,1320,18
06097153202,3910,1128,1080,48
06097153301,6622,2223,2107,116
06097153302,5611,1617,1577,40
06097153403,4010,1769,1682,87
06097153404,4094,1774,1714,60
06097153405,3513,1462,1372,90
06097153406,2662,1282,1237,45
06097153501,4505,1874,1754,120
06097153502,3720,1613,1484,129
06097153601,1880,795,728,67
06097153602,3150,1387,1243,144
06097153705,3382,1718,1492,226
06097153707,1517,1235,754,481
06097153708,1696,1272,827,445
06097153709,1591,913,649,264
06097153710,2269,1521,1068,453
06097153711,2213,1343,975,368
06097153712,1929,903,824,79
06097153804,3231,1154,1117,37
06097153806,2686,1044,1007,37
06097153807,3957,1512,1453,59
06097153808,4313,1734,1646,88
06097153809,4510,1642,1585,57
06097153810,4135,1312,1248,64
06097153811,5154,1912,1660,252
06097153902,4436,1831,1621,210
06097153903,3588,1729,1525,204
06097153904,1753,941,851,90
06097153905,3391,1533,1300,233
06097154000,2235,1212,935,277
06097154100,3399,1678,1288,390
06097154201,4088,1585,1497,88
06097154202,6306,2567,2422,145
06097154304,2181,1669,968,701
06097154305,1665,1291,757,534
06097154306,2093,1124,936,188
06097154307,745,916,396,520
06097154308,787,1151,440,711
06097990100,0,0,0,0
06099000101,5672,2180,2040,140
06099000102,3765,1428,1348,80
06099000201,6211,2390,2324,66
06099000202,8312,2717,2636,81
06099000204,5178,2065,2012,53
06099000205,4115,1535,1484,51
06099000301,2038,724,674,50
06099000302,2782,891,863,28
06099000303,6285,1826,1783,43
06099000304,5126,1450,1410,40
06099000403,4651,1751,1712,39
06099000404,5991,2244,2184,60
06099000405,2613,905,867,38
06099000406,6247,1834,1809,25
06099000407,3027,1009,994,15
06099000501,7672,2523,2458,65
06099000503,5252,1957,1897,60
06099000505,5187,1779,1707,72
06099000506,4607,1919,1858,61
06099000511,6096,1963,1884,79
06099000512,2999,1220,1171,49
06099000513,4574,1325,1308,17
06099000514,3743,1093,1054,39
06099000601,4737,1508,1484,24
06099000602,3035,912,891,21
06099000801,6826,2775,2679,96
06099000803,5153,1656,1605,51
06099000805,6584,2094,2027,67
06099000806,4474,1661,1570,91
06099000807,3782,1668,1585,83
06099000905,6221,2340,2295,45
06099000906,6106,2461,2389,72
06099000907,3371,1341,1297,44
06099000908,5480,2028,1974,54
06099000909,4746,1808,1738,70
06099000910,6936,2483,2394,89
06099000911,4966,1857,1798,59
06099000913,7366,2412,2367,45
06099000914,7093,2189,2101,88
06099000915,4833,1599,1565,34
06099001001,6746,2760,2683,77
06099001002,3427,1417,1354,63
06099001100,4381,1723,1625,98
06099001200,3961,1772,1675,97
06099001300,6342,2647,2535,112
06099001400,7546,2618,2544,74
06099001500,7108,2219,2140,79
06099001601,4968,1306,1237,69
06099001603,5959,1623,1568,55
06099001604,4031,1028,999,29
06099001700,2645,819,779,40
06099001800,2011,963,910,53
06099001900,5863,2311,2220,91
06099002002,4662,1504,1461,43
06099002004,6759,2219,2180,39
06099002005,3988,1154,1132,22
06099002006,4765,1338,1315,23
06099002100,3713,1050,983,67
06099002200,6502,1857,1784,73
06099002302,3991,1171,1135,36
06099002303,5729,1391,1352,39
06099002304,2841,839,801,38
06099002401,3852,903,891,12
06099002402,5509,1361,1313,48
06099002503,4755,1354,1317,37
06099002504,4532,1254,1238,16
06099002505,5064,1250,1236,14
06099002506,2015,476,446,30
06099002602,5495,1702,1647,55
06099002603,3131,1010,989,21
06099002604,4917,1481,1425,56
06099002605,4231,1267,1251,16
06099002701,4186,1253,1226,27
06099002702,7175,2001,1941,60
06099002801,6122,1890,1810,80
06099002802,6931,2280,2187,93
06099002803,2933,1210,1181,29
06099002901,4990,1741,1644,97
06099002903,6235,1929,1876,53
06099002904,2208,892,827,65
06099003002,7207,2145,1999,146
06099003003,7984,2017,2007,10
06099003004,2112,649,620,29
06099003100,3843,1268,1200,68
06099003201,5641,1653,1609,44
06099003203,5614,1617,1538,79
06099003204,2614,859,829,30
06099003205,4654,1239,1208,31
06099003206,5753,1459,1410,49
06099003300,5992,1932,1807,125
06099003400,1675,618,582,36
06099003501,7529,2277,2204,73
06099003502,5297,1619,1585,34
06099003603,4012,1361,1278,83
06099003607,2403,821,776,45
06099003608,6530,2205,2156,49
06099003609,3693,1309,1280,29
06099003610,4826,1586,1530,56
06099003611,4172,1295,1275,20
06099003612,7303,2349,2263,86
06099003700,4996,1468,1396,72
06099003802,5724,1646,1580,66
06099003803,3045,834,786,48
06099003804,6826,2307,2229,78
06099003805,3087,1098,1061,37
06099003904,4732,1823,1729,94
06099003905,3940,1501,1448,53
06099003906,5129,1947,1868,79
06099003907,7566,2847,2693,154
06099003908,2449,996,948,48
06099003909,6625,2574,2481,93
06099004000,3834,1318,1270,48
06101050101,7292,2590,2493,97
06101050102,5008,1970,1867,103
06101050201,3277,1270,1219,51
06101050202,3982,1575,1465,110
06101050301,2593,1021,979,42
06101050302,6286,2101,1952,149
06101050401,5109,1672,1634,38
06101050402,4270,1363,1321,42
06101050403,3970,1076,1044,32
06101050501,6325,2000,1958,42
06101050503,7368,2220,2156,64
06101050504,7395,2264,2215,49
06101050601,6281,2147,2079,68
06101050603,5350,2181,2117,64
06101050604,4379,1691,1636,55
06101050701,4533,1523,1460,63
06101050702,6616,2112,2021,91
06101050800,3518,1328,1267,61
06101050900,1388,563,517,46
06101051000,2237,827,754,73
06101051100,2456,1005,908,97
06103000100,4670,2457,1870,587
06103000201,3775,1550,1427,123
06103000202,4358,1849,1650,199
06103000300,4682,2034,1757,277
06103000400,5598,2425,2274,151
06103000500,5858,2440,2263,177
06103000600,5813,2523,2371,152
06103000701,4380,1803,1698,105
06103000702,3517,1396,1334,62
06103000800,3905,1545,1382,163
06103000900,3820,1634,1502,132
06103001000,7139,2685,2540,145
06103001101,2554,931,860,71
06103001102,5760,2069,1982,87
06105000101,2686,1753,1216,537
06105000102,4405,2317,1869,448
06105000200,2014,1212,916,296
06105000500,7007,2901,2289,612
06107000101,2538,1359,1097,262
06107000102,2542,1508,946,562
06107000202,2381,704,656,48
06107000203,4861,1230,1200,30
06107000204,4081,1026,1009,17
06107000302,2971,790,762,28
06107000303,3662,1271,1208,63
06107000304,2869,859,792,67
06107000401,6976,1843,1793,50
06107000402,6999,2240,2165,75
06107000501,7313,2054,1975,79
06107000502,4065,994,969,25
06107000600,5670,1515,1450,65
06107000701,2625,858,809,49
06107000702,5533,1670,1598,72
06107000801,4540,1305,1248,57
06107000802,2804,957,899,58
06107000901,5899,1594,1529,65
06107000902,3377,849,807,42
06107001005,2808,1100,1060,40
06107001006,5861,2427,2309,118
06107001007,5167,1608,1554,54
06107001008,5763,1890,1820,70
06107001009,4289,1090,1053,37
06107001010,4157,1070,1057,13
06107001011,8227,2416,2358,58
06107001012,10311,3084,3018,66
06107001101,2460,771,718,53
06107001102,4026,1257,1188,69
06107001200,1276,627,580,47
06107001303,5149,1645,1617,28
06107001304,3965,1265,1237,28
06107001305,2806,901,866,35
06107001306,5516,1825,1760,65
06107001400,5562,1847,1711,136
06107001501,5257,1946,1853,93
06107001502,5915,2021,1922,99
06107001601,5059,1368,1311,57
06107001602,5792,1759,1670,89
06107001701,6634,2458,2365,93
06107001703,8210,2895,2801,94
06107001705,3122,1087,1024,63
06107001706,5401,1992,1891,101
06107001800,5137,1950,1859,91
06107001901,3559,1292,1252,40
06107001902,4201,1520,1460,60
06107002002,4834,1769,1683,86
06107002003,6178,2188,2123,65
06107002004,5026,1950,1817,133
06107002006,4369,1658,1596,62
06107002008,2855,1154,1055,99
06107002009,4760,1664,1604,60
06107002010,5498,1995,1921,74
06107002011,3207,1115,1075,40
06107002100,2470,752,722,30
06107002202,5992,1715,1642,73
06107002203,5644,1463,1429,34
06107002204,6175,1786,1735,51
06107002302,5244,1650,1609,41
06107002303,6696,2561,2456,105
06107002304,1786,774,724,50
06107002401,5202,1660,1542,118
06107002402,5182,1699,1605,94
06107002403,6905,1969,1929,40
06107002500,4183,1219,1136,83
06107002601,4422,1234,1193,41
06107002602,5517,1471,1437,34
06107002701,1542,2171,699,1472
06107002702,4849,2014,1763,251
06107002800,3607,1162,1112,50
06107002901,3629,1174,1104,70
06107002903,5157,1656,1610,46
06107002904,5379,1700,1667,33
06107003001,4810,1262,1227,35
06107003002,3513,989,953,36
06107003100,3317,1022,933,89
06107003201,3656,1015,967,48
06107003202,2526,652,628,24
06107003301,4586,1325,1245,80
06107003302,3057,936,872,64
06107003401,4465,1235,1156,79
06107003402,2626,1009,907,102
06107003501,2882,1017,962,55
06107003503,6072,1642,1597,45
06107003504,5505,1639,1580,59
06107003601,7894,2525,2444,81
06107003602,7878,2464,2360,104
06107003700,6762,2054,1967,87
06107003801,3614,1118,1050,68
06107003802,4615,1639,1553,86
06107003902,6028,1719,1631,88
06107003903,3342,877,844,33
06107003904,3811,1062,1026,36
06107004000,24,4,4,0
06107004102,2011,593,564,29
06107004103,5374,1388,1351,37
06107004104,4778,1343,1286,57
06107004200,6673,1812,1694,118
06107004301,3064,786,745,41
06107004302,2385,632,577,55
06107004401,3958,971,954,17
06107004402,3808,989,939,50
06107004500,6439,1873,1757,116
06109001100,3880,1785,1653,132
06109001200,4079,2060,1895,165
06109002101,3280,1651,1454,197
06109002102,1496,1018,635,383
06109002201,5340,2435,2141,294
06109002202,2862,1408,1185,223
06109003101,2455,2052,1088,964
06109003102,2570,2413,1198,1215
06109003103,1314,2567,611,1956
06109003200,5672,2536,2255,281
06109004101,3082,1328,1210,118
06109004102,2472,1301,1208,93
06109004201,1976,1705,810,895
06109004202,2088,2094,956,1138
06109005101,5502,2655,2433,222
06109005102,2989,1414,1283,131
06109005201,1829,993,696,297
06109985202,2734,0,0,0
06111000302,8101,2659,2517,142
06111000303,5194,1430,1391,39
06111000304,4818,1264,1223,41
06111000400,6338,1854,1786,68
06111000500,1786,645,615,30
06111000600,6229,1946,1885,61
06111000701,6974,1886,1837,49
06111000702,3113,902,883,19
06111000800,8724,2787,2676,111
06111000901,2555,1261,1120,141
06111000902,2107,996,895,101
06111000903,5689,2418,2209,209
06111001002,6934,2841,2688,153
06111001101,4708,1813,1755,58
06111001102,3657,1422,1347,75
06111001201,6018,2383,2184,199
06111001202,6954,2452,2412,40
06111001204,2620,840,796,44
06111001302,2526,968,935,33
06111001303,4826,1593,1560,33
06111001304,3272,1196,1149,47
06111001401,3954,1421,1387,34
06111001402,5656,2222,2167,55
06111001506,4876,1775,1750,25
06111001507,4705,1746,1675,71
06111001508,4680,2027,1964,63
06111001509,4644,1816,1708,108
06111001510,2574,1140,1081,59
06111001511,2423,792,767,25
06111001602,2471,954,937,17
06111001801,3738,1451,1393,58
06111001901,3498,1518,1468,50
06111002000,2533,1161,1111,50
06111002102,1664,1052,952,100
06111002200,6791,2404,2287,117
06111002301,2859,1021,959,62
06111002302,4456,1397,1323,74
06111002400,3112,1567,1426,141
06111002500,5038,2822,2286,536
06111002600,3094,1460,1387,73
06111002700,4267,1878,1760,118
06111002800,6296,2597,2483,114
06111002901,5682,1908,1823,85
06111002905,5305,1682,1643,39
06111003010,3238,1060,1031,29
06111003011,5361,1576,1544,32
06111003013,4833,1621,1557,64
06111003101,4403,1019,1001,18
06111003102,4766,1139,1123,16
06111003201,4040,819,787,32
06111003301,3192,889,872,17
06111003302,5522,1486,1431,55
06111003608,3746,1033,1025,8
06111003613,3866,1170,1156,14
06111003614,5139,1835,1781,54
06111003615,2680,1723,1307,416
06111003616,3556,2483,1759,724
06111003617,1992,1534,1073,461
06111003618,2174,1298,993,305
06111003700,6426,1278,1243,35
06111003801,5377,1177,1151,26
06111003802,2821,565,557,8
06111003901,3265,710,703,7
06111003902,3761,918,826,92
06111004000,6247,1420,1399,21
06111004101,6570,1360,1328,32
06111004200,5206,1305,1275,30
06111004304,7051,2871,2724,147
06111004305,1985,815,448,367
06111004400,7712,3304,2873,431
06111004503,4600,1151,1137,14
06111004504,5086,1200,1191,9
06111004505,2077,471,466,5
06111004507,3142,692,673,19
06111004508,4120,827,810,17
06111004600,1430,530,300,230
06111004704,1537,412,402,10
06111004710,5298,1335,1290,45
06111004711,3163,798,785,13
06111004715,5213,1282,1254,28
06111004716,4240,912,908,4
06111004717,3851,739,739,0
06111004901,7081,2092,2040,52
06111004902,4502,1030,1012,18
06111005002,3182,785,762,23
06111005004,10297,3795,3581,214
06111005005,4830,1178,1129,49
06111005006,3252,727,716,11
06111005202,2740,1144,1088,56
06111005203,5548,2004,1953,51
06111005204,3274,1270,1236,34
06111005205,8259,3604,3331,273
06111005304,5801,3201,3041,160
06111005305,5559,1932,1863,69
06111005306,4730,1751,1710,41
06111005307,6648,2372,2326,46
06111005308,2898,1013,994,19
06111005401,3955,1350,1323,27
06111005403,2651,1022,1001,21
06111005404,3849,1240,1229,11
06111005502,5241,2234,2106,128
06111005503,4014,1430,1360,70
06111005504,4430,1581,1554,27
06111005601,6831,2466,2331,135
06111005602,4849,2157,2065,92
06111005700,2931,642,597,45
06111005801,5214,1778,1749,29
06111005803,3512,1369,1341,28
06111005804,5390,1771,1730,41
06111005901,6525,2298,2261,37
06111005906,6630,2619,2520,99
06111005907,3464,1852,1760,92
06111005908,2945,1014,997,17
06111005909,3482,1495,1451,44
06111005910,1727,633,619,14
06111005911,3912,1642,1578,64
06111006000,4795,1540,1522,18
06111006101,3866,1415,1392,23
06111006102,4727,1609,1525,84
06111006200,2967,1079,1038,41
06111006301,6472,2688,2599,89
06111006302,3807,859,834,25
06111006400,7190,2575,2513,62
06111006500,3531,1097,1062,35
06111006600,4018,1360,1333,27
06111006700,3153,1160,1131,29
06111006800,3786,1295,1257,38
06111006900,4002,1837,1719,118
06111007000,4183,1742,1632,110
06111007100,6638,2961,2824,137
06111007201,3504,1217,1192,25
06111007202,4175,1684,1642,42
06111007300,2097,1037,815,222
06111007402,6058,2675,2567,108
06111007403,5728,2190,2124,66
06111007405,5822,2289,2250,39
06111007406,2349,847,828,19
06111007505,3327,1118,1088,30
06111007506,7514,2543,2518,25
06111007507,6808,2362,2324,38
06111007508,3696,1483,1457,26
06111007509,4418,1672,1613,59
06111007510,6208,2129,2098,31
06111007511,2676,1002,953,49
06111007512,6264,2182,2141,41
06111007513,1765,539,534,5
06111007515,3444,1430,1368,62
06111007516,3371,1770,1703,67
06111007607,5832,2064,2023,41
06111007609,2455,800,798,2
06111007610,4926,1697,1686,11
06111007611,4604,1126,1090,36
06111007612,5184,1842,1778,64
06111007613,4992,1532,1515,17
06111007614,7185,2408,2378,30
06111007700,6456,2263,2187,76
06111007800,4403,1609,1530,79
06111007901,5354,1699,1662,37
06111007903,4893,1554,1536,18
06111007904,5730,1716,1685,31
06111008001,3258,965,941,24
06111008002,4712,1556,1529,27
06111008004,5141,1487,1469,18
06111008005,2733,772,761,11
06111008101,3379,1109,1090,19
06111008201,4640,1605,1573,32
06111008202,4331,1450,1426,24
06111008302,5458,2006,1969,37
06111008303,3887,1490,1440,50
06111008304,5487,2108,2083,25
06111008307,3248,1360,1325,35
06111008308,4455,1507,1495,12
06111008401,5332,1947,1911,36
06111008402,5302,1714,1692,22
06111008501,4751,1695,1679,16
06111008502,3647,1422,1383,39
06111008601,4395,1168,1151,17
06111008602,3348,1253,1207,46
06111008700,6150,1913,1852,61
06111008800,5513,1388,1365,23
06111008900,3457,725,720,5
06111009100,6270,1407,1392,15
06111009200,6128,1855,1709,146
06111009300,6058,1843,1748,95
06111009400,2084,851,809,42
06111009500,3486,1673,1410,263
06111009600,3112,1325,1233,92
06111009700,3410,1174,1013,161
06111980000,0,1,0,1
06111990100,0,0,0,0
06113010102,1401,565,528,37
06113010103,5882,1990,1903,87
06113010104,5045,2011,1920,91
06113010105,2008,963,914,49
06113010201,3985,1813,1734,79
06113010203,5722,2289,2189,100
06113010204,5186,2190,2107,83
06113010310,5956,1938,1905,33
06113010312,5320,1976,1918,58
06113010313,5406,1832,1815,17
06113010314,2322,798,798,0
06113010315,1442,571,534,37
06113010401,4678,1851,1738,113
06113010402,4379,1370,1340,30
06113010501,8696,1682,1437,245
06113010505,5968,2333,2228,105
06113010508,2569,1086,1052,34
06113010509,3578,1443,1384,59
06113010510,4908,2111,1979,132
06113010511,3333,1315,1265,50
06113010512,3322,1233,1185,48
06113010513,2964,1221,1140,81
06113010602,5597,2604,2429,175
06113010605,3627,1276,1240,36
06113010607,4395,1812,1735,77
06113010608,5675,2142,2030,112
06113010609,2575,954,939,15
06113010610,3721,1509,1423,86
06113010611,1673,651,613,38
06113010701,4779,2328,2160,168
06113010703,5438,1930,1811,119
06113010704,2275,958,908,50
06113010800,3824,1392,1331,61
06113010901,5595,1923,1852,71
06113010902,6385,2436,2361,75
06113011001,6744,2648,2587,61
06113011002,3244,1415,1380,35
06113011101,2922,1141,1087,54
06113011102,5123,1608,1556,52
06113011103,3271,1075,1050,25
06113011203,2657,1066,1045,21
06113011204,5707,2027,1959,68
06113011207,2754,1007,962,45
06113011208,7643,2489,2358,131
06113011209,4037,1290,1265,25
06113011210,2738,837,824,13
06113011211,1653,481,481,0
06113011301,2079,743,696,47
06113011302,3634,1246,1194,52
06113011303,1446,570,534,36
06113011304,1361,488,468,20
06113011400,4052,1500,1412,88
06113011500,5709,2061,1891,170
06115040100,5029,2065,1908,157
06115040201,3827,1487,1419,68
06115040202,4346,1664,1583,81
06115040301,3600,1244,1195,49
06115040302,2479,846,774,72
06115040304,6587,2008,1928,80
06115040305,2755,914,870,44
06115040400,5938,1800,1677,123
06115040500,4002,1312,1238,74
06115040600,6396,2043,1913,130
06115040701,8299,2541,2411,130
06115040702,6231,1933,1885,48
06115040800,4405,1626,1573,53
06115040901,3047,1129,1057,72
06115040902,2412,1310,683,627
06115041001,3594,1415,1314,101
06115041002,3935,1691,1548,143
06115041101,3187,1703,1363,340
06115041102,1506,727,669,58
