geoid,pop,housing
06001400100,2937,1396
06001400200,1974,915
06001400300,4865,2591
06001400400,3703,1903
06001400500,3517,1684
06001400600,1571,757
06001400700,4206,1929
06001400800,3594,1733
06001400900,2302,1153
06001401000,5678,2658
06001401100,4156,2147
06001401200,2416,1296
06001401300,3528,1839
06001401400,4314,1764
06001401500,2630,1244
06001401600,2163,919
06001401700,2667,1310
06001401800,1703,800
06001402200,2385,988
06001402400,2351,1168
06001402500,1784,747
06001402600,1151,656
06001402700,1569,731
06001402800,3345,2317
06001402900,1434,959
06001403000,2788,1732
06001403100,2238,751
06001403300,4054,2236
06001403400,4146,3071
06001403501,4374,2745
06001403502,1991,1296
06001403600,4482,2732
06001403701,2587,1915
06001403702,1724,1211
06001403800,3461,1975
06001403900,3584,2265
06001404000,2819,1831
06001404101,2929,1819
06001404102,2283,1706
06001404200,3483,1420
06001404300,3218,1395
06001404400,5314,2391
06001404501,1677,710
06001404502,5784,2548
06001404600,4353,1867
06001404700,1954,825
06001404800,2684,1288
06001404900,4129,2056
06001405000,3136,1606
06001405100,4197,1627
06001405200,4597,2597
06001405301,2603,1656
06001405302,2530,1561
06001405401,3957,1748
06001405402,3114,1251
06001405500,3643,1642
06001405600,3137,1511
06001405700,3243,1439
06001405800,3965,1382
06001405901,3910,1192
06001405902,3035,1001
06001406000,3450,1669
06001406100,4381,1620
06001406201,4649,1520
06001406202,4718,1406
06001406300,4113,1323
06001406400,2145,789
06001406500,5930,2015
06001406601,4596,1805
06001406602,2493,964
06001406700,5048,2335
06001406800,3428,1451
06001406900,3719,1561
06001407000,5885,2233
06001407101,3414,1096
06001407102,4351,1375
06001407200,6746,2008
06001407300,2598,811
06001407400,3954,1186
06001407500,3931,1386
06001407600,6027,2251
06001407700,4109,1826
06001407800,2425,783
06001407900,2706,1198
06001408000,2671,1058
06001408100,5991,2714
06001408200,4054,1819
06001408300,4167,1826
06001408400,3323,1275
06001408500,4972,1666
06001408600,5492,1897
06001408700,7207,2512
06001408800,5547,1937
06001408900,3414,1074
06001409000,3552,1071
06001409100,2255,664
06001409200,3152,972
06001409300,5229,1614
06001409400,4306,1260
06001409500,3122,1007
06001409600,5063,1561
06001409700,4696,1697
06001409800,2887,1289
06001409900,3308,1415
06001410000,2805,1179
06001410100,2406,1003
06001410200,3062,1179
06001410300,3536,1044
06001410400,3792,1352
06001410500,2193,948
06001420100,2355,926
06001420200,2898,1307
06001420300,4571,2140
06001420400,3124,1185
06001420500,2308,995
06001420600,3283,1336
06001421100,1992,886
06001421200,3563,1547
06001421300,3844,1750
06001421400,1593,695
06001421500,3640,1647
06001421600,3558,1707
06001421700,3198,1679
06001421800,2007,931
06001421900,3632,1792
06001422000,1756,729
06001422100,2685,1255
06001422200,3144,1629
06001422300,3387,1802
06001422400,4196,2378
06001422500,4658,1711
06001422600,1215,14
06001422700,4885,1383
06001422800,8368,1691
06001422900,4336,2171
06001423000,4396,2208
06001423100,3964,1967
06001423200,2794,1168
06001423300,3647,1745
06001423400,4685,2196
06001423500,3118,1577
06001423601,2642,1321
06001423602,5659,2716
06001423700,3633,1501
06001423800,2925,1324
06001423901,2020,950
06001423902,1552,801
06001424001,3716,1585
06001424002,2172,998
06001425101,1596,1293
06001425102,2807,1893
06001425103,2502,1424
06001425104,3175,2036
06001426100,5922,2189
06001426200,4745,1735
06001427100,3646,1469
06001427200,4107,1730
06001427300,4896,2212
06001427600,4722,1881
06001427700,4866,2429
06001427800,4640,2136
06001427900,4567,2224
06001428000,2928,1429
06001428100,4651,2056
06001428200,6259,2762
06001428301,6526,2536
06001428302,7074,2728
06001428400,4357,2013
06001428500,3183,1558
06001428600,3271,1638
06001428700,4119,1550
06001430101,6523,2269
06001430102,2285,924
06001430200,6916,2525
06001430300,3670,1354
06001430400,2046,765
06001430500,6049,2138
06001430600,5887,2180
06001430700,3814,1398
06001430800,5394,2214
06001430900,4681,1899
06001431000,2714,1231
06001431100,3225,1390
06001431200,5627,2691
06001432100,3770,1498
06001432200,4080,1784
06001432300,4656,1728
06001432400,5814,1923
06001432501,4839,1517
06001432502,4485,1466
06001432600,6842,3073
06001432700,2478,1080
06001432800,3729,1497
06001433000,3832,1478
06001433102,3989,1386
06001433103,3530,1547
06001433104,3760,1903
06001433200,6897,2843
06001433300,6834,2240
06001433400,6305,2333
06001433500,4352,1425
06001433600,5978,2164
06001433700,3182,1076
06001433800,7369,2573
06001433900,6599,2352
06001434000,4884,1795
06001435102,5179,1648
06001435103,6403,2130
06001435104,5216,2096
06001435200,4140,1429
06001435300,4479,1738
06001435400,4503,2161
06001435500,3725,1515
06001435601,4902,1611
06001435602,5329,1746
06001435700,4594,1527
06001435800,5382,1666
06001435900,5073,1696
06001436000,4557,1474
06001436100,5261,1800
06001436200,3827,1287
06001436300,7129,2290
06001436401,7042,3042
06001436402,2618,1051
06001436500,4583,1843
06001436601,6091,1937
06001436602,4571,1718
06001436700,3284,1050
06001436800,4027,1366
06001436900,6724,1926
06001437000,3473,1269
06001437101,6448,1880
06001437102,4251,1465
06001437200,6755,2435
06001437300,3111,943
06001437400,3408,954
06001437500,4528,1189
06001437600,3217,940
06001437701,3649,1107
06001437702,4256,1111
06001437800,4621,1393
06001437900,2338,708
06001438000,3283,1124
06001438100,7675,2185
06001438201,4540,1245
06001438203,3920,1263
06001438204,5368,1925
06001438300,3731,924
06001438400,2331,746
06001440100,2310,1027
06001440200,5989,1492
06001440301,7312,2195
06001440304,4674,1316
06001440305,3883,1023
06001440306,3841,1036
06001440307,4219,1626
06001440308,5883,2019
06001440331,3205,942
06001440332,3310,872
06001440333,2839,828
06001440334,4016,1070
06001440335,6496,2225
06001440336,4459,1480
06001441100,4308,1728
06001441200,6816,2641
06001441301,3179,1199
06001441302,5553,1855
06001441401,6931,2346
06001441402,5233,1728
06001441501,6068,1758
06001441503,5389,2021
06001441521,5869,1800
06001441522,4980,1457
06001441523,4077,1402
06001441524,4010,1332
06001441601,4561,1451
06001441602,6802,2330
06001441700,7436,2762
06001441800,6786,2413
06001441921,3663,1295
06001441923,5605,2227
06001441924,7301,2675
06001441925,6159,2919
06001441926,4080,1456
06001441927,4103,1817
06001442000,3212,1023
06001442100,5166,1660
06001442200,6875,2161
06001442301,4388,1461
06001442302,4788,2050
06001442400,6253,1977
06001442500,7371,2239
06001442601,3844,1295
06001442602,5074,1744
06001442700,2873,1093
06001442800,2816,943
06001442900,7194,2383
06001443001,2917,818
06001443002,5918,1920
06001443102,4611,1440
06001443103,4029,1219
06001443104,5558,1757
06001443105,4456,1392
06001443200,3704,1194
06001443301,4074,1225
06001443321,3142,1204
06001443322,2985,937
06001444100,7280,2496
06001444200,6499,1985
06001444301,3855,1169
06001444302,4354,1260
06001444400,5114,1480
06001444500,6696,1997
06001444601,4761,1442
06001444602,4014,1585
06001450101,4349,1956
06001450102,9434,1326
06001450200,4067,2070
06001450300,4551,1603
06001450400,5968,2103
06001450501,3129,1281
06001450502,4185,1554
06001450601,3379,1347
06001450602,8722,3286
06001450603,4657,1539
06001450604,4796,1700
06001450605,3685,1405
06001450606,5733,1973
06001450607,5251,2367
06001450701,8075,2695
06001450741,4768,1833
06001450742,4576,1863
06001450743,4734,1983
06001450744,4831,1579
06001450745,5956,2063
06001450746,3152,1245
06001450750,3618,1882
06001450751,2115,723
06001450752,5262,1589
06001451101,7081,2472
06001451102,4011,1345
06001451201,6595,2593
06001451202,3634,1326
06001451300,6560,2425
06001451401,5850,2327
06001451403,2220,781
06001451404,6610,2173
06001451501,4668,1802
06001451503,5660,2151
06001451504,1509,601
06001451505,3337,1155
06001451506,3138,1115
06001451601,4617,1854
06001451602,6224,2920
06001451701,3102,1063
06001451703,3859,1320
06001451704,4449,1660
06001981900,38,26
06001982000,71,37
06001983200,540,404
06001990000,0,0
06003010000,1175,1760
06005000101,3907,2674
06005000102,1867,1584
06005000200,4672,2499
06005000301,5871,775
06005000303,5073,2310
06005000304,3946,1773
06005000401,5020,2604
06005000402,4740,2336
06005000500,2995,1477
06007000102,3900,1680
06007000103,3902,1388
06007000104,5636,2465
06007000201,4052,1846
06007000202,3723,1895
06007000300,4410,1860
06007000401,1771,753
06007000402,7030,3051
06007000501,4333,1977
06007000502,4204,1827
06007000601,3304,1344
06007000603,3130,1058
06007000604,4217,1699
06007000700,4694,2415
06007000800,5295,2280
06007000901,2142,909
06007000903,6117,2632
06007000904,6071,2699
06007001000,4801,2190
06007001100,4572,1763
06007001200,3556,1593
06007001300,4169,1506
06007001400,5797,2201
06007001500,5297,2150
06007001600,5266,2767
06007001702,5739,2701
06007001703,2852,1332
06007001704,3060,1510
06007001800,5640,2757
06007001900,3373,1606
06007002000,5184,2574
06007002100,4599,2327
06007002200,5156,2564
06007002300,5331,2601
06007002400,5157,3066
06007002500,4930,1652
06007002601,2324,1174
06007002602,3455,1827
06007002700,5478,2277
06007002800,4275,1994
06007002900,3060,979
06007003001,3140,1172
06007003002,3531,1234
06007003100,4396,1777
06007003200,4234,1635
06007003300,4852,2015
06007003400,2956,1133
06007003501,3222,1272
06007003502,4758,1645
06007003600,3404,1284
06007003700,4505,1779
06009000120,4434,2728
06009000121,4463,2253
06009000122,4046,2140
06009000210,9515,4033
06009000220,5515,2276
06009000300,6969,3539
06009000400,4032,2539
06009000501,3332,2737
06009000503,2330,3381
06009000504,942,2299
06011000100,5183,1738
06011000200,5121,1941
06011000300,6055,1886
06011000400,2495,1222
06011000500,2565,1096
06013301000,3659,2097
06013302005,6592,2367
06013302006,3779,1244
06013302007,6347,2102
06013302008,7718,2322
06013302009,5641,1746
06013302010,10039,3158
06013303102,7624,2399
06013303103,10812,3516
06013303201,9989,3087
06013303202,7080,2235
06013303203,8491,2871
06013303204,4182,1573
06013303205,8309,3410
06013304001,3718,1301
06013304002,1426,497
06013304003,3433,1676
06013304004,3738,1784
06013304005,6738,2133
06013305000,6620,2478
06013306002,2985,1111
06013306003,4881,1819
06013306004,3324,1243
06013307101,4166,1541
06013307102,5038,1869
06013307201,3467,1163
06013307202,3933,1575
06013307204,4300,1363
06013307205,6595,2664
06013308001,7229,2563
06013308002,4194,1363
06013309000,2771,1193
06013310000,5641,1814
06013311000,5001,1563
06013312000,2292,815
06013313101,7251,2847
06013313102,3984,1445
06013313103,7723,2678
06013313203,3222,985
06013313204,5542,1837
06013313205,1724,530
06013313206,5757,1613
06013314102,5923,1785
06013314103,5546,1740
06013314104,7118,2412
06013314200,6482,1773
06013315000,3281,1194
06013316000,1483,487
06013317000,2144,1092
06013318000,3267,1586
06013319000,7412,3214
06013320001,3615,1267
06013320003,2805,1046
06013320004,6216,2591
06013321101,6549,2571
06013321102,6689,2775
06013321103,4518,1851
06013321200,5533,2406
06013322000,6085,2576
06013323000,4352,1739
06013324001,4615,2757
06013324002,5141,2532
06013325000,5514,2243
06013326000,3437,1424
06013327000,6695,2896
06013328000,2281,1450
06013329000,6309,2354
06013330000,5353,1999
06013331000,7013,2800
06013332000,7534,2877
06013333101,4091,1498
06013333102,3855,1570
06013333200,5926,2231
06013334001,3749,1580
06013334004,7367,3303
06013334006,4767,1723
06013334200,6794,2826
06013335000,3358,1273
06013336101,4802,1580
06013336102,7595,2701
06013336201,4032,1242
06013336202,5701,1696
06013337100,3200,1222
06013337200,7183,3124
06013337300,6098,2333
06013338101,4996,1907
06013338102,3601,1368
06013338201,3790,1450
06013338203,4564,2675
06013338204,5662,2902
06013338301,2922,1123
06013338302,5807,2191
06013339001,3362,2017
06013339002,5574,3522
06013340001,5857,2467
06013340002,7000,3024
06013341000,4864,2096
06013343001,4806,2209
06013343002,4380,2113
06013343003,3843,1513
06013345101,5730,2085
06013345102,3895,1318
06013345103,5062,1936
06013345105,6223,2388
06013345108,7353,3369
06013345111,5099,2004
06013345112,6513,2452
06013345113,4337,1484
06013345114,6307,2600
06013345115,5734,1873
06013345116,2859,949
06013345202,7816,3417
06013345203,6472,2790
06013345204,3586,1290
06013346101,3433,1320
06013346102,5650,2066
06013346201,7181,2737
06013346203,3838,1456
06013346204,7278,2561
06013347000,6171,2397
06013348000,4587,1730
06013349000,4686,1999
06013350000,5512,2559
06013351101,2594,2128
06013351102,3635,3103
06013351103,1846,1437
06013351200,5812,2094
06013352101,3141,838
06013352102,5586,1866
06013352201,5750,2357
06013352202,2548,1063
06013353001,3521,1369
06013353002,4078,1530
06013354001,1859,728
06013354002,6590,2630
06013355107,5048,1650
06013355108,12847,3777
06013355109,6416,2175
06013355110,4197,1251
06013355111,6343,1984
06013355112,5563,2118
06013355113,4985,1707
06013355114,11035,3462
06013355115,4443,1874
06013355116,5664,1625
06013355117,8379,2222
06013355200,7444,2531
06013355301,7833,2831
06013355302,3484,1225
06013355304,7831,3124
06013355306,4922,1820
06013356001,3759,1203
06013356002,5375,2071
06013357000,3018,1630
06013358000,5298,2110
06013359102,5159,1961
06013359103,5051,2069
06013359104,1932,961
06013359105,4542,1591
06013359202,6148,2319
06013359203,6726,2389
06013359204,4702,1529
06013360101,4576,1771
06013360102,4326,1543
06013360200,4626,1878
06013361000,4475,1832
06013362000,2767,1222
06013363000,7043,2791
06013364002,5518,1871
06013365002,5462,1736
06013365003,4924,2478
06013366001,4307,1322
06013366002,6093,1834
06013367100,5099,2080
06013367200,5171,1631
06013368001,5327,1410
06013368002,3404,982
06013369001,6246,2515
06013369002,2548,1078
06013370000,2837,1185
06013371000,5316,1997
06013372000,7353,2386
06013373000,4376,1192
06013374000,4506,1848
06013375000,4389,1272
06013376000,5962,2043
06013377000,6962,2388
06013378000,3435,1989
06013379000,6117,2064
06013380000,5706,2858
06013381000,6097,2131
06013382000,6964,2761
06013383000,4485,2138
06013384000,3883,1695
06013385100,2765,1192
06013385200,1320,591
06013386000,3317,1534
06013387000,2532,1184
06013388000,2576,1203
06013389100,2002,929
06013389200,1714,835
06013390100,2229,973
06013390200,1719,799
06013391000,2556,1135
06013392000,2451,1136
06013392200,10605,3263
06013392300,3102,930
06013990000,0,0
06015000101,3939,1772
06015000102,3769,1605
06015000104,1881,835
06015000105,6967,2939
06015000201,7026,1502
06015000202,3655,1886
06015000203,1373,647
06015990000,0,0
06017030200,4773,2731
06017030301,2469,1510
06017030302,2867,2152
06017030401,3498,3225
06017030402,3723,2410
06017030502,2641,1843
06017030504,2912,2126
06017030505,2704,2091
06017030601,5044,2215
06017030602,6781,3110
06017030603,3566,2160
06017030701,6205,2187
06017030704,5961,2448
06017030706,6020,2279
06017030709,4806,1621
06017030710,4989,1828
06017030801,4011,1599
06017030803,7241,3161
06017030804,6377,2512
06017030807,3986,1519
06017030808,6897,2482
06017030809,2447,1014
06017030810,3437,1456
06017030901,3020,1324
06017030902,4687,1882
06017031000,6061,2639
06017031100,5462,2551
06017031200,5193,2144
06017031301,3408,1587
06017031302,4701,2322
06017031402,5896,3122
06017031404,2407,1021
06017031405,2426,1206
06017031406,5544,2650
06017031502,6031,2699
06017031503,2810,1196
06017031504,5337,2341
06017031600,4126,3078
06017031700,2648,882
06017031800,6798,2183
06017031900,133,869
06017032000,1015,2784
06017990000,0,0
06019000100,2860,480
06019000200,3167,830
06019000300,3609,1158
06019000400,6343,1325
06019000501,2815,848
06019000502,3606,1120
06019000600,6161,2169
06019000700,3921,1212
06019000800,964,252
06019000901,3151,793
06019000902,5252,1350
06019001000,4106,1051
06019001100,3174,868
06019001201,5936,1514
06019001202,4756,1225
06019001301,5653,1499
06019001303,2888,650
06019001304,5796,1437
06019001407,4694,1718
06019001408,2504,1333
06019001409,1848,671
06019001410,9109,2501
06019001411,5276,1893
06019001412,2790,805
06019001413,4605,1567
06019001414,7381,2282
06019001500,2206,727
06019001600,5099,1688
06019001700,5701,1799
06019001800,4615,1462
06019001900,2914,929
06019002000,6369,2033
06019002100,5419,2244
06019002200,3594,1670
06019002300,3624,1384
06019002400,4959,1461
06019002501,5098,1434
06019002502,5431,1342
06019002601,5821,1468
06019002602,3520,1029
06019002701,4673,1256
06019002702,5882,1493
06019002800,5205,1352
06019002903,4329,1281
06019002904,2897,799
06019002905,2889,975
06019002906,5520,1612
06019003001,3175,882
06019003003,4154,1306
06019003004,2301,773
06019003102,7048,2897
06019003103,5708,2255
06019003104,3810,1679
06019003201,4398,1490
06019003202,5265,1733
06019003301,3507,1172
06019003302,4749,1605
06019003400,4555,1497
06019003500,5674,2242
06019003600,4009,1785
06019003701,3314,1129
06019003702,4933,1663
06019003803,8153,2433
06019003804,5531,1618
06019003805,6852,2482
06019003807,3362,1147
06019003808,5082,1475
06019003809,4771,1626
06019003810,5256,1557
06019003900,5804,1776
06019004001,7248,2182
06019004002,7129,2011
06019004100,3306,955
06019004205,5888,2066
06019004207,8115,2496
06019004208,7124,2494
06019004210,3480,1540
06019004211,6319,2211
06019004212,10762,4386
06019004213,3248,1291
06019004214,4978,1951
06019004215,4475,1442
06019004216,2629,873
06019004301,3853,1716
06019004302,4848,2091
06019004303,4162,1966
06019004404,3556,1224
06019004405,4040,1536
06019004406,5211,2416
06019004408,3517,1758
06019004409,3486,1458
06019004503,4723,2126
06019004504,4762,2218
06019004505,4866,2194
06019004506,3158,1558
06019004601,2641,1169
06019004602,2555,1090
06019004701,6682,2498
06019004703,4218,1327
06019004704,5212,1658
06019004801,4604,1639
06019004802,4599,1678
06019004901,4052,1637
06019004902,1985,728
06019005000,3917,1551
06019005100,5723,2207
06019005202,3619,1278
06019005203,4519,1636
06019005204,4105,1439
06019005301,5740,1938
06019005302,5208,2109
06019005304,5305,2269
06019005305,3635,1199
06019005403,4171,1689
06019005405,4145,1613
06019005406,3899,1489
06019005407,3139,1279
06019005408,1276,389
06019005409,3560,1607
06019005410,3298,1243
06019005503,4254,1953
06019005504,2295,815
06019005505,6613,2186
06019005507,5732,2194
06019005508,5796,1978
06019005509,4678,1684
06019005510,4997,2436
06019005512,4824,1642
06019005513,2952,1006
06019005514,3961,1472
06019005515,1653,633
06019005516,5527,2709
06019005517,7487,2720
06019005518,2753,1002
06019005520,2698,817
06019005522,4467,1480
06019005524,4571,1588
06019005525,1244,428
06019005602,5467,2367
06019005605,1470,531
06019005606,3847,1389
06019005607,3993,2022
06019005608,3064,1480
06019005701,3697,1395
06019005702,5243,1896
06019005703,5176,1843
06019005704,5542,1853
06019005801,4856,1869
06019005802,4195,1461
06019005804,6626,2128
06019005805,3798,1226
06019005904,4192,1473
06019005905,6809,2403
06019005906,2240,850
06019005907,3095,964
06019005909,4627,1430
06019005911,3386,1080
06019005912,3280,1155
06019006000,8895,2976
06019006100,7536,2223
06019006201,2608,675
06019006202,6807,1747
06019006300,7254,2475
06019006402,2973,4230
06019006403,6304,3253
06019006404,4909,2371
06019006405,4795,1967
06019006501,6662,1630
06019006502,4159,1124
06019006602,5597,1522
06019006603,2047,668
06019006604,7959,1877
06019006700,6304,2137
06019006802,4019,1127
06019006900,3170,902
06019007002,4514,1418
06019007003,7750,2237
06019007004,5520,1844
06019007100,7904,2070
06019007201,7671,2810
06019007202,5109,1753
06019007300,4869,1486
06019007400,3548,1047
06019007500,5287,1489
06019007600,4806,1400
06019007700,5599,1606
06019007801,2722,627
06019007802,5269,1338
06019007901,5652,0
06019007902,2742,904
06019008000,5277,1844
06019008100,5691,2025
06019008200,6978,1823
06019008301,5989,1369
06019008302,6562,1601
06019008401,7991,2258
06019008402,1152,378
06019008501,4585,1215
06019008502,7929,1798
06021010100,8192,3035
06021010200,4901,1862
06021010300,2373,1019
06021010400,7636,3024
06021010501,3456,1138
06021010502,1564,700
06023000100,4901,2103
06023000200,6211,2567
06023000300,5544,2319
06023000400,3873,1658
06023000500,4263,2023
06023000600,4866,2170
06023000700,5360,2423
06023000800,4668,2159
06023000900,5074,2336
06023001000,5906,2618
06023001101,6350,2921
06023001200,4686,2025
06023001300,1479,693
06023010102,2884,1796
06023010200,2983,1806
06023010300,3607,1669
06023010400,3688,1530
06023010501,6635,2855
06023010502,5281,2374
06023010600,1798,833
06023010700,6940,2996
06023010800,4785,2046
06023010901,4533,1891
06023010902,4143,1937
06023011000,4386,1828
06023011100,4976,2061
06023011200,3220,1740
06023011500,4409,2743
06023011600,4133,2267
06023940000,3041,1172
06023990100,0,0
06025010101,4601,287
06025010102,5007,1790
06025010200,2640,828
06025010300,933,355
06025010400,7162,2134
06025010500,6593,2208
06025010600,6998,2527
06025010700,4322,1393
06025010800,1368,537
06025010900,6755,2214
06025011000,12047,3962
06025011100,3685,1311
06025011201,6043,1911
06025011202,5444,2002
06025011300,10460,2859
06025011400,4580,1305
06025011500,6232,2041
06025011600,6310,2236
06025011700,4797,1537
06025011801,3821,1220
06025011802,4870,1788
06025011803,5937,2170
06025011900,10966,3052
06025012001,3831,1144
06025012002,9678,2576
06025012100,6937,2128
06025012200,7804,1989
06025012301,5633,975
06025012302,4756,2526
06025012400,1266,1566
06025940000,3052,1496
06027000100,2757,1324
06027000200,1718,921
06027000300,2457,1156
06027000400,5668,2622
06027000500,2568,1395
06027000800,3378,2060
06029000101,12240,4651
06029000102,3055,1272
06029000200,7644,3162
06029000300,4217,1839
06029000400,4319,1978
06029000503,6347,2175
06029000504,4086,1787
06029000505,3764,1439
06029000506,2795,1296
06029000507,3598,1369
06029000600,6931,2922
06029000700,4825,1973
06029000800,4925,1685
06029000902,3340,1422
06029000903,3653,1532
06029000904,4008,1508
06029000905,2483,841
06029000906,4355,1305
06029000907,2463,729
06029000908,5493,1961
06029000909,2406,976
06029000910,9904,4036
06029001000,9186,2652
06029001101,4413,1263
06029001102,6682,1787
06029001103,4782,1257
06029001201,2895,787
06029001202,6264,1787
06029001300,7559,2317
06029001400,7766,2381
06029001500,3147,912
06029001600,1390,821
06029001700,4287,2118
06029001801,5579,2234
06029001802,5408,2259
06029001901,3434,1512
06029001902,4679,1951
06029002000,7111,2479
06029002100,3852,1080
06029002200,6537,1784
06029002301,9743,2653
06029002302,3378,864
06029002400,7478,2198
06029002500,9122,2562
06029002600,3539,1042
06029002700,5370,1926
06029002804,2672,1639
06029002806,2176,1153
06029002807,3894,1513
06029002808,7257,3022
06029002811,3854,1521
06029002812,5215,2198
06029002813,4161,1803
06029002814,4158,1723
06029002815,4282,1520
06029002816,5465,1857
06029002817,5173,1850
06029002818,3761,1507
06029002819,4586,1817
06029002820,6301,2021
06029002821,4897,1692
06029002900,7449,2558
06029003000,7374,2102
06029003103,3979,1086
06029003112,5116,1919
06029003113,4784,1515
06029003114,7654,2497
06029003115,5482,1541
06029003121,8264,2585
06029003122,8845,2303
06029003123,15296,4527
06029003124,5414,1685
06029003202,15579,4405
06029003203,2383,799
06029003204,9386,3049
06029003205,8998,2517
06029003206,12112,3437
06029003303,1471,598
06029003304,5248,983
06029003305,3608,1830
06029003306,4897,3269
06029003400,4318,1441
06029003500,6156,2393
06029003600,4531,1667
06029003700,3953,1137
06029003803,4769,1595
06029003804,15464,4809
06029003805,8774,2859
06029003806,4889,1736
06029003807,3616,1265
06029003808,4439,1575
06029003809,10984,3761
06029003810,2578,883
06029003811,2661,1050
06029003812,4367,1863
06029003813,7613,2664
06029003900,2250,222
06029004000,7704,1833
06029004101,4917,1538
06029004102,5451,1458
06029004200,1320,401
06029004301,7416,2005
06029004302,5710,0
06029004401,7308,2099
06029004402,5437,1489
06029004500,3937,961
06029004601,5363,0
06029004603,490,0
06029004604,15845,2575
06029004701,8868,1777
06029004702,4051,967
06029004800,9297,2462
06029004901,5733,1483
06029004902,8349,1999
06029005003,3543,930
06029005004,7219,2010
06029005103,2564,1190
06029005104,3253,1561
06029005201,5397,4462
06029005203,4679,2829
06029005204,6158,3896
06029005300,2139,808
06029005401,6099,2807
06029005402,5094,2127
06029005403,8379,3673
06029005404,6672,2859
06029005501,6275,2922
06029005506,5998,2438
06029005507,7198,3261
06029005508,4198,1886
06029005600,2253,1208
06029005700,2226,856
06029005801,5997,2140
06029005802,7379,2958
06029005900,3589,1534
06029006002,5906,4
06029006003,5580,2220
06029006004,1601,985
06029006006,3519,1484
06029006007,5474,2654
06029006008,5956,3088
06029006100,8264,3406
06029006201,2877,923
06029006202,6401,1534
06029006301,4004,994
06029006303,6784,1554
06029006304,3895,967
06029006401,8320,2001
06029006403,5824,1353
06029006404,3564,903
06029006500,5152,1450
06031000100,3457,1200
06031000200,2271,816
06031000300,7446,1629
06031000402,5280,1816
06031000403,5281,1839
06031000404,9791,3438
06031000405,6281,2290
06031000500,5476,1683
06031000601,10021,3253
06031000602,5676,2421
06031000701,5321,2015
06031000702,4382,1635
06031000800,4858,1634
06031000900,8057,2993
06031001001,4176,1487
06031001002,4424,1349
06031001003,5699,1572
06031001100,6613,1872
06031001200,2507,871
06031001300,3761,1268
06031001401,3002,833
06031001402,2384,738
06031001500,4619,1458
06031001601,4516,1318
06031001602,12118,0
06031001701,9142,2439
06031981800,6423,0
06033000100,3121,1697
06033000300,3846,1850
06033000400,5574,2835
06033000501,3222,1905
06033000502,2703,1643
06033000600,3957,3240
06033000701,4343,2599
06033000702,4029,1964
06033000801,2894,1509
06033000802,4234,2149
06033000900,6059,3946
06033001000,6045,2522
06033001100,3865,2395
06033001200,3198,1666
06033001300,7575,3572
06035040100,1822,1035
06035040200,2534,2347
06035040302,4422,1820
06035040303,3616,1528
06035040304,1939,913
06035040305,4146,1754
06035040400,9422,586
06035040500,3213,1368
06035040600,3781,1359
06037101110,4731,1734
06037101122,3664,1369
06037101210,5990,2317
06037101220,3363,1317
06037101300,4199,1582
06037101400,3903,1568
06037102103,1740,680
06037102104,3648,1326
06037102105,1731,560
06037102107,3851,1326
06037103101,2670,948
06037103102,4751,1708
06037103200,6150,2285
06037103300,3819,1400
06037103400,6143,2484
06037104103,4085,842
06037104105,5412,1456
06037104108,5256,1346
06037104124,4175,1215
06037104201,4780,885
06037104203,5210,1158
06037104204,3375,753
06037104310,4921,931
06037104320,5998,1359
06037104401,3357,725
06037104403,3282,717
06037104404,3236,694
06037104500,3293,748
06037104610,3672,785
06037104620,3539,796
06037104701,4208,931
06037104703,2397,584
06037104704,4219,1159
06037104810,5328,1132
06037104821,3514,834
06037104822,2277,614
06037106010,3152,962
06037106020,5557,1433
06037106111,4334,1345
06037106112,5969,1501
06037106113,3493,884
06037106114,5880,1622
06037106403,3825,863
06037106405,3966,1174
06037106406,4962,1670
06037106407,2933,872
06037106408,3463,996
06037106510,5108,1538
06037106520,5837,1463
06037106603,2979,992
06037106604,5020,1265
06037106641,2317,787
06037106642,3236,1095
06037106643,4320,1344
06037106645,3389,1205
06037106646,3237,964
06037106648,3890,1005
06037106649,2853,727
06037107010,3247,752
06037107020,5404,1307
06037108101,2230,800
06037108102,3430,1253
06037108103,3256,1075
06037108104,1698,587
06037108201,5551,1900
06037108202,4895,1972
06037109100,2492,775
06037109200,2669,899
06037109300,3085,898
06037109400,3720,1068
06037109500,4303,1054
06037109601,5020,1323
06037109603,4252,1316
06037109604,2975,920
06037109700,4493,1400
06037109800,4565,1460
06037111100,2982,942
06037111201,3410,1130
06037111202,5213,1938
06037111204,5859,1955
06037111205,3375,1298
06037111206,4490,1538
06037111301,7087,2778
06037111302,4786,1915
06037111400,7560,2847
06037113101,3558,1140
06037113102,2828,967
06037113211,3787,1613
06037113212,3069,1082
06037113213,4316,1660
06037113231,2125,810
06037113232,3894,1388
06037113233,6655,2448
06037113234,4667,1585
06037113235,1602,766
06037113237,3661,1496
06037113301,2201,982
06037113303,4006,1398
06037113321,5473,2406
06037113322,3947,1370
06037113401,5543,1777
06037113421,6109,2064
06037113422,6057,2158
06037115101,5046,1724
06037115103,2776,31
06037115104,4444,2117
06037115201,6437,2911
06037115202,4828,1951
06037115301,4156,1766
06037115302,4351,1025
06037115401,5776,2055
06037115403,3188,1045
06037115404,2913,867
06037117101,4796,1376
06037117102,2631,828
06037117201,4352,1233
06037117202,2471,740
06037117301,3851,1236
06037117302,4914,1744
06037117303,3512,1038
06037117404,4279,1335
06037117405,3442,854
06037117407,3636,896
06037117408,2830,868
06037117510,4028,1013
06037117520,4052,999
06037117530,5641,1565
06037119001,4038,997
06037119002,7210,1679
06037119201,4137,915
06037119202,4707,1086
06037119310,3871,1150
06037119320,4694,1183
06037119340,3884,982
06037119341,2719,797
06037119342,3180,742
06037119400,4987,1133
06037119700,5045,1328
06037119800,6108,1437
06037119900,4940,1225
06037120010,2844,696
06037120020,4057,1120
06037120030,2675,666
06037120103,3287,865
06037120104,2310,764
06037120105,2812,864
06037120106,4417,1197
06037120107,3818,1046
06037120108,4838,1302
06037120300,5531,1463
06037120400,6272,2022
06037121010,4989,1301
06037121020,3741,1046
06037121101,2932,956
06037121102,2721,829
06037121210,3122,799
06037121221,2365,564
06037121222,5293,1270
06037121600,3005,851
06037121801,3942,1215
06037121802,3525,736
06037121900,4110,1072
06037122000,5446,1538
06037122120,5000,1132
06037122121,2833,738
06037122122,2439,660
06037122200,4141,973
06037122410,3794,1137
06037122420,5050,1350
06037123010,4580,1038
06037123020,3432,781
06037123103,4165,1523
06037123104,4596,1605
06037123203,3765,1098
06037123204,3449,1056
06037123205,2645,737
06037123206,2945,910
06037123301,4559,1565
06037123303,3301,951
06037123304,4687,1721
06037123410,4247,1294
06037123420,4638,1419
06037123510,4753,1623
06037123520,2567,857
06037123601,4995,1895
06037123602,3332,1332
06037123700,4114,1547
06037123800,5531,2396
06037123901,4500,1532
06037123902,2561,1114
06037124000,4550,2160
06037124102,3549,1433
06037124103,2030,607
06037124104,2439,999
06037124105,2658,925
06037124201,3506,1140
06037124203,2748,876
06037124204,3071,1076
06037124300,4046,1385
06037124400,4192,1723
06037124500,2779,1243
06037124600,3123,1398
06037124700,4796,2222
06037124902,2766,1608
06037124903,3262,1703
06037125100,5431,2971
06037125200,3524,1754
06037125310,4750,2168
06037125320,4843,2753
06037125401,4024,2334
06037125402,3544,2011
06037125501,3077,1668
06037125502,3083,1796
06037125600,2657,1287
06037127102,4726,1514
06037127103,2939,1173
06037127104,3573,1234
06037127210,5531,1885
06037127220,4931,1658
06037127300,4460,1761
06037127400,5818,1809
06037127520,4045,1239
06037127603,2938,897
06037127604,2939,1204
06037127605,3549,1117
06037127606,3164,1107
06037127711,3356,1187
06037127712,2991,1166
06037127803,4037,1379
06037127804,3933,1546
06037127805,3768,1202
06037127806,3447,1263
06037127910,4769,1569
06037127920,4100,1312
06037128101,3738,1262
06037128102,4795,1475
06037128210,4822,1541
06037128220,3011,1205
06037128302,4688,1488
06037128303,3982,1127
06037128400,4114,1723
06037128500,4015,2111
06037128601,4288,1702
06037128602,3189,1411
06037128702,5639,2844
06037128801,3307,1964
06037128802,4325,2184
06037128910,4083,1937
06037131010,6409,2090
06037131020,5698,1613
06037131100,3252,1063
06037131200,3429,1229
06037131300,4902,1220
06037131400,5897,1913
06037131600,5494,1500
06037131701,4541,1757
06037131702,3751,1201
06037131800,5341,1643
06037131900,4210,1359
06037132001,3202,1166
06037132002,3299,1101
06037132101,4259,1587
06037132102,5310,2086
06037132300,6494,2399
06037132501,3763,1162
06037132502,3672,1328
06037132700,4912,1509
06037132900,3461,1329
06037133000,4449,1263
06037133100,5446,2116
06037134001,3765,955
06037134002,3372,1045
06037134101,4922,1479
06037134103,4193,1334
06037134104,4322,1395
06037134201,4270,1231
06037134302,3732,1267
06037134303,5057,1838
06037134304,2882,953
06037134305,3847,1076
06037134306,3498,1244
06037134421,3941,1400
06037134422,4684,1598
06037134423,3414,1269
06037134424,2887,951
06037134520,5453,1935
06037134521,3126,744
06037134522,3954,1327
06037134710,5287,1606
06037134720,4594,1642
06037134800,5949,1903
06037134901,3069,1176
06037134903,4216,2138
06037134904,4338,1451
06037134905,2819,1774
06037135102,3513,1231
06037135111,2967,1184
06037135113,2795,1457
06037135114,4445,2689
06037135201,2620,917
06037135202,4255,1507
06037135203,7055,2504
06037137103,4199,2523
06037137104,2717,1085
06037137201,5270,2339
06037137301,2264,807
06037137302,4338,1606
06037137401,4157,1707
06037137402,5364,2151
06037137501,4124,1820
06037137502,4202,2023
06037137504,1939,724
06037138000,4484,1879
06037139001,4767,2185
06037139200,5175,2433
06037139301,4462,1712
06037139302,4422,2079
06037139303,4186,2011
06037139401,2645,1308
06037139402,2851,983
06037139502,3007,1247
06037139503,4657,2617
06037139504,3476,1854
06037139600,4633,2273
06037139701,4920,2016
06037139702,6250,2381
06037139703,2943,1028
06037139801,3539,1330
06037139802,3865,1405
06037141101,4066,2418
06037141102,2869,1450
06037141201,3707,2024
06037141202,2800,1504
06037141302,5504,3080
06037141303,3089,1784
06037141304,2738,1525
06037141400,4412,2078
06037141500,2984,1166
06037141600,4029,1745
06037141700,3091,1343
06037143100,3984,2277
06037143200,3743,2141
06037143300,5871,3128
06037143400,5881,3181
06037143500,4708,2388
06037143602,4260,2137
06037143603,2222,1310
06037143604,3205,2313
06037143700,3748,2085
06037143800,4878,2507
06037143901,4068,1741
06037143902,3000,1453
06037181000,6144,2315
06037181300,3629,1399
06037181400,4302,1760
06037181500,3812,1393
06037181600,4352,1043
06037183101,3922,1336
06037183103,3967,1432
06037183104,2065,779
06037183220,4114,1184
06037183221,3118,1051
06037183222,3483,1361
06037183300,3480,1041
06037183401,2543,850
06037183402,2820,994
06037183510,2725,783
06037183520,3881,1131
06037183610,3275,1021
06037183620,3264,1018
06037183701,3922,1366
06037183702,2805,1105
06037183810,4369,1369
06037183820,3464,1061
06037185100,6295,2338
06037185202,3712,1379
06037185203,3200,934
06037185204,2091,742
06037185310,3061,865
06037185320,3081,921
06037186100,4715,1857
06037186201,3068,1181
06037186202,1974,731
06037186203,2936,1094
06037186301,2999,939
06037186302,5198,1830
06037186401,3452,989
06037186403,2899,842
06037186404,2471,711
06037187101,3235,1281
06037187102,3254,1174
06037187200,3132,917
06037187300,3216,1585
06037188100,4076,1773
06037188201,3270,1999
06037188202,2347,1271
06037188300,3536,1463
06037189101,2743,1485
06037189102,3096,2037
06037189201,3293,2081
06037189202,2718,1355
06037189300,3077,1391
06037189400,3448,2020
06037189500,4452,2976
06037189600,3529,2262
06037189701,3942,2610
06037189702,2227,1595
06037189800,4021,2612
06037189902,4971,3176
06037189903,2164,1591
06037189904,2260,1496
06037189905,2304,1549
06037190100,4481,3019
06037190201,2870,1669
06037190202,3044,2201
06037190301,4758,2767
06037190401,3135,1823
06037190402,2487,1397
06037190510,4227,1763
06037190520,3728,1646
06037190700,3379,2033
06037190801,2594,1495
06037190802,2784,1393
06037190901,4742,1553
06037190902,3960,1665
06037191000,3228,2075
06037191110,3338,1197
06037191120,4135,1623
06037191201,4591,1784
06037191203,2922,1248
06037191204,2124,884
06037191301,2327,969
06037191302,2422,1034
06037191410,5092,1781
06037191420,3365,1203
06037191500,5551,1808
06037191610,4502,1487
06037191620,2789,1175
06037191710,3231,1356
06037191720,3770,1364
06037191810,3498,1423
06037191820,2647,1329
06037191901,3355,1890
06037191902,2867,1556
06037192001,2466,1317
06037192002,2735,1454
06037192300,2799,1728
06037192410,3628,1858
06037192420,3637,1508
06037192510,3670,1243
06037192520,5067,1623
06037192610,4389,1538
06037192620,3868,1338
06037192700,3513,1105
06037194101,3091,1890
06037194102,3458,1742
06037194200,3588,1982
06037194300,3029,1713
06037194401,2461,1392
06037194402,3335,2226
06037194500,2037,1034
06037195100,4717,2189
06037195201,2834,1684
06037195202,3185,1526
06037195300,3203,1613
06037195400,4395,2403
06037195500,4971,2406
06037195600,3340,1296
06037195710,4328,1374
06037195720,2304,882
06037195802,2881,961
06037195803,2603,1223
06037195804,2643,1142
06037195901,2235,1173
06037195902,1905,1053
06037195903,2216,979
06037197200,3757,1161
06037197300,3909,1786
06037197410,3704,1722
06037197420,3509,1391
06037197500,3889,1652
06037197600,2376,957
06037197700,5103,1933
06037199000,5066,1701
06037199110,2710,766
06037199120,4086,1094
06037199201,4089,1183
06037199202,3031,905
06037199300,3848,1310
06037199400,4668,1348
06037199700,3411,1133
06037199800,5631,1544
06037199900,2683,813
06037201110,2574,775
06037201120,4097,1310
06037201200,2519,728
06037201301,3442,1051
06037201302,3732,1901
06037201401,4803,1356
06037201402,4311,1385
06037201501,5306,1576
06037201503,3323,941
06037201504,2428,640
06037201601,2288,681
06037201602,2840,831
06037201700,5093,1438
06037203100,4839,1212
06037203200,4844,1279
06037203300,2607,479
06037203500,3064,1013
06037203600,5394,1439
06037203710,3259,841
06037203720,4001,1060
06037203800,4589,1163
06037203900,2944,729
06037204110,3078,842
06037204120,2650,702
06037204200,3303,962
06037204300,4787,1332
06037204410,2363,657
06037204420,3138,971
06037204600,4101,1093
06037204700,4972,1266
06037204810,4478,1119
06037204820,2274,549
06037204910,3105,772
06037204920,2598,641
06037205110,3766,859
06037205120,3618,936
06037206010,3127,1036
06037206020,7883,271
06037206031,2957,1940
06037206032,5275,1726
06037206050,2146,812
06037206200,3386,2077
06037206300,7540,2466
06037207101,3047,1592
06037207102,2553,990
06037207103,2077,836
06037207301,4521,3932
06037207302,3791,3286
06037207400,1363,32
06037207501,2218,1581
06037207502,2589,2043
06037207710,2490,2376
06037207900,4163,2648
06037208000,6893,2444
06037208301,2201,527
06037208302,4360,1547
06037208401,3770,1446
06037208402,2775,821
06037208501,2656,894
06037208502,3571,1295
06037208610,4195,1490
06037208620,4660,1811
06037208710,4309,2009
06037208720,4179,1593
06037208801,2995,1322
06037208802,2906,1473
06037208902,2339,646
06037208903,4019,1353
06037208904,3926,1298
06037209102,5267,2016
06037209103,3216,991
06037209104,2434,930
06037209200,2785,1558
06037209300,5021,2210
06037209401,3914,1467
06037209402,3728,1298
06037209403,3600,1332
06037209510,2692,1065
06037209520,2791,1007
06037209810,2472,770
06037209820,2968,885
06037210010,3520,1260
06037211000,4431,1763
06037211120,5194,2640
06037211121,2351,1005
06037211122,3075,1370
06037211201,2645,950
06037211202,2645,997
06037211310,3846,1348
06037211320,3184,1306
06037211410,3095,1241
06037211420,3859,1402
06037211500,4355,1868
06037211701,2827,1235
06037211703,4750,2113
06037211704,3016,1798
06037211802,4192,2361
06037211803,3529,1727
06037211804,3221,1434
06037211910,4657,1900
06037211921,2474,1109
06037211922,3389,1433
06037212101,2507,1283
06037212102,2446,1387
06037212202,3612,1247
06037212203,2679,1122
06037212204,3344,1296
06037212303,3326,1325
06037212304,1804,890
06037212305,2865,1050
06037212306,3052,1263
06037212410,3903,1774
06037212420,3228,1268
06037212501,2165,1010
06037212502,2767,1347
06037212610,4074,1862
06037212620,4341,1841
06037212701,2430,833
06037212702,3635,1522
06037212800,4273,1462
06037212900,4074,1535
06037213100,2721,988
06037213201,4198,1627
06037213202,3873,1367
06037213310,3477,1192
06037213320,2481,1059
06037213401,4951,1709
06037213402,4645,1675
06037214000,3898,1416
06037214100,3944,1787
06037214400,2877,1847
06037214501,2932,1668
06037214502,5528,2872
06037214503,3325,1633
06037214600,2411,1417
06037214700,2512,1329
06037214800,2573,1503
06037214901,3083,2312
06037214902,2586,1742
06037215101,2477,1788
06037215102,3110,2206
06037216100,2289,1116
06037216200,4911,2644
06037216300,4526,2502
06037216401,4189,2373
06037216402,2615,1532
06037216700,3709,1744
06037216800,3289,1614
06037216900,5060,2555
06037217001,2654,1075
06037217002,4977,2370
06037217100,5374,2468
06037217200,3905,1669
06037218110,3453,1217
06037218120,4530,1466
06037218210,4457,1256
06037218220,4358,1563
06037218300,5520,2166
06037218400,4714,1494
06037218500,2869,1038
06037218600,3142,1104
06037218701,2430,881
06037218702,2176,848
06037218800,2658,937
06037218900,5464,2145
06037219010,2814,833
06037219020,4798,1473
06037219300,3700,1442
06037219500,1737,760
06037219700,4306,1411
06037219800,3310,1018
06037219901,5234,1470
06037219902,4113,1237
06037220000,5345,2048
06037220100,2334,1034
06037221110,3565,1148
06037221120,3373,869
06037221210,3300,910
06037221220,3378,1027
06037221302,4403,1347
06037221303,2551,799
06037221304,3319,1116
06037221401,3359,1366
06037221402,2715,946
06037221500,3507,1244
06037221601,3403,940
06037221602,2816,854
06037221710,2621,941
06037221810,2773,1048
06037221820,3095,1188
06037221900,3664,1098
06037222001,3237,910
06037222002,4655,1355
06037222100,3877,1166
06037222200,3965,1258
06037222500,4963,1347
06037222600,5631,1813
06037222700,3748,272
06037224010,2433,1235
06037224020,2789,1007
06037224200,2392,714
06037224310,2025,641
06037224320,3224,1071
06037224410,3140,1130
06037224420,2369,773
06037224600,3425,811
06037224700,4856,891
06037226001,2068,530
06037226002,1604,1076
06037226410,3491,842
06037226420,4906,1199
06037226700,6170,1324
06037227010,4662,1059
06037227020,3599,751
06037228100,4916,1072
06037228210,3806,1010
06037228220,4389,932
06037228310,4449,1037
06037228320,3219,759
06037228410,3320,730
06037228420,3150,726
06037228500,5220,1128
06037228600,5049,1114
06037228710,4235,986
06037228720,4492,1001
06037228800,5575,1226
06037228900,3216,776
06037229100,4557,967
06037229200,4394,1153
06037229300,5498,1300
06037229410,3343,786
06037229420,4729,1023
06037231100,3350,704
06037231210,3688,1124
06037231220,3824,1142
06037231300,5348,1584
06037231400,4688,1512
06037231500,4752,1430
06037231600,7110,2097
06037231710,4358,1271
06037231720,4966,1504
06037231800,5303,1390
06037231900,5968,1438
06037232110,3191,873
06037232120,5263,1378
06037232200,3119,885
06037232300,3926,1068
06037232400,6957,1984
06037232500,4619,1438
06037232600,6288,1810
06037232700,5895,1612
06037232800,3823,963
06037234000,5335,2012
06037234200,2376,1100
06037234300,4098,2385
06037234501,2728,914
06037234502,2698,1158
06037234600,5024,1738
06037234700,3888,1443
06037234800,3426,1130
06037234901,2999,1147
06037234902,4005,1606
06037235100,4520,1718
06037235201,2781,947
06037235202,4557,1921
06037236000,4113,2123
06037236100,5265,2852
06037236202,6192,2469
06037236203,3417,1453
06037236204,3203,1389
06037236400,4113,2033
06037237101,3705,1105
06037237102,3254,937
06037237201,3506,960
06037237202,4388,1325
06037237300,5262,1849
06037237401,3616,1060
06037237402,3526,1012
06037237500,2675,791
06037237600,4259,1183
06037237710,3887,1116
06037237720,3153,862
06037237800,4371,1326
06037237900,3621,1323
06037238000,5864,2138
06037238100,4626,1741
06037238200,5267,2260
06037238310,4821,1381
06037238320,3787,1119
06037238400,4497,1803
06037239201,3562,902
06037239202,4724,1115
06037239310,3996,1066
06037239320,3444,832
06037239330,2879,708
06037239501,3454,933
06037239502,3372,872
06037239601,3755,943
06037239602,3313,884
06037239701,4261,1065
06037239702,3927,1042
06037239801,3412,891
06037239802,4902,1318
06037240010,3673,990
06037240020,5055,1266
06037240200,5252,1402
06037240300,5691,1627
06037240401,5383,1437
06037240402,3854,1134
06037240500,5655,1587
06037240600,4932,1301
06037240700,6161,1647
06037240800,4377,1068
06037240900,5620,1392
06037241001,4285,1112
06037241002,3606,969
06037241110,3074,764
06037241120,4564,1244
06037241201,2898,876
06037241202,4943,1548
06037241300,2313,701
06037241400,3285,905
06037242000,3938,1046
06037242100,2714,708
06037242200,6554,1588
06037242300,4586,1162
06037242600,4409,1254
06037242700,5273,1235
06037243000,6769,1395
06037243100,5350,1403
06037261101,3499,1619
06037261102,4362,1889
06037261200,4341,1888
06037262100,3586,1496
06037262200,4675,1960
06037262301,2744,957
06037262302,2818,1300
06037262303,3290,1332
06037262400,3233,1342
06037262501,3662,1508
06037262601,3660,1459
06037262604,6092,2661
06037262704,3567,1784
06037262706,3563,1428
06037262802,3759,1667
06037264000,3358,1427
06037264102,2873,1799
06037264103,2319,1586
06037264301,4646,3175
06037264302,5683,3185
06037265100,2489,1481
06037265201,2608,1065
06037265202,3611,2447
06037265301,9344,8
06037265303,4523,1841
06037265304,3570,1184
06037265305,4082,2110
06037265410,1576,678
06037265420,1811,771
06037265510,4234,2557
06037265520,4561,2433
06037265601,2890,1476
06037265602,3042,1852
06037265700,4720,2704
06037267100,6087,3023
06037267200,5927,3071
06037267300,3680,2222
06037267402,4580,2721
06037267403,3011,1851
06037267404,2806,1698
06037267501,5379,2700
06037267502,3243,1694
06037267600,2549,1258
06037267700,2990,1762
06037267800,2917,1269
06037267901,2428,1812
06037267902,3375,1784
06037269000,5138,2461
06037269100,4359,2090
06037269300,3885,1559
06037269500,4043,1451
06037269601,3413,1067
06037269602,3252,1148
06037269700,4085,1722
06037269800,3458,1699
06037269903,3650,1804
06037269904,3902,2275
06037269905,2423,1379
06037269906,2878,1618
06037269907,2761,1473
06037270100,4412,2510
06037270200,3761,1320
06037270300,2364,943
06037271100,2449,1009
06037271200,2525,1199
06037271300,4506,2105
06037271400,3391,1381
06037271500,2937,1388
06037271600,4475,2020
06037271701,5850,2956
06037271702,4134,1962
06037271801,3635,1793
06037271802,5911,2766
06037271901,3087,1354
06037271902,3877,1888
06037272100,4354,1836
06037272201,2411,1145
06037272202,3378,1585
06037272301,2941,1351
06037272302,4074,1988
06037273100,2197,1630
06037273200,3711,1710
06037273300,3695,1775
06037273402,3172,2387
06037273502,2884,1954
06037273600,2413,1242
06037273700,2801,1304
06037273800,3107,1651
06037273902,4227,2537
06037274100,4418,2563
06037274202,4337,2815
06037275101,1177,506
06037275102,4226,1395
06037275200,3887,1669
06037275302,4775,2659
06037275311,4993,2316
06037275400,3349,1944
06037275500,5207,1688
06037275602,6470,3739
06037275603,2711,1179
06037276000,5396,2267
06037276100,5592,2962
06037276400,4009,1586
06037276500,5063,759
06037276601,3838,1754
06037276603,5252,3280
06037276604,3983,2287
06037277000,5395,2196
06037277100,3004,1124
06037277200,2490,1134
06037277400,1533,728
06037278001,2458,1012
06037278102,3158,1752
06037291110,3510,1194
06037291120,2210,624
06037291130,3582,998
06037291210,4967,1504
06037291220,3353,1012
06037291300,2601,997
06037292000,6543,1950
06037293201,6629,2235
06037293202,6742,1885
06037293301,2805,1078
06037293302,4720,1569
06037293304,4178,1469
06037293306,2189,804
06037293307,2306,905
06037294110,4140,1081
06037294120,2370,559
06037294200,4951,1359
06037294301,2448,651
06037294302,4754,1266
06037294410,4579,1621
06037294421,2950,952
06037294510,4214,1107
06037294520,3564,913
06037294610,4065,1162
06037294620,4219,1087
06037294701,3019,965
06037294810,3991,1020
06037294820,3579,934
06037294830,3707,1022
06037294900,3265,806
06037295103,4875,2084
06037296210,3019,952
06037296220,4307,1788
06037296300,4221,1844
06037296401,3191,1397
06037296402,3091,1143
06037296500,3910,1339
06037296600,5218,1973
06037296901,4127,1635
06037296902,3851,1703
06037297000,5343,2412
06037297110,4679,1727
06037297120,3315,1192
06037297201,3475,1430
06037297202,3423,1487
06037297300,2374,885
06037297400,3603,1657
06037297500,5163,2221
06037297601,2594,1315
06037297602,3503,1806
06037300100,6002,2068
06037300200,5546,1977
06037300301,6140,2185
06037300400,5740,2118
06037300501,3868,1336
06037300502,6026,2635
06037300600,8053,3303
06037300701,6144,2253
06037300702,5604,2139
06037300800,6947,2899
06037300901,6463,2356
06037300902,1998,734
06037301000,4841,2174
06037301100,6491,2854
06037301203,4368,1955
06037301204,4990,2224
06037301205,2209,755
06037301206,5363,2015
06037301300,2016,723
06037301400,3865,1350
06037301501,1902,612
06037301502,6908,2589
06037301601,6198,2356
06037301602,3908,1683
06037301701,2849,1155
06037301702,5556,2103
06037301801,4079,1945
06037301802,3578,1405
06037301900,7810,3426
06037302002,3532,1888
06037302003,3578,1463
06037302004,4214,1700
06037302102,6439,2761
06037302103,5504,2047
06037302104,3917,1565
06037302201,3856,1699
06037302202,5254,1993
06037302301,3790,1549
06037302302,4895,1827
06037302401,5944,2252
06037302503,4330,1524
06037302504,4234,1512
06037302505,3749,1504
06037302506,3534,1369
06037310100,5849,2084
06037310201,5466,2130
06037310202,4985,1916
06037310300,2987,1082
06037310400,3379,1351
06037310501,3205,1144
06037310601,5716,2488
06037310602,2655,1159
06037310701,2361,1177
06037310702,7104,3890
06037310703,5114,2177
06037310800,4909,2092
06037310900,6870,2570
06037311000,3755,1480
06037311100,3897,1399
06037311200,3138,1322
06037311300,3811,1525
06037311400,2274,1036
06037311500,5633,2502
06037311600,7249,4124
06037311700,6137,2768
06037311801,3033,1368
06037311802,3813,1525
06037320000,0,0
06037320100,7144,1773
06037320201,3756,1135
06037320202,5797,1519
06037320300,6948,1864
06037400204,6454,2192
06037400205,3204,1055
06037400206,5328,1837
06037400207,4798,1585
06037400302,3016,1177
06037400304,6714,2560
06037400402,4125,1448
06037400403,3815,1416
06037400404,4453,1526
06037400501,2126,734
06037400602,4719,1476
06037400603,5249,1989
06037400604,2980,1069
06037400800,3967,826
06037400900,4086,1540
06037401001,3140,1059
06037401002,3973,1707
06037401101,5663,2111
06037401102,3101,1195
06037401201,3110,1097
06037401202,4371,1406
06037401203,5216,1739
06037401303,2199,777
06037401304,5642,2123
06037401311,6521,2473
06037401312,5575,2057
06037401500,5572,1914
06037401601,5034,2209
06037401602,5282,1928
06037401603,2913,1340
06037401701,4137,1754
06037401703,4176,1563
06037401704,5828,2044
06037401800,7378,2803
06037401901,4610,136
06037401902,5711,2939
06037402001,3080,1099
06037402002,3913,1554
06037402101,4623,1074
06037402102,4815,1287
06037402200,6584,2097
06037402301,5454,1351
06037402303,3996,1144
06037402304,3848,1005
06037402402,7076,2136
06037402403,5381,1057
06037402404,1945,6
06037402405,3006,646
06037402406,4776,1225
06037402501,5577,1381
06037402502,7225,1794
06037402600,7453,2527
06037402702,6313,1676
06037402703,4686,1316
06037402705,3328,868
06037402706,3945,997
06037402801,5170,1172
06037402803,3436,763
06037402804,4085,985
06037402902,6445,1472
06037402903,4138,982
06037402904,3603,825
06037403000,6835,1515
06037403200,391,1
06037403303,2523,791
06037403304,5178,1736
06037403305,2100,714
06037403312,5160,1616
06037403316,6783,2500
06037403317,4721,1467
06037403318,6243,2051
06037403319,4260,1651
06037403320,5573,1730
06037403321,6034,1969
06037403322,3808,1259
06037403323,5356,1824
06037403324,6804,2239
06037403325,4795,1548
06037403401,5038,1531
06037403402,3322,988
06037403403,5140,1547
06037403404,2521,753
06037403405,1631,494
06037403406,2796,862
06037403407,2132,624
06037403408,6576,1950
06037403500,1628,583
06037403600,6672,2279
06037403702,3794,1193
06037403703,4748,1732
06037403721,4998,1734
06037403722,5734,1820
06037403801,6212,2049
06037403802,5553,2005
06037403901,3110,955
06037403902,4806,1576
06037404000,4474,1355
06037404100,6445,1516
06037404201,3711,1048
06037404202,3366,816
06037404301,5665,1542
06037404302,2498,610
06037404401,3979,1017
06037404402,5107,1270
06037404501,2355,687
06037404503,2977,747
06037404504,5266,1356
06037404600,1422,390
06037404701,5873,1288
06037404702,5882,1414
06037404703,3178,761
06037404801,7305,1769
06037404802,4335,1029
06037404803,1741,452
06037404901,5658,1268
06037404902,3973,904
06037404903,2905,689
06037405001,6170,1335
06037405002,3197,659
06037405101,5304,1178
06037405102,5069,1375
06037405201,5205,1324
06037405202,5227,1233
06037405203,3484,797
06037405301,3349,1096
06037405302,5351,1618
06037405400,4795,1289
06037405500,6808,2043
06037405600,5428,1701
06037405701,3853,1096
06037405702,4854,1554
06037405800,5881,1705
06037405900,4049,1283
06037406000,5059,1629
06037406101,3139,1222
06037406102,5828,2374
06037406200,5678,1990
06037406300,5532,1785
06037406402,2076,641
06037406411,2126,555
06037406412,2482,829
06037406500,6705,2050
06037406601,5269,1541
06037406602,4973,1323
06037406701,3246,938
06037406702,5823,1733
06037406800,4926,1371
06037406901,4701,1213
06037406902,3149,872
06037407001,5905,1218
06037407002,3804,762
06037407101,4834,1173
06037407102,5445,1259
06037407200,7315,1635
06037407301,4828,1059
06037407302,3501,744
06037407400,2133,562
06037407501,4411,1031
06037407502,3937,897
06037407601,4366,1176
06037407602,4008,935
06037407701,5401,1256
06037407702,6497,1703
06037407801,5074,1075
06037407802,3635,798
06037407900,6296,1521
06037408003,4992,1394
06037408004,2246,821
06037408005,5088,1684
06037408006,3863,1141
06037408133,5739,1665
06037408134,2743,853
06037408135,4159,1264
06037408136,3849,1092
06037408137,4152,1432
06037408138,5936,1289
06037408139,4482,825
06037408140,3835,763
06037408141,5450,1166
06037408202,2037,489
06037408211,5947,1824
06037408212,4485,1344
06037408301,5427,1225
06037408302,4036,1098
06037408303,4029,1153
06037408401,4289,1235
06037408402,5799,1834
06037408501,3314,807
06037408503,6317,2000
06037408504,5322,1613
06037408505,2682,780
06037408623,3023,1019
06037408624,3227,1021
06037408625,4160,1348
06037408626,4341,1569
06037408627,3079,932
06037408628,5103,1926
06037408629,2926,990
06037408630,2319,564
06037408631,5087,1381
06037408703,6528,1980
06037408704,3155,1081
06037408705,5427,1584
06037408706,1665,486
06037408722,4400,1288
06037408723,2825,791
06037408724,5362,1546
06037408800,3738,1453
06037430002,7021,2569
06037430003,4604,1568
06037430101,4887,1864
06037430102,4809,1253
06037430200,1292,592
06037430301,4422,1765
06037430302,5837,2531
06037430400,4424,1537
06037430501,4172,1853
06037430502,6745,3260
06037430600,4505,1550
06037430701,5271,2026
06037430721,3957,1304
06037430723,4118,1788
06037430724,4812,2171
06037430801,6342,2389
06037430802,4163,1404
06037430803,5439,1847
06037430901,4324,1701
06037430902,4652,1747
06037431001,7171,3044
06037431002,3163,1386
06037431100,6629,2114
06037431200,6439,1529
06037431300,2661,912
06037431400,3970,1458
06037431501,4107,1701
06037431502,4361,1493
06037431600,4018,1320
06037431700,6433,2203
06037431800,5640,2076
06037431900,3828,1443
06037432000,8182,2768
06037432101,4179,1403
06037432102,5633,1793
06037432201,4342,1396
06037432202,4252,1226
06037432300,3951,1155
06037432401,3789,1011
06037432402,6310,1689
06037432500,8210,2339
06037432601,6564,1636
06037432602,4554,1135
06037432700,5262,1297
06037432801,2568,922
06037432802,5821,1538
06037432901,4464,1261
06037432902,3482,908
06037433101,2281,584
06037433102,5085,1248
06037433200,6163,1579
06037433302,1595,424
06037433304,4726,1316
06037433305,4893,1171
06037433306,3333,754
06037433307,3421,828
06037433401,3371,741
06037433402,4776,1117
06037433403,4675,1237
06037433501,1954,534
06037433503,3108,675
06037433504,4679,1034
06037433601,4923,1312
06037433602,2803,801
06037433700,3294,800
06037433801,6197,1362
06037433802,2780,684
06037433901,5593,1285
06037433902,3780,907
06037434001,4395,1026
06037434003,4273,979
06037434004,2796,648
06037460000,4851,1862
06037460100,5793,2469
06037460200,5315,2178
06037460301,4638,1705
06037460302,4442,1426
06037460401,878,319
06037460501,5418,1930
06037460502,4417,1499
06037460600,4511,1556
06037460700,5034,1740
06037460800,3248,1383
06037460900,6998,2091
06037461000,6243,1819
06037461100,4844,1751
06037461200,4443,1780
06037461300,6638,2623
06037461400,3204,1397
06037461501,3700,1396
06037461502,6563,1785
06037461600,5826,1775
06037461700,1385,705
06037461901,5118,1712
06037461902,1654,1285
06037462001,3974,1187
06037462002,3942,1145
06037462100,5259,1829
06037462201,3788,1953
06037462202,2928,1782
06037462301,4655,1976
06037462302,2972,1624
06037462400,4229,1657
06037462500,6039,2469
06037462600,2324,915
06037462700,5471,2338
06037462800,2915,1194
06037462900,3818,1437
06037463000,2228,997
06037463101,2383,924
06037463102,3779,1265
06037463200,3403,1521
06037463300,2041,961
06037463400,5752,2797
06037463500,5747,3042
06037463601,5714,3705
06037463602,5051,3376
06037463700,2236,1273
06037463800,3869,1704
06037463900,3456,1795
06037464000,5621,2806
06037464100,7210,2453
06037464200,5937,2024
06037480002,3453,1239
06037480011,5132,1874
06037480012,4763,1715
06037480101,3908,1302
06037480102,4303,1484
06037480201,3907,1382
06037480202,2534,926
06037480302,4255,1797
06037480303,3858,1496
06037480304,4098,1832
06037480400,5654,2444
06037480500,5485,2271
06037480600,7863,3695
06037480702,4460,1764
06037480703,3277,1384
06037480704,4531,2002
06037480802,3279,1047
06037480803,3464,1293
06037480804,4998,1947
06037480901,4686,1703
06037480902,4218,1445
06037480903,3206,1051
06037481001,3842,1457
06037481002,5447,2137
06037481101,3814,1538
06037481102,3624,1499
06037481103,5350,1703
06037481201,3598,1211
06037481202,6608,2070
06037481300,3153,842
06037481401,6061,1914
06037481402,7175,2186
06037481500,4361,1548
06037481603,3802,1347
06037481604,3942,1392
06037481605,3387,1097
06037481606,4871,1662
06037481711,4530,1466
06037481712,5225,1699
06037481713,2507,835
06037481714,2551,956
06037481800,2596,908
06037481901,5770,1999
06037481902,3355,1313
06037482001,2761,1070
06037482002,6947,2636
06037482101,4568,1552
06037482102,2828,990
06037482201,3813,1318
06037482202,5229,1669
06037482301,5162,1378
06037482303,5818,1568
06037482304,3556,943
06037482401,3761,957
06037482402,6971,2137
06037482502,3373,913
06037482503,4357,1066
06037482521,5754,1585
06037482522,4269,1560
06037482600,6866,2433
06037482701,4298,1411
06037482702,2397,829
06037482800,4074,1381
06037500100,3540,1242
06037500201,6179,2076
06037500202,4935,1673
06037500300,2903,1085
06037500402,4910,1233
06037500403,4023,1059
06037500404,4795,1331
06037500500,2950,908
06037500600,5688,1421
06037500700,6496,1807
06037500800,5470,1436
06037500900,5719,1668
06037501001,3248,752
06037501002,4861,1415
06037501200,5057,1545
06037501300,7238,2545
06037501400,3978,1326
06037501501,2244,892
06037501503,5016,2101
06037501504,3592,1673
06037501600,7190,2385
06037501700,3695,1315
06037501802,3326,1307
06037501803,4705,1554
06037501804,2131,830
06037501900,4213,1385
06037502003,2693,821
06037502004,4359,1013
06037502005,4251,1286
06037502100,5110,1569
06037502200,6585,1859
06037502301,5461,1352
06037502302,3000,773
06037502401,4747,1283
06037502402,3755,973
06037502500,4215,1115
06037502601,7145,1830
06037502602,4321,1369
06037502700,6956,1948
06037502801,6186,1785
06037502802,1380,782
06037502901,5413,1414
06037502902,4043,939
06037503000,6057,1289
06037503103,5004,1159
06037503104,2719,612
06037503105,3634,1028
06037503106,3795,1137
06037503201,3912,1138
06037503202,4462,1285
06037503301,3394,1096
06037503302,6271,1906
06037503401,6529,2454
06037503402,4273,1475
06037503501,6481,2009
06037503502,4130,1273
06037503601,4168,1234
06037503602,3793,1255
06037503701,4717,1683
06037503702,5040,1708
06037503703,7876,3147
06037503801,4080,1253
06037503802,5054,1654
06037503901,2702,830
06037503902,4636,1442
06037504001,5709,1234
06037504002,5383,1613
06037504101,5126,1430
06037504102,22,7
06037530003,2983,975
06037530004,3695,1258
06037530005,4346,1483
06037530006,3963,1505
06037530101,5400,1716
06037530102,5116,1691
06037530202,4063,1271
06037530203,3238,1089
06037530204,3682,1175
06037530301,2168,619
06037530302,6556,1836
06037530400,3683,1256
06037530500,4567,1182
06037530601,3431,876
06037530602,1590,392
06037530700,2213,563
06037530801,6325,1525
06037530802,3668,922
06037530901,4080,945
06037530902,4160,1152
06037531000,5629,1368
06037531101,5091,1272
06037531102,3548,908
06037531201,5335,1263
06037531202,4747,1144
06037531301,5601,1302
06037531302,6709,1536
06037531502,3273,800
06037531503,3116,772
06037531504,4414,1121
06037531602,4494,1169
06037531603,3568,877
06037531604,3580,923
06037531701,5718,1395
06037531702,4754,1330
06037531800,5066,1325
06037531901,6529,1744
06037531902,4077,1126
06037532001,3415,1074
06037532002,3151,941
06037532101,6663,1779
06037532102,3574,1014
06037532200,6836,1806
06037532302,4707,1151
06037532303,4464,1282
06037532304,3987,1037
06037532400,112,29
06037532500,4078,1123
06037532603,3319,785
06037532604,2806,697
06037532605,3715,1141
06037532606,4284,1276
06037532700,2990,661
06037532800,4409,1052
06037532900,6681,1661
06037533001,4527,1067
06037533002,2822,649
06037533103,3577,874
06037533104,4356,1312
06037533105,2580,648
06037533106,1743,433
06037533107,3645,1009
06037533201,2805,688
06037533202,2762,656
06037533203,1827,448
06037533300,3558,870
06037533401,5004,1193
06037533402,4105,1036
06037533403,2973,745
06037533501,3090,769
06037533502,2143,504
06037533503,1920,485
06037533601,4484,1113
06037533602,5420,1432
06037533603,6617,1784
06037533701,3934,1028
06037533702,3585,870
06037533703,4236,1024
06037533803,6309,1686
06037533804,4543,1204
06037533805,3604,946
06037533806,4165,1052
06037533901,6065,1454
06037533902,4051,983
06037534001,5613,1312
06037534002,4352,1024
06037534101,2295,524
06037534102,6263,1501
06037534201,4439,1011
06037534202,5790,1303
06037534203,3204,874
06037534301,4636,1193
06037534302,3673,835
06037534403,2948,732
06037534404,3647,954
06037534405,4292,995
06037534406,4609,1061
06037534501,5201,1281
06037534502,4257,1022
06037534700,4283,955
06037534802,2875,699
06037534803,4930,1175
06037534804,3878,915
06037534900,6569,1494
06037535001,4325,1040
06037535002,3681,797
06037535101,7306,1768
06037535102,4517,1075
06037535200,5820,1308
06037535300,6251,1442
06037535400,3495,751
06037535501,3866,1058
06037535502,4958,1250
06037535503,2497,650
06037535603,3493,886
06037535604,4435,1033
06037535605,4153,1100
06037535606,1860,485
06037535607,4775,1088
06037535701,6050,1522
06037535702,5522,1419
06037535802,6814,1710
06037535803,4458,1097
06037535804,5498,1379
06037535901,5757,1437
06037535902,6519,1563
06037536000,3720,1006
06037536102,3164,1068
06037536103,5516,1450
06037536104,4052,1061
06037536200,7289,1898
06037540000,6973,1560
06037540101,6483,1446
06037540102,6972,1518
06037540201,2370,574
06037540202,6845,1629
06037540203,5594,1309
06037540300,5267,1174
06037540400,2384,483
06037540501,6943,1095
06037540502,6552,1486
06037540600,4271,1144
06037540700,3014,778
06037540800,5042,1835
06037540901,4994,1228
06037540902,4506,1399
06037541001,1164,354
06037541002,3209,1046
06037541100,3321,913
06037541200,5662,1874
06037541300,6044,1510
06037541400,7312,1630
06037541500,5836,1311
06037541603,2983,686
06037541604,6207,1500
06037541605,5323,1312
06037541606,2506,578
06037541700,6366,1392
06037541801,4903,1168
06037541802,5431,1133
06037542000,5732,1240
06037542103,4114,915
06037542104,3524,736
06037542105,5200,1093
06037542106,3373,703
06037542200,6962,1610
06037542401,4912,1258
06037542402,3152,799
06037542501,4307,1201
06037542502,4284,1340
06037542601,3016,702
06037542602,5496,1424
06037542700,5720,1357
06037542800,3123,902
06037542900,3285,766
06037543000,4345,1233
06037543100,6759,1786
06037543201,3607,928
06037543202,4867,1202
06037543304,6061,1995
06037543305,2666,1043
06037543306,7214,2173
06037543321,5418,1821
06037543322,6611,2121
06037543400,4090,984
06037543501,6805,2121
06037543502,4560,1499
06037543503,5687,1776
06037543601,3910,1096
06037543602,7762,2663
06037543603,3690,1488
06037543604,5620,1447
06037543701,2994,670
06037543702,7083,1914
06037543703,3472,976
06037543801,5263,1540
06037543802,7126,2065
06037543903,3804,991
06037543905,4510,991
06037544001,4791,1245
06037544002,3142,841
06037550000,1146,171
06037550100,7518,1888
06037550201,2941,818
06037550202,5496,1468
06037550300,7727,2170
06037550400,1534,415
06037550500,7809,2436
06037550601,5639,1779
06037550602,4211,1286
06037550700,6921,2083
06037550800,7170,2288
06037550901,3762,1426
06037550902,5572,1998
06037551000,7200,2381
06037551101,3926,1240
06037551102,5503,1784
06037551201,3588,1173
06037551202,7666,2359
06037551300,5422,1964
06037551401,4290,1468
06037551402,4468,1360
06037551501,4869,1574
06037551502,4250,1271
06037551600,31,0
06037551700,6547,1783
06037551800,7533,2504
06037551900,5344,1471
06037552001,4105,1011
06037552002,3721,1022
06037552100,5891,1881
06037552200,6835,1940
06037552301,4900,1313
06037552302,3648,1268
06037552400,2794,599
06037552601,5720,1169
06037552602,4191,1123
06037552700,6985,1769
06037552800,6401,1642
06037552900,6881,1981
06037553000,4825,1231
06037553100,6298,2025
06037553200,7055,2038
06037553300,3390,1072
06037553400,3861,1029
06037553502,4183,1336
06037553503,2768,789
06037553504,5368,1360
06037553601,4750,1275
06037553602,4730,1356
06037553701,4176,929
06037553702,4902,1126
06037553801,4174,1058
06037553802,6342,1971
06037553901,6896,1722
06037553902,5809,1649
06037554001,4171,1241
06037554002,5659,1844
06037554101,3799,1102
06037554103,1572,461
06037554104,2600,798
06037554105,4569,1608
06037554201,4108,1212
06037554203,3689,1227
06037554204,4391,1735
06037554301,3554,1040
06037554302,3916,1227
06037554403,5483,1810
06037554404,4447,1424
06037554405,3040,1279
06037554406,4875,1754
06037554511,4029,1233
06037554512,6108,1924
06037554513,2507,831
06037554514,4322,1471
06037554515,3703,1168
06037554516,3902,1209
06037554517,4883,1559
06037554518,5435,1671
06037554519,3613,1241
06037554521,5752,2022
06037554522,4787,1530
06037554600,4374,1338
06037554700,4874,1027
06037554801,3366,770
06037554802,6165,1805
06037554900,6991,2122
06037555001,5411,1603
06037555002,3475,1152
06037555102,6526,1957
06037555103,4727,1523
06037555104,4239,1367
06037555202,3399,1171
06037555211,5818,1306
06037555212,4561,1231
06037570001,4463,1526
06037570002,2699,928
06037570003,4447,1464
06037570100,2837,769
06037570202,6415,1638
06037570203,3973,1208
06037570204,4130,1141
06037570301,7330,2248
06037570303,4247,1207
06037570304,5171,1496
06037570402,3496,958
06037570403,4587,1218
06037570404,3501,869
06037570501,7419,2170
06037570502,6616,1864
06037570601,5421,1629
06037570602,6356,1889
06037570603,4435,1772
06037570701,6569,2598
06037570702,2433,848
06037570800,5540,1911
06037570901,5647,1920
06037570902,3616,1288
06037571000,5747,2020
06037571101,4574,1596
06037571102,3877,1360
06037571200,7828,3150
06037571300,4414,1572
06037571400,4770,1759
06037571502,4661,1845
06037571503,3700,1283
06037571504,4699,1916
06037571600,2039,779
06037571701,6352,1838
06037571703,3667,1117
06037571704,4107,1180
06037571800,3190,1406
06037571900,5509,2432
06037572001,5278,2261
06037572002,4409,2171
06037572100,1045,324
06037572201,6197,2196
06037572202,3609,1113
06037572301,3833,984
06037572302,3483,877
06037572400,1152,289
06037572500,3365,1301
06037572600,5370,1278
06037572700,5499,1385
06037572800,839,179
06037572900,5250,1329
06037573002,3990,1164
06037573003,1802,655
06037573004,5153,1640
06037573100,7165,2430
06037573201,4930,1446
06037573202,6230,1649
06037573300,4323,1120
06037573401,1439,539
06037573402,6430,2494
06037573403,3208,1372
06037573601,6114,2333
06037573700,4554,1760
06037573800,4284,1569
06037573902,2091,904
06037574000,5277,1998
06037574100,5098,1979
06037574201,3117,1128
06037574202,2161,771
06037574300,5795,2279
06037574400,5141,1975
06037574500,6357,2354
06037574601,1863,13
06037574602,1277,579
06037574700,117,4
06037574800,3000,1600
06037574901,3725,1461
06037574902,4783,2051
06037575001,3608,1775
06037575002,4627,2060
06037575101,4754,1514
06037575102,4510,1285
06037575103,5119,2075
06037575201,4667,1364
06037575202,4916,1301
06037575300,4947,1433
06037575401,5155,1283
06037575402,4065,1042
06037575500,76,37
06037575801,2446,722
06037575802,5167,1678
06037575803,2837,1305
06037575901,3454,1460
06037575902,4762,3145
06037576001,4969,3950
06037576200,6158,3106
06037576301,4176,1730
06037576302,4101,1269
06037576401,4779,1314
06037576402,5181,1410
06037576403,5033,1562
06037576501,3369,1594
06037576502,4543,2154
06037576503,4454,1972
06037576601,4399,3115
06037576602,3995,2916
06037576700,4047,2358
06037576801,4325,2221
06037576802,3992,2020
06037576901,6092,1929
06037576903,3802,1367
06037576904,3288,1299
06037577000,6995,3433
06037577100,6700,3574
06037577200,5414,3450
06037577300,5547,3567
06037577400,3253,1843
06037577501,3435,1826
06037577504,1448,920
06037577602,3441,1833
06037577603,8255,3981
06037577604,1388,903
06037599000,3569,2218
06037599100,527,265
06037600100,6657,2160
06037600201,4600,1381
06037600202,6205,2118
06037600302,3317,1103
06037600303,3664,1234
06037600304,3424,1108
06037600400,3986,1484
06037600501,2478,925
06037600502,2355,681
06037600601,2461,994
06037600602,2551,782
06037600702,4191,1459
06037600703,1914,979
06037600704,2971,1282
06037600801,3245,1285
06037600802,2597,1198
06037600902,6613,2632
06037600911,3349,1178
06037600912,5517,1572
06037601001,2154,1133
06037601002,5311,2108
06037601100,6533,2252
06037601202,4115,1065
06037601211,2823,1126
06037601212,6511,2116
06037601301,1915,799
06037601302,6856,3012
06037601303,4879,2137
06037601401,4683,1589
06037601402,5059,1405
06037601501,3890,1086
06037601502,3963,903
06037601600,4375,1084
06037601700,5646,1352
06037601801,3789,875
06037601802,4658,1044
06037601900,5685,1360
06037602002,3195,888
06037602003,5124,1347
06037602004,4126,1107
06037602103,6992,2208
06037602104,5416,1742
06037602105,4273,1423
06037602106,5702,2216
06037602200,7314,2635
06037602301,6265,1984
06037602302,3477,1412
06037602402,6769,2248
06037602403,5230,1762
06037602404,5863,2030
06037602504,4407,1792
06037602505,4072,1717
06037602506,4329,1731
06037602507,4156,1711
06037602508,7022,2534
06037602509,4118,1135
06037602600,7910,2825
06037602700,3045,1100
06037602801,3819,1152
06037602802,4304,1303
06037602900,4427,1346
06037603001,7139,2464
06037603004,1512,664
06037603005,5591,1948
06037603006,2035,854
06037603101,4244,1638
06037603102,4084,1476
06037603200,2777,1140
06037603301,3828,1611
06037603302,3804,1576
06037603400,4367,1537
06037603500,3074,947
06037603600,4037,1446
06037603702,5087,1665
06037603703,2703,848
06037603704,6348,2136
06037603801,4483,1470
06037603802,4153,1173
06037603900,7527,2446
06037604001,4470,1330
06037604002,5078,1635
06037604100,7058,2097
06037609900,2034,663
06037620001,3943,1632
06037620002,3609,1634
06037620101,5426,2344
06037620102,3617,1792
06037620201,1530,1012
06037620301,4657,1684
06037620303,4547,1737
06037620305,6227,3263
06037620400,5090,2074
06037620501,5390,2156
06037620521,4097,1710
06037620522,4632,1934
06037620601,5523,2500
06037620602,5376,2127
06037620701,6704,2970
06037620702,7059,2675
06037620800,7575,2782
06037620901,2621,1017
06037620904,2888,1360
06037621001,4119,2036
06037621002,1093,659
06037621004,4762,2483
06037621102,2883,1268
06037621104,6649,3716
06037621201,6452,2754
06037621204,3230,2297
06037621301,6769,3125
06037621324,3842,2322
06037621326,3260,2057
06037621400,4414,1982
06037650001,5853,2236
06037650003,3158,1286
06037650004,4005,1610
06037650101,5831,2148
06037650102,2248,782
06037650200,5783,1948
06037650300,6704,2625
06037650401,4472,1548
06037650501,3063,1071
06037650502,4294,1606
06037650602,7161,3076
06037650603,3958,1583
06037650604,5412,2543
06037650605,2763,1162
06037650701,2521,1037
06037650702,4590,1606
06037650800,7074,3106
06037650901,5928,2713
06037650902,7103,2788
06037651001,5522,1984
06037651002,4606,1776
06037651101,5103,1973
06037651102,3639,1794
06037651201,5056,1778
06037651221,3291,1431
06037651222,6211,2460
06037651302,6311,2556
06037651304,5114,2617
06037651401,2614,1220
06037651402,6050,2314
06037670001,3311,1334
06037670002,4001,1522
06037670003,5788,2475
06037670100,6659,2875
06037670201,3852,1561
06037670202,2594,941
06037670324,5127,2126
06037670326,3807,1445
06037670328,4504,1712
06037670403,2407,972
06037670405,2646,1173
06037670406,1903,702
06037670407,5758,2297
06037670411,4427,1620
06037670413,4782,1886
06037670416,4139,1629
06037670500,1860,716
06037670602,7345,2968
06037670701,6882,2547
06037670702,5477,2088
06037700101,5232,3393
06037700102,4061,2606
06037700200,6321,4635
06037700300,5623,4164
06037700400,5237,3568
06037700501,3687,2826
06037700502,4246,3403
06037700600,5537,2068
06037700700,3479,1232
06037700801,5220,2926
06037700802,4069,2145
06037700901,3856,1626
06037700902,6517,3469
06037701000,5431,2928
06037701100,746,82
06037701201,4433,1759
06037701202,3268,1935
06037701302,4684,3084
06037701304,6374,3622
06037701402,6696,4719
06037701501,4986,2981
06037701502,3841,2079
06037701601,4165,1952
06037701602,4037,2126
06037701701,3196,1870
06037701702,3106,1819
06037701801,5867,2935
06037701802,4463,1924
06037701902,4016,2991
06037702002,5700,3805
06037702102,6306,4086
06037702201,4483,2305
06037702202,3751,1788
06037702300,6364,3132
06037702400,4541,2048
06037702501,4625,2156
06037702502,4048,2127
06037702600,6069,2368
06037702700,3440,1319
06037702801,5205,2254
06037702802,2282,914
06037702803,2963,1210
06037702901,8866,6742
06037703001,5889,3196
06037703002,6605,2867
06037703100,5446,2400
06037703200,5629,2377
06037800101,5485,2015
06037800102,7078,3134
06037800202,6319,2113
06037800203,5643,2022
06037800204,6740,2641
06037800324,6664,2426
06037800325,3407,1539
06037800326,4972,2053
06037800327,5305,2223
06037800328,2640,1083
06037800329,6421,2627
06037800330,942,390
06037800331,766,233
06037800332,6665,2227
06037800406,2644,1254
06037800408,7122,3420
06037800410,3627,761
06037800504,2497,1571
06037800506,3074,1606
06037900102,1029,495
06037900103,6170,1808
06037900104,6242,1894
06037900201,1261,523
06037900300,4514,1285
06037900501,6764,2128
06037900504,5816,1909
06037900505,4002,1361
06037900506,4352,1376
06037900507,7669,2386
06037900508,3334,965
06037900602,5214,1710
06037900605,7100,2309
06037900606,3721,1266
06037900607,3904,1261
06037900608,3536,1089
06037900609,5243,1708
06037900701,5289,1875
06037900703,4375,2060
06037900704,3050,1561
06037900705,4285,2186
06037900803,8284,2700
06037900804,3489,1114
06037900805,5089,1701
06037900806,3620,2026
06037900900,3813,1479
06037901003,6188,0
06037901004,12544,3847
06037901007,2258,757
06037901008,2874,990
06037901009,5318,1975
06037901010,5913,2017
06037901011,5069,2061
06037901101,5496,1909
06037901102,5557,1951
06037901205,10466,3742
06037901209,1633,805
06037901210,1591,685
06037901213,3553,1328
06037910001,5742,1585
06037910002,7217,2277
06037910101,1684,495
06037910201,3549,1315
06037910202,5223,1756
06037910205,1371,482
06037910206,3246,1035
06037910207,6023,1791
06037910208,6340,1976
06037910209,4397,1430
06037910210,7103,2274
06037910301,4219,1546
06037910302,6387,2178
06037910401,6608,2392
06037910402,3751,1128
06037910403,2235,700
06037910404,4130,1183
06037910501,5339,2166
06037910502,4086,1279
06037910504,4797,1271
06037910505,3064,850
06037910601,6460,1756
06037910602,3995,1479
06037910603,7075,2111
06037910605,4535,1310
06037910606,2970,819
06037910705,11415,2925
06037910706,6022,1544
06037910707,4329,1478
06037910709,1650,537
06037910711,7585,2363
06037910712,2772,734
06037910713,5324,1425
06037910714,3596,940
06037910715,6702,2002
06037910716,6117,1771
06037910804,3295,1196
06037910805,4839,1879
06037910807,5489,1815
06037910808,3537,1170
06037910809,2235,758
06037910810,2765,855
06037910811,305,91
06037910812,464,199
06037910813,3535,1365
06037911001,4201,2035
06037920011,286,146
06037920012,1072,549
06037920013,4306,1543
06037920015,6353,1939
06037920016,4904,1517
06037920017,4342,1449
06037920018,2277,765
06037920020,6954,2208
06037920023,2598,787
06037920026,419,129
06037920028,5684,1902
06037920029,3574,1263
06037920030,5818,2013
06037920031,5301,2688
06037920032,2897,813
06037920033,515,182
06037920034,3628,1168
06037920035,7720,2328
06037920036,3419,989
06037920037,7131,2465
06037920038,4430,1761
06037920039,1896,591
06037920040,3352,1058
06037920041,2871,986
06037920042,6769,2627
06037920043,5711,1731
06037920044,2686,925
06037920045,4622,1457
06037920102,5668,2119
06037920104,2798,888
06037920106,3110,941
06037920107,3954,1250
06037920108,3439,1273
06037920109,4493,1795
06037920110,5010,1612
06037920111,3246,1041
06037920112,4287,1597
06037920114,6490,2502
06037920115,4149,1639
06037920116,5181,1657
06037920118,6117,1831
06037920119,1896,499
06037920200,6920,1
06037920303,1446,601
06037920312,5268,2121
06037920313,6010,1906
06037920314,2909,1008
06037920322,2895,1116
06037920326,6840,2612
06037920328,1990,955
06037920329,5460,2253
06037920330,5349,2570
06037920331,4075,1535
06037920332,2337,672
06037920334,6598,2556
06037920336,7027,1839
06037920337,7257,2021
06037920338,5721,1732
06037920339,7377,2436
06037930101,119,72
06037930200,546,213
06037930301,886,344
06037930401,2471,957
06037980001,0,0
06037980002,0,0
06037980003,2,1
06037980004,169,54
06037980005,0,0
06037980006,0,0
06037980007,0,0
06037980008,145,46
06037980009,14,7
06037980010,164,60
06037980013,59,8
06037980014,239,181
06037980015,554,420
06037980018,1,1
06037980019,173,86
06037980020,0,0
06037980021,33,8
06037980022,4,1
06037980023,8,5
06037980024,186,73
06037980025,0,0
06037980026,20,9
06037980028,4,1
06037980030,0,0
06037980031,1262,242
06037980033,61,8
06037990100,0,0
06037990200,0,0
06037990300,0,0
06039000102,4163,3149
06039000103,5033,2722
06039000104,4773,2426
06039000106,5021,2181
06039000108,7068,3380
06039000109,2392,1059
06039000201,9049,520
06039000202,6109,2177
06039000300,8213,2970
06039000400,1288,432
06039000502,10473,2858
06039000503,8539,2903
06039000506,6438,1761
06039000507,10546,2961
06039000508,6878,1864
06039000509,5935,2033
06039000602,5161,1255
06039000603,5585,1351
06039000604,5467,1230
06039000700,10776,3939
06039000800,7027,1952
06039000900,9612,2103
06039001000,5319,1914
06041101100,2569,1103
06041101200,2682,1065
06041102100,2295,951
06041102202,5885,2202
06041102203,4753,2073
06041103100,7168,2805
06041103200,6504,2672
06041104101,7819,3128
06041104102,5135,2132
06041104200,5722,2467
06041104300,1530,707
06041105000,6590,2761
06041106001,4048,2167
06041106002,5625,2217
06041107000,6142,2422
06041108100,6406,2673
06041108200,6836,3131
06041109001,3853,1883
06041109002,3956,1906
06041110100,5849,2481
06041110200,5327,2287
06041111000,5852,2830
06041112100,4315,1945
06041112201,7809,1738
06041112202,4217,1345
06041113000,3656,1762
06041114100,5133,2454
06041114200,3087,1442
06041115000,7249,2873
06041116000,3070,1390
06041117000,4527,2189
06041118100,2407,884
06041119100,4609,2035
06041119201,3288,2029
06041119202,3361,1293
06041120000,6027,3019
06041121100,5175,2313
06041121200,5601,2676
06041122000,4854,0
06041123000,2074,1046
06041124100,5441,2388
06041124200,5626,2718
06041125000,4262,2086
06041126100,5808,2559
06041126200,4249,2142
06041127000,4579,2161
06041128100,6505,2900
06041128200,4582,2052
06041129000,2359,1108
06041130201,3191,2091
06041130202,4453,2828
06041131100,1038,473
06041132100,2311,1807
06041132200,1774,1388
06041133000,3226,2017
06041990100,0,0
06043000101,3929,2047
06043000102,2719,1356
06043000200,3352,2123
06043000301,3743,1851
06043000302,2706,1504
06043000400,1802,1307
06045010100,2587,1213
06045010200,4155,2338
06045010300,4272,2140
06045010400,3467,1631
06045010500,4439,1942
06045010600,6917,3299
06045010700,6203,2620
06045010801,5915,2338
06045010802,1785,802
06045010900,4332,1795
06045011001,1952,1353
06045011002,5364,3183
06045011102,3915,2579
06045011200,3293,1542
06045011300,5972,2229
06045011400,4469,1837
06045011500,6739,2552
06045011600,5802,2391
06045011700,4181,1608
06045011800,2082,931
06045990100,0,0
06047000201,3626,1161
06047000202,1841,537
06047000203,9272,2400
06047000301,4790,1272
06047000303,2158,710
06047000304,9116,2315
06047000401,1834,622
06047000402,8071,2874
06047000503,3292,667
06047000504,6129,1799
06047000505,6156,1827
06047000601,5438,1858
06047000602,3550,1243
06047000603,6143,2147
06047000701,3191,1103
06047000702,4903,1657
06047000801,4444,1682
06047000802,4296,1500
06047000901,3970,1145
06047000902,8419,2575
06047001002,13467,4781
06047001003,4061,1522
06047001004,3968,1937
06047001005,2406,937
06047001101,5880,2205
06047001200,5023,1974
06047001301,3213,1361
06047001302,3264,1333
06047001401,3953,1529
06047001402,4277,1669
06047001501,2693,768
06047001502,2822,791
06047001503,4438,1245
06047001601,4498,1203
06047001602,7243,1819
06047001700,6335,2112
06047001801,4288,1097
06047001901,5739,1529
06047001902,2572,851
06047002000,7835,3083
06047002100,3862,1494
06047002201,6097,2202
06047002202,9923,2919
06047002301,6680,2321
06047002302,13709,4114
06047002401,1756,648
06047002402,7505,2515
06047002500,2328,853
06047002600,5319,1792
06049000100,3518,1718
06049000200,1910,1032
06049000300,2993,1638
06049000400,1265,804
06051000101,3463,2487
06051000102,2502,1792
06051000200,8237,9633
06053000101,2079,602
06053000102,9054,2316
06053000103,3894,1421
06053000104,3478,984
06053000200,6884,1804
06053000300,4177,1351
06053000400,7161,2485
06053000501,4842,1084
06053000502,4161,1049
06053000600,7143,1470
06053000701,6439,1260
06053000702,6371,1290
06053000800,5628,1217
06053000900,5746,1259
06053001200,3178,1297
06053001300,2548,979
06053001400,2680,1096
06053001500,5741,2687
06053001600,2642,1019
06053001700,3780,1331
06053001801,3957,1156
06053001802,5078,1680
06053010101,4518,1067
06053010102,3279,1074
06053010202,4386,1393
06053010305,4371,1595
06053010306,1250,600
06053010400,6481,1539
06053010501,6339,2200
06053010504,4732,1579
06053010505,4892,1588
06053010506,4752,1454
06053010603,7304,2140
06053010604,5512,1332
06053010605,4219,847
06053010606,6299,1648
06053010607,4430,873
06053010608,3646,539
06053010701,6769,2478
06053010702,3911,1655
06053010804,5029,1302
06053010900,10109,26
06053011000,5933,3176
06053011101,5188,1426
06053011102,11454,2879
06053011202,6868,1604
06053011203,7173,1633
06053011204,3190,804
06053011302,5813,1525
06053011303,3775,1385
06053011304,6688,1589
06053011400,3778,1584
06053011502,1710,1121
06053011602,5266,2892
06053011604,1913,1301
06053011700,3810,2305
06053011801,1885,1565
06053011802,1830,1850
06053011900,4449,2722
06053012000,3563,1512
06053012100,2263,1077
06053012200,2683,1468
06053012302,1872,1124
06053012401,1682,1238
06053012402,2987,1759
06053012502,5082,2801
06053012600,2254,83
06053012700,3299,1845
06053012800,5154,2675
06053013000,2968,2020
06053013100,1930,688
06053013200,4225,1857
06053013300,5693,2911
06053013400,1624,741
06053013500,4920,1784
06053013600,4396,1481
06053013700,5131,1435
06053013800,5548,1678
06053013900,2673,945
06053014000,2637,943
06053014102,2259,702
06053014104,1611,2
06053014105,2688,1209
06053014107,7088,2761
06053014201,5133,1793
06053014202,4075,1657
06053014301,3602,1472
06053014302,4024,1580
06053014500,4410,1669
06053014601,5232,1332
06053014700,6620,2209
06053014800,6112,1469
06053980000,7,1
06053990000,0,0
06055200201,3466,1381
06055200202,2856,1195
06055200203,2497,897
06055200301,5095,1808
06055200302,2504,889
06055200400,3618,1669
06055200501,5013,1804
06055200503,1769,758
06055200504,6431,2447
06055200505,2460,1085
06055200601,5016,1702
06055200602,4468,1956
06055200703,3047,1197
06055200704,4514,1703
06055200705,2776,1037
06055200706,3283,1170
06055200707,3152,1433
06055200802,5481,2396
06055200803,2165,881
06055200804,5566,1649
06055200900,1230,29
06055201003,4389,1405
06055201004,6081,2028
06055201005,2418,708
06055201006,3283,1005
06055201007,4089,1168
06055201101,1996,794
06055201102,2055,1029
06055201200,4739,2176
06055201300,2933,1252
06055201401,3114,2255
06055201402,2871,1273
06055201403,800,379
06055201500,1868,1124
06055201601,2287,1027
06055201602,3527,1749
06055201700,5373,2182
06055201800,1806,1015
06055201900,1293,785
06055202000,5155,2319
06057000102,6677,2932
06057000103,7893,3447
06057000104,3190,1653
06057000105,2792,1227
06057000200,2700,1163
06057000300,2353,1045
06057000401,5744,2984
06057000402,6926,3055
06057000501,6034,3013
06057000502,4664,2271
06057000600,6237,3195
06057000701,7436,3531
06057000702,3968,1885
06057000801,4888,2397
06057000802,6528,3160
06057000900,4348,2696
06057001203,2927,3925
06057001204,2832,4044
06057001205,4537,2083
06057001206,6090,2884
06059001101,4523,1529
06059001102,3144,1099
06059001103,4489,1474
06059001201,5505,1476
06059001202,3586,947
06059001301,6423,2635
06059001303,5752,1909
06059001304,3803,1168
06059001401,5013,1881
06059001402,5185,1600
06059001403,3239,1088
06059001404,3972,1065
06059001501,6373,2491
06059001503,5099,1792
06059001504,4605,1812
06059001505,6876,2486
06059001506,4109,1627
06059001507,4665,1993
06059001601,7989,2956
06059001602,4687,1883
06059001704,7451,2380
06059001705,4343,1509
06059001706,3869,1444
06059001707,7482,2569
06059001708,3786,1324
06059001801,5544,1603
06059001802,7154,2228
06059001901,2810,809
06059001902,2967,807
06059001903,3418,947
06059011000,6626,2493
06059011101,4140,1298
06059011102,4356,1167
06059011200,3916,1654
06059011300,4379,2092
06059011401,1982,780
06059011402,2325,869
06059011403,5565,2036
06059011502,4101,1476
06059011503,1727,575
06059011504,5473,2279
06059011601,7955,2316
06059011602,5237,1506
06059011707,6045,2469
06059011708,4317,2023
06059011709,4355,1483
06059011710,3442,1259
06059011711,7305,2831
06059011712,4865,1603
06059011714,499,397
06059011715,6369,2463
06059011716,5410,1664
06059011717,2746,938
06059011718,3263,1108
06059011720,7329,1504
06059011721,5023,1603
06059011722,2363,1066
06059021802,7091,2672
06059021807,4131,1370
06059021809,2902,1065
06059021810,3627,1215
06059021812,6339,2224
06059021813,25,11
06059021814,6816,2598
06059021815,7751,2664
06059021816,4833,1775
06059021817,3479,1280
06059021820,4258,1428
06059021821,6582,2424
06059021822,7488,2499
06059021823,3299,1079
06059021824,2678,864
06059021825,3107,1115
06059021826,2682,1092
06059021827,3028,1069
06059021828,4362,1318
06059021829,5329,1791
06059021830,5862,2039
06059021903,4034,1216
06059021905,5485,1800
06059021912,4828,1581
06059021913,8140,1964
06059021914,4218,1413
06059021915,3985,1494
06059021916,3529,1454
06059021917,3435,1207
06059021918,5067,1830
06059021919,2662,973
06059021920,6892,2544
06059021921,4496,1437
06059021922,4834,2333
06059021923,6643,2420
06059021924,4192,1424
06059032002,6210,2078
06059032003,4852,1583
06059032011,1606,753
06059032012,3626,1290
06059032013,4984,2136
06059032014,6323,2070
06059032015,6548,1959
06059032020,5715,1910
06059032022,6833,2404
06059032023,13544,4548
06059032027,6328,2045
06059032028,3102,1321
06059032029,4328,1451
06059032030,3819,1289
06059032031,3654,1171
06059032032,3075,1035
06059032033,3624,1499
06059032034,5898,1848
06059032035,2373,1058
06059032036,3539,1311
06059032037,4929,2610
06059032038,6602,2130
06059032039,6696,2228
06059032040,2612,885
06059032041,1022,420
06059032042,5796,1816
06059032043,3987,1250
06059032044,5760,2011
06059032045,2978,938
06059032046,6005,1872
06059032047,3652,1738
06059032048,5590,2249
06059032049,9368,3073
06059032050,4906,1744
06059032051,4580,2027
06059032053,7976,3068
06059032054,5288,2391
06059032055,3884,1442
06059032056,7072,2326
06059032057,7218,2381
06059032058,7312,2253
06059032059,7975,2483
06059032061,3349,1355
06059042103,7418,3360
06059042106,1377,818
06059042107,4254,1513
06059042108,5697,3091
06059042109,4865,2138
06059042111,5994,2188
06059042112,6858,2308
06059042113,4364,1839
06059042114,3718,1698
06059042201,5639,2722
06059042203,7015,3030
06059042205,6780,2545
06059042206,3287,1536
06059042305,3432,1886
06059042307,6900,2252
06059042310,8391,3178
06059042311,5996,2300
06059042312,9085,2381
06059042313,6471,3107
06059042315,5900,2356
06059042317,3331,1369
06059042319,3334,1144
06059042320,5665,2587
06059042323,4512,2713
06059042324,4241,2376
06059042325,3375,1538
06059042326,4608,1819
06059042327,4814,1716
06059042328,2524,824
06059042329,3772,1416
06059042330,6378,2208
06059042331,5215,2114
06059042332,5399,2317
06059042333,4014,1411
06059042334,5300,2245
06059042335,5829,2424
06059042336,4430,1573
06059042337,3639,1394
06059042338,4580,2045
06059042339,3208,1505
06059052404,549,16
06059052408,6154,2155
06059052410,5403,2139
06059052411,5182,1337
06059052415,3944,1294
06059052416,4006,1271
06059052417,6771,2420
06059052418,12096,5055
06059052419,3456,1145
06059052420,21098,7084
06059052421,5111,1966
06059052422,4165,1496
06059052423,5545,2131
06059052424,5015,1929
06059052425,5865,2361
06059052426,7957,3210
06059052427,5119,1742
06059052428,6217,2181
06059052502,5913,2001
06059052505,4916,2042
06059052506,2490,831
06059052511,5672,2229
06059052513,5675,2371
06059052514,5327,2157
06059052515,8833,3217
06059052517,10096,4247
06059052518,2688,2199
06059052519,4212,1624
06059052520,3460,1336
06059052521,5391,2378
06059052522,4123,1448
06059052523,4175,1555
06059052524,7952,3100
06059052525,15473,6104
06059052526,4355,1365
06059052527,8391,2750
06059052528,3469,1251
06059062604,15174,6714
06059062605,3094,2193
06059062610,6393,4765
06059062611,4105,1816
06059062612,8186,3116
06059062614,14044,3713
06059062619,3885,2014
06059062620,5065,2694
06059062621,4800,1918
06059062622,4072,3006
06059062625,4381,2119
06059062626,2773,1066
06059062627,3308,1599
06059062628,3581,990
06059062629,2660,915
06059062630,1722,774
06059062631,3303,1275
06059062632,3979,2140
06059062633,6545,1897
06059062634,5466,2037
06059062635,4039,1682
06059062636,3690,1521
06059062637,4525,2181
06059062638,6161,2476
06059062639,6996,2718
06059062640,3407,1669
06059062641,4249,1880
06059062642,2832,1362
06059062643,7246,2942
06059062644,8249,3486
06059062645,6084,2700
06059062646,3257,2872
06059062647,4123,2413
06059062648,2774,2255
06059062649,3257,2173
06059062701,2800,1647
06059062702,4713,2695
06059062800,4220,2951
06059062900,1626,935
06059063004,5917,3458
06059063005,1365,961
06059063006,2756,2111
06059063007,6958,3180
06059063008,857,670
06059063009,1674,737
06059063010,7096,3364
06059063101,2733,1272
06059063102,6257,2953
06059063103,2643,1107
06059063201,3801,1693
06059063202,3556,1579
06059063301,2941,1473
06059063302,4165,1730
06059063400,4795,2174
06059063500,5775,3669
06059063601,3647,1377
06059063603,6223,3393
06059063604,3835,1442
06059063605,5672,1508
06059063701,6266,1709
06059063702,5767,2130
06059063802,2914,1065
06059063803,4437,1662
06059063805,2415,904
06059063806,3790,1420
06059063807,4957,2017
06059063808,6393,1629
06059063902,6670,2744
06059063903,3957,1146
06059063904,4658,1314
06059063905,4375,1879
06059063906,6591,2318
06059063907,6994,3571
06059063908,5430,2599
06059074003,3137,1178
06059074004,7444,2279
06059074005,7432,1628
06059074006,5555,1993
06059074102,6819,1317
06059074103,5026,925
06059074106,6015,1894
06059074107,5512,2648
06059074108,5226,920
06059074109,3801,665
06059074110,3843,953
06059074111,5568,1369
06059074200,9450,1757
06059074300,4392,812
06059074403,5688,1294
06059074405,5820,1468
06059074406,3797,999
06059074407,6700,1816
06059074408,5399,1640
06059074501,6880,1391
06059074502,5674,1008
06059074601,8286,1692
06059074602,9156,1705
06059074701,8346,1426
06059074702,6316,1118
06059074801,5499,969
06059074802,5845,1114
06059074803,9053,1833
06059074805,5962,1121
06059074806,5057,899
06059074901,9170,1927
06059074902,6627,1193
06059075002,8605,2401
06059075003,7408,1712
06059075004,5245,1315
06059075100,9983,2057
06059075201,5822,1116
06059075202,5753,1140
06059075301,5712,1615
06059075302,4481,1133
06059075303,3412,1287
06059075401,3895,1276
06059075403,7081,2500
06059075404,6347,2154
06059075405,2980,982
06059075504,4041,1590
06059075505,3599,1474
06059075506,3437,1207
06059075507,5187,2010
06059075512,3548,1194
06059075513,5074,1552
06059075514,3703,1184
06059075515,15295,5626
06059075603,3790,1419
06059075604,7487,2738
06059075605,5776,2183
06059075606,6941,2398
06059075607,6065,2960
06059075701,6879,2181
06059075702,3343,1168
06059075703,4069,1391
06059075805,4213,1374
06059075806,6121,2146
06059075807,4324,1253
06059075808,3404,1153
06059075809,3023,1082
06059075810,3046,1019
06059075811,3332,810
06059075812,6573,1911
06059075813,5069,1746
06059075814,3327,1186
06059075815,5176,1635
06059075816,3709,1232
06059075901,4126,1698
06059075902,6548,2920
06059076000,8371,3334
06059076101,8933,3705
06059076102,7487,1694
06059076103,9137,2538
06059076201,6772,2500
06059076202,5812,2005
06059076204,4492,1214
06059076205,6847,1669
06059076206,4517,1629
06059076208,4999,1728
06059086301,7474,1784
06059086303,6212,2591
06059086304,4847,1734
06059086305,4006,1130
06059086306,3658,1312
06059086402,5651,1406
06059086404,6546,1498
06059086405,6578,1740
06059086406,4330,1394
06059086407,6488,2125
06059086501,4848,1199
06059086502,6551,1397
06059086601,9584,2454
06059086602,6131,1737
06059086701,8876,2505
06059086702,7094,1932
06059086801,3267,979
06059086802,5913,1556
06059086803,7478,2781
06059086901,8725,2852
06059086902,5614,1817
06059086903,6861,2063
06059087001,5537,1682
06059087002,6922,2314
06059087101,4635,1900
06059087102,5816,1676
06059087103,8470,2360
06059087105,4635,1518
06059087106,5097,1487
06059087200,7643,2584
06059087300,10413,3321
06059087401,3954,1154
06059087403,3186,752
06059087404,3591,795
06059087405,5912,1381
06059087503,6808,1843
06059087504,7141,1780
06059087505,5222,1432
06059087601,4808,1474
06059087602,7722,2186
06059087701,5323,1678
06059087703,6246,1420
06059087704,5061,1367
06059087801,5337,1621
06059087802,7146,2254
06059087803,5658,1372
06059087805,6952,1932
06059087806,5702,1562
06059087901,3638,1189
06059087902,6039,1287
06059088001,5004,1282
06059088002,3936,1128
06059088101,2078,677
06059088104,4780,1494
06059088105,4133,1085
06059088106,4638,1685
06059088107,5866,1653
06059088201,4022,1099
06059088202,3005,886
06059088203,4819,1507
06059088301,6430,1750
06059088302,6029,1793
06059088401,5317,1311
06059088402,4854,1298
06059088403,6896,1924
06059088501,6785,1824
06059088502,5249,1434
06059088601,6305,2152
06059088602,4433,1337
06059088701,6067,1952
06059088702,6107,1585
06059088801,8343,2614
06059088802,5551,1471
06059088901,6725,1723
06059088902,5143,1200
06059088903,8585,1949
06059088904,5766,1417
06059088905,5282,1350
06059089001,7154,1671
06059089003,4012,868
06059089004,7011,1821
06059089102,7217,1622
06059089104,5376,1357
06059089105,6387,1179
06059089106,3973,980
06059089107,5944,1283
06059099202,8323,2012
06059099203,6029,1531
06059099204,4729,1378
06059099212,4914,1743
06059099214,3498,1451
06059099215,5203,1902
06059099216,4000,1476
06059099217,2354,890
06059099220,5115,2440
06059099222,4733,1659
06059099223,5102,1712
06059099224,3521,1105
06059099225,3348,1045
06059099226,3889,1133
06059099227,5922,1953
06059099229,6312,2512
06059099230,4358,1532
06059099231,5488,1789
06059099232,5325,1967
06059099233,3419,1077
06059099234,3466,1232
06059099235,4619,2013
06059099237,3583,1250
06059099238,4031,1392
06059099239,3924,1382
06059099240,5183,2168
06059099241,4274,1658
06059099242,3584,1131
06059099243,4287,1855
06059099244,3730,1919
06059099245,3035,1098
06059099246,3614,1240
06059099247,3287,818
06059099248,5290,1458
06059099249,4449,839
06059099250,3062,1103
06059099251,5218,2125
06059099305,7143,3034
06059099306,6028,2855
06059099307,2502,1400
06059099308,5847,2215
06059099309,4547,2265
06059099310,4482,2210
06059099311,3598,2145
06059099402,8090,2075
06059099404,4505,1759
06059099405,4468,1730
06059099406,4468,1717
06059099407,2480,972
06059099408,4332,1699
06059099410,4101,1598
06059099411,5500,2099
06059099412,4630,1922
06059099413,8230,3522
06059099415,5374,1969
06059099416,4444,2292
06059099417,4031,1996
06059099502,598,208
06059099504,2746,1036
06059099506,1253,780
06059099508,4500,2142
06059099509,3491,2949
06059099510,4058,3656
06059099511,3182,1948
06059099512,2868,1756
06059099513,2141,1304
06059099514,5453,2413
06059099601,7016,1975
06059099602,3196,1069
06059099603,6126,2363
06059099604,3606,1215
06059099605,3690,1322
06059099701,6171,1715
06059099702,8182,2500
06059099703,4979,1706
06059099801,5816,1575
06059099802,5111,1824
06059099803,5762,1765
06059099902,4486,1329
06059099903,5749,1500
06059099904,6352,1894
06059099905,3053,1363
06059099906,4866,1671
06059110001,4467,1541
06059110003,3194,1140
06059110004,4703,1688
06059110005,3124,1147
06059110006,2885,1105
06059110007,4799,1694
06059110008,4374,1729
06059110010,4526,1424
06059110011,2832,1112
06059110012,5012,1949
06059110014,4905,1919
06059110015,3548,1243
06059110102,5780,1877
06059110104,6024,1882
06059110106,3577,1244
06059110108,2733,1067
06059110109,5045,1818
06059110110,5706,1866
06059110111,5736,1944
06059110113,2276,719
06059110114,4828,1521
06059110115,3613,1218
06059110116,4761,1541
06059110117,5920,2117
06059110118,2668,767
06059110201,7483,2661
06059110202,7762,2602
06059110203,5393,1781
06059110301,6729,2229
06059110302,6033,1690
06059110303,4986,1546
06059110304,4612,1390
06059110401,4953,1453
06059110402,5459,1428
06059110500,8631,2550
06059110603,8540,2588
06059110604,8117,2667
06059110605,6638,2257
06059110606,4590,1296
06059110607,3845,1277
06059980000,19,5
06059990100,0,0
06061020104,1288,1986
06061020105,1352,2013
06061020106,1719,1866
06061020107,3510,1952
06061020200,6146,2736
06061020300,4520,2326
06061020401,2129,1034
06061020402,3396,1499
06061020501,2879,1176
06061020502,4103,1732
06061020601,6911,2678
06061020602,6970,2740
06061020604,5589,2086
06061020605,5826,2089
06061020606,4303,1405
06061020710,4387,1686
06061020711,4372,2094
06061020712,3560,1570
06061020713,3222,1423
06061020714,3660,1474
06061020715,3059,1164
06061020717,3118,1329
06061020805,3902,1708
06061020806,3494,1726
06061020901,2605,1027
06061020908,6706,2588
06061021003,6210,2585
06061021034,3901,1321
06061021035,7431,2521
06061021037,2135,1033
06061021038,7632,2587
06061021039,1771,1126
06061021040,3493,2217
06061021043,3355,1182
06061021044,5719,1787
06061021045,2962,1169
06061021046,4754,2198
06061021103,3797,1509
06061021106,2230,941
06061021108,2668,1265
06061021109,5012,1865
06061021122,3463,1346
06061021123,7397,2774
06061021128,2686,1081
06061021129,3204,1434
06061021130,2641,1383
06061021131,5142,2055
06061021203,6536,2470
06061021204,2482,972
06061021304,5307,2026
06061021309,9552,3180
06061021322,8762,3253
06061021401,2569,920
06061021403,7000,2431
06061021501,5979,2237
06061021502,3554,1518
06061021603,4549,2089
06061021604,3161,1334
06061021801,4522,1820
06061021802,5676,2493
06061021901,3060,1323
06061021902,4454,1847
06061022002,6481,2916
06061022011,1686,2590
06061022013,2934,1629
06061022014,1736,2903
06061022100,961,1408
06061022200,909,1339
06061022300,709,1542
06061022400,4396,1709
06061022500,3879,1347
06061022600,4840,2066
06061022800,4320,1577
06061022900,5175,1839
06061023000,3191,999
06061023100,6491,2288
06061023200,4960,1604
06061023300,4365,1488
06061023400,4479,1508
06061023500,5159,1625
06061023600,4565,2730
06061023700,3347,2098
06061023800,3257,2015
06061023900,3100,1029
06061990000,0,0
06063000100,5500,2586
06063000201,1844,2211
06063000202,1161,1383
06063000300,4760,2941
06063000400,2785,1686
06063000501,2146,1339
06063000502,1811,3420
06065030101,1226,355
06065030103,2105,720
06065030104,6922,1999
06065030200,4633,2030
06065030300,4497,1634
06065030400,6414,1710
06065030501,5095,1482
06065030502,2220,526
06065030503,3812,1179
06065030601,5249,1850
06065030602,3285,1323
06065030603,2978,1109
06065030700,5598,2245
06065030800,6973,2530
06065030900,3308,874
06065031001,5622,2357
06065031002,4559,1205
06065031100,4584,1764
06065031200,6878,2238
06065031300,2651,666
06065031401,6702,2292
06065031402,6518,2385
06065031501,7387,2260
06065031502,8020,2676
06065031601,4390,1302
06065031602,5314,1688
06065031701,2943,858
06065031702,2387,766
06065031703,3611,1160
06065031704,5284,1815
06065040101,4287,1003
06065040102,4630,1085
06065040201,5897,1754
06065040202,2821,894
06065040203,3626,952
06065040204,3716,929
06065040301,7857,2171
06065040302,7308,2170
06065040303,3243,852
06065040402,4224,1098
06065040403,5801,1452
06065040404,3309,927
06065040405,5353,1713
06065040501,6878,1779
06065040502,6202,1722
06065040503,3876,1850
06065040603,2376,654
06065040604,5541,1496
06065040605,3543,857
06065040606,3329,818
06065040607,9317,2727
06065040609,8422,2442
06065040611,7640,1891
06065040613,12842,3371
06065040615,9024,2440
06065040616,7610,1929
06065040701,2248,691
06065040702,2746,974
06065040703,2780,963
06065040806,2995,882
06065040807,3391,1020
06065040808,7008,2350
06065040809,3353,1045
06065040812,3480,1141
06065040813,6080,1848
06065040814,4782,1644
06065040815,3586,1205
06065040816,2594,922
06065040821,5691,1989
06065040901,6516,2202
06065040902,5040,1646
06065040903,2626,826
06065040904,3655,940
06065041001,2832,777
06065041002,3312,835
06065041003,2521,727
06065041004,4590,1403
06065041101,5139,1210
06065041102,4185,1028
06065041201,4299,1125
06065041202,4458,998
06065041203,3545,966
06065041301,3473,851
06065041302,4303,1072
06065041403,2763,1066
06065041404,3725,973
06065041405,4096,1221
06065041406,5968,2044
06065041407,5830,1860
06065041408,4017,1471
06065041409,14898,4483
06065041410,3288,677
06065041411,3187,774
06065041412,4415,1521
06065041500,2053,486
06065041600,6230,1754
06065041702,4572,1292
06065041703,5695,1742
06065041704,3908,966
06065041803,6475,1882
06065041804,3989,1216
06065041805,5799,1965
06065041806,4255,1188
06065041807,2400,662
06065041808,6852,1902
06065041809,5834,2207
06065041810,5665,1604
06065041812,3319,1051
06065041813,6698,2095
06065041904,4786,1469
06065041905,2935,915
06065041906,6360,2002
06065041909,4990,1415
06065041910,6342,2306
06065041911,10258,3573
06065041912,5776,1787
06065041913,5478,2036
06065042003,5525,1797
06065042004,3165,1051
06065042005,5102,1485
06065042007,4339,1616
06065042008,7082,2228
06065042009,7119,1872
06065042010,5887,1448
06065042012,6242,2055
06065042013,8333,2398
06065042014,10516,2977
06065042206,5620,2746
06065042207,3017,1275
06065042208,2378,938
06065042209,4579,1603
06065042210,4761,2022
06065042212,6727,2142
06065042213,4194,1632
06065042214,6316,1977
06065042217,5461,2187
06065042300,6782,2128
06065042401,2082,638
06065042402,4780,1358
06065042403,4071,1174
06065042404,2038,573
06065042405,4997,1951
06065042406,4150,1303
06065042407,3262,921
06065042408,3152,898
06065042409,3299,982
06065042410,4882,1430
06065042411,2540,798
06065042412,5129,1612
06065042505,3639,979
06065042506,9483,2990
06065042507,5011,1196
06065042508,4888,1264
06065042509,3193,869
06065042510,5048,1224
06065042511,3308,863
06065042512,3200,952
06065042513,3379,830
06065042514,3165,904
06065042515,3803,1126
06065042516,4177,1080
06065042517,3278,879
06065042518,3670,1024
06065042519,1706,541
06065042520,4669,1392
06065042521,4922,1258
06065042617,11436,2870
06065042618,8283,1970
06065042619,11267,3097
06065042620,10463,2770
06065042621,6556,1759
06065042622,4107,1360
06065042623,3682,1346
06065042624,3784,1145
06065042706,8393,2049
06065042708,5171,1541
06065042709,4905,2354
06065042711,4543,3016
06065042714,3230,1388
06065042715,12805,4285
06065042716,5033,2147
06065042717,5079,1680
06065042719,5025,1672
06065042720,4434,1559
06065042723,5506,2171
06065042724,3182,941
06065042726,5357,1725
06065042728,2266,786
06065042729,9184,4287
06065042730,5338,1542
06065042731,5768,1869
06065042732,5993,1837
06065042733,4234,1436
06065042737,2401,760
06065042738,5729,2164
06065042739,7097,2094
06065042740,2017,1348
06065042741,2142,1606
06065042742,4232,1320
06065042743,1907,636
06065042744,3726,1057
06065042745,4614,2111
06065042800,9260,2527
06065042901,7385,2043
06065042902,4930,1537
06065042903,5738,1546
06065042904,9352,2352
06065043001,5593,1865
06065043003,6600,1999
06065043005,5049,1676
06065043006,4703,1461
06065043007,6811,2088
06065043008,5394,1738
06065043009,4736,1410
06065043010,5687,1687
06065043206,7606,2867
06065043211,5486,1697
06065043216,6495,2542
06065043217,3263,1071
06065043218,5597,1762
06065043220,4594,1900
06065043222,3842,1360
06065043227,7051,2204
06065043228,4108,1518
06065043229,5127,2533
06065043235,3742,1111
06065043239,6792,2594
06065043240,8802,2682
06065043242,8148,2524
06065043244,7220,2522
06065043246,5906,1903
06065043247,8838,2241
06065043248,4214,1356
06065043250,8339,2818
06065043252,6574,2055
06065043254,5011,1671
06065043256,3478,1081
06065043257,7034,2804
06065043262,5122,1814
06065043264,7683,2379
06065043265,6142,1807
06065043266,5215,1961
06065043267,6705,2457
06065043270,4991,1707
06065043271,3930,1191
06065043272,4976,1998
06065043274,2545,827
06065043276,3620,1110
06065043278,5946,1985
06065043279,5093,1867
06065043291,8224,3425
06065043304,6816,2837
06065043306,4538,1856
06065043307,5872,2785
06065043308,2770,1106
06065043309,2890,1162
06065043310,3120,1150
06065043311,2265,768
06065043312,3862,1294
06065043313,3504,1089
06065043314,3631,1192
06065043315,2073,742
06065043316,3713,1827
06065043317,8526,2600
06065043401,5791,2187
06065043403,2847,1086
06065043404,2544,1587
06065043405,4217,2265
06065043503,4112,2469
06065043504,7743,3820
06065043505,2911,1852
06065043506,6386,2428
06065043507,6700,2700
06065043508,7014,2832
06065043509,5117,1780
06065043512,6580,2225
06065043513,2456,978
06065043517,6815,1930
06065043601,4505,1490
06065043602,3953,1286
06065043701,3512,1629
06065043702,4235,1817
06065043703,2585,1047
06065043802,5116,2190
06065043807,5743,2045
06065043809,3015,1493
06065043810,4933,2158
06065043811,3877,1649
06065043812,5409,3628
06065043813,4340,1844
06065043814,905,561
06065043818,3832,1231
06065043820,3895,1485
06065043821,2707,981
06065043822,2689,888
06065043823,7023,2389
06065043900,6405,2044
06065044000,2109,716
06065044101,2973,1085
06065044102,2841,977
06065044103,5669,2386
06065044104,2647,956
06065044200,5701,1906
06065044300,4774,1355
06065044402,6218,3398
06065044403,4402,2169
06065044404,1860,1753
06065044405,2366,2596
06065044505,6479,2953
06065044507,6565,2525
06065044509,3939,1800
06065044510,5808,2261
06065044515,3618,1342
06065044516,6606,2655
06065044517,2377,1467
06065044518,5232,2325
06065044520,1704,1020
06065044521,1196,570
06065044522,4876,2834
06065044602,2907,2109
06065044604,4320,2055
06065044605,4803,3035
06065044606,2852,2369
06065044701,3555,2230
06065044702,2295,616
06065044804,2850,1098
06065044805,1701,1557
06065044806,1982,1599
06065044807,1281,1094
06065044904,4543,1794
06065044907,4989,1460
06065044911,4617,2855
06065044915,6489,1927
06065044916,4650,2380
06065044917,3911,3398
06065044918,3030,2672
06065044919,4243,4079
06065044921,2355,1515
06065044922,3494,3867
06065044923,3615,1181
06065044924,3984,1254
06065044925,3477,1045
06065044926,4665,1554
06065044927,3801,3573
06065044928,3443,2925
06065044929,3908,3322
06065044930,3213,2910
06065044931,2327,660
06065044932,3067,1158
06065045000,3424,1806
06065045103,3623,2816
06065045108,5726,2700
06065045109,3831,1670
06065045110,5401,1989
06065045114,1939,1904
06065045115,2026,1586
06065045116,1492,1156
06065045117,3969,2760
06065045118,2762,1781
06065045119,2811,1208
06065045120,4580,2703
06065045121,5457,4162
06065045122,1427,1401
06065045123,2356,1720
06065045124,1505,1291
06065045125,3017,3846
06065045207,5014,1685
06065045209,5441,1714
06065045212,2293,1319
06065045213,5216,2048
06065045214,5648,2800
06065045215,8515,3512
06065045216,1804,1197
06065045217,6225,1818
06065045222,1595,1355
06065045224,5471,2312
06065045226,6810,1595
06065045228,3936,1364
06065045233,4244,1959
06065045302,4459,1094
06065045303,3035,807
06065045304,8675,2839
06065045501,5518,1525
06065045502,3744,1253
06065045604,13694,3337
06065045605,10543,3422
06065045606,2680,1678
06065045608,2878,4123
06065045609,5880,1635
06065045703,5708,1291
06065045704,2804,712
06065045705,7522,1970
06065045706,4821,1052
06065045707,6397,1575
06065045900,1838,788
06065046101,3060,1277
06065046102,2027,743
06065046103,3030,1091
06065046200,3341,1251
06065046401,3768,1361
06065046402,4684,1766
06065046403,7156,2322
06065046404,5590,1892
06065046405,3974,1280
06065046500,9277,2118
06065046601,4888,228
06065046602,3712,1111
06065046700,4442,1648
06065046800,6365,1546
06065046900,2043,1161
06065047000,1749,990
06065047201,1958,1890
06065047202,1929,1505
06065047900,11611,3313
06065048100,6404,1928
06065048200,4301,1245
06065048300,6649,1856
06065048700,4489,1277
06065048800,4512,1138
06065048901,3805,1026
06065048902,5957,1560
06065049000,8249,2415
06065049100,5264,3657
06065049400,2978,1623
06065049500,8421,2245
06065049600,7176,2651
06065049700,9511,2870
06065049800,3771,1554
06065050300,11161,3175
06065050400,10378,3303
06065050500,13261,4158
06065050600,6850,2422
06065050700,9969,3057
06065050900,4340,1885
06065051100,6188,1876
06065051200,3403,1350
06065051300,8371,3345
06065051400,6956,5057
06065940100,166,1321
06065940400,6504,1444
06065940500,2208,2229
06065940600,3026,2717
06065940700,2613,2497
06065940800,2613,2713
06065940900,1916,1506
06065941000,3812,4213
06065941100,2051,2267
06065941200,2205,2356
06065941300,3300,2436
06065941400,3179,2896
06065941500,4291,1506
06065980004,9,4
06065981000,7634,0
06067000100,3558,1732
06067000200,3497,1800
06067000300,3103,1584
06067000400,3667,2351
06067000500,3159,2023
06067000600,1122,733
06067000700,2806,709
06067000800,1425,1227
06067001101,2047,2096
06067001200,3323,2714
06067001300,3005,2230
06067001400,2466,1882
06067001500,4329,2461
06067001600,5421,2789
06067001700,4794,2668
06067001800,4686,2259
06067001900,2771,1811
06067002000,2376,1468
06067002100,2377,1175
06067002200,4004,1808
06067002300,3156,1690
06067002400,4387,2136
06067002500,1587,740
06067002600,2505,1295
06067002700,3383,1594
06067002800,3291,1176
06067002900,4499,2304
06067003000,6563,2825
06067003101,3568,1250
06067003102,2933,1048
06067003202,5052,1801
06067003203,3200,787
06067003204,5456,1554
06067003300,4073,1959
06067003400,4085,1924
06067003501,2629,1265
06067003502,2916,1335
06067003600,2826,1023
06067003700,4219,1390
06067003800,5083,1808
06067003900,3374,1697
06067004001,5755,2825
06067004004,6086,2724
06067004005,4185,2043
06067004006,4843,2375
06067004008,3596,1562
06067004009,5129,2334
06067004010,5131,2534
06067004011,3086,1403
06067004012,3267,1390
06067004100,5015,1690
06067004201,5290,1716
06067004202,5538,1736
06067004203,5112,1538
06067004300,9553,2523
06067004401,4122,1446
06067004402,4252,1343
06067004501,3529,1146
06067004502,4795,1768
06067004601,7614,2532
06067004602,5067,1722
06067004701,3303,1242
06067004702,4945,1565
06067004801,5899,1787
06067004802,4485,1536
06067004903,6740,2097
06067004904,5675,2000
06067004905,6649,2310
06067004906,2797,965
06067005001,8107,2580
06067005002,6284,2637
06067005101,4454,1378
06067005102,4481,1730
06067005201,3040,949
06067005202,3154,1511
06067005204,4220,2014
06067005205,2109,1100
06067005301,1823,333
06067005402,2641,1733
06067005403,2224,1416
06067005404,5611,3038
06067005502,5477,2166
06067005505,4550,2162
06067005506,3066,1433
06067005508,3106,2024
06067005509,1910,1065
06067005510,4291,2620
06067005601,4822,2417
06067005605,3124,1417
06067005606,4029,1996
06067005701,3060,1346
06067005702,4795,1925
06067005801,5050,2328
06067005803,3545,1500
06067005804,2585,1148
06067005901,5892,2537
06067005903,2277,1229
06067005904,4825,2234
06067006002,4624,2219
06067006003,4461,1970
06067006004,2319,1091
06067006101,4608,2333
06067006102,3114,1884
06067006201,6290,3061
06067006202,3599,1664
06067006300,4592,1801
06067006400,5347,1948
06067006500,6637,2118
06067006600,6166,2256
06067006701,8370,2536
06067006702,7560,2067
06067006800,7455,2367
06067006900,4763,2399
06067007001,3842,1278
06067007004,7533,2796
06067007007,5356,1671
06067007010,3626,2004
06067007011,5788,2522
06067007012,3345,1429
06067007013,2779,1041
06067007014,7342,2807
06067007015,4997,2232
06067007016,5537,1789
06067007017,2770,1079
06067007018,5083,2323
06067007019,1203,423
06067007020,4034,1717
06067007101,253,109
06067007102,7195,3156
06067007103,3850,1678
06067007104,7689,2637
06067007105,6725,2411
06067007106,7161,2387
06067007107,3372,1363
06067007202,4065,1366
06067007204,4965,1553
06067007206,4131,1381
06067007207,4212,1424
06067007208,4495,1509
06067007209,3695,1288
06067007301,4644,1645
06067007402,6180,2070
06067007403,4537,1443
06067007406,7626,2711
06067007413,5932,2332
06067007414,4317,1463
06067007415,3039,1182
06067007416,3866,1554
06067007417,3012,926
06067007421,9003,2650
06067007422,2692,928
06067007423,5313,2120
06067007424,3508,1364
06067007426,2234,805
06067007427,6840,2242
06067007428,3451,1305
06067007429,4889,1881
06067007430,7805,2541
06067007431,3355,1119
06067007432,5040,1592
06067007433,7656,2682
06067007501,6067,2547
06067007503,4912,2209
06067007504,2054,863
06067007601,6416,3108
06067007602,4619,2141
06067007701,6126,2886
06067007702,4306,2079
06067007801,5481,2556
06067007802,4808,2156
06067007903,4576,1960
06067007904,4797,1924
06067007905,4225,1835
06067007906,3525,1614
06067008005,4715,1964
06067008006,5718,2518
06067008007,3151,1482
06067008008,4610,1929
06067008009,4407,2036
06067008010,4890,2128
06067008111,6153,2419
06067008113,3752,1502
06067008117,2084,834
06067008119,5668,2316
06067008120,4873,2092
06067008122,3384,1480
06067008124,4478,1669
06067008125,5265,2184
06067008127,4792,1753
06067008128,2462,965
06067008129,3358,1317
06067008130,3761,1385
06067008131,4922,2454
06067008132,3710,1511
06067008133,2652,1270
06067008134,4647,2090
06067008135,4000,2252
06067008136,2339,1080
06067008137,2432,985
06067008138,3568,1419
06067008139,3360,1829
06067008140,2894,1162
06067008141,6799,2856
06067008142,3353,1475
06067008143,4248,1739
06067008144,2541,947
06067008145,7345,2699
06067008203,4760,1901
06067008204,4495,1800
06067008206,5638,2254
06067008207,4212,1830
06067008208,4598,1987
06067008209,4085,1846
06067008210,5472,2607
06067008211,2871,1090
06067008402,5505,2083
06067008403,5246,2291
06067008404,3275,1538
06067008501,6228,2269
06067008504,4320,1708
06067008505,2186,761
06067008506,2520,1583
06067008507,3687,1617
06067008508,6825,2381
06067008509,4711,1511
06067008510,4744,1597
06067008512,3819,1246
06067008513,2793,1004
06067008600,6784,2917
06067008702,3082,1334
06067008703,4912,2234
06067008704,3231,1039
06067008705,4397,1508
06067008801,4436,1615
06067008905,4451,1754
06067008907,4835,1979
06067008908,4835,2150
06067008909,2358,892
06067008910,3486,1398
06067008911,2295,872
06067008912,3100,1345
06067008913,4145,1588
06067009004,3878,1336
06067009005,3165,1320
06067009006,4940,2002
06067009007,2818,1153
06067009008,4928,1755
06067009010,4866,2362
06067009011,3964,1272
06067009103,3495,1275
06067009105,2709,1166
06067009106,4143,1978
06067009107,3213,1354
06067009108,3693,1448
06067009109,4842,1784
06067009110,1482,777
06067009111,5539,2305
06067009112,3630,1402
06067009201,2293,954
06067009307,5241,1857
06067009308,6032,2274
06067009309,2282,916
06067009310,7000,2559
06067009311,6407,2001
06067009312,6535,2053
06067009314,5922,1804
06067009316,4605,1300
06067009317,5700,1786
06067009318,2620,682
06067009319,4864,1336
06067009320,4336,1443
06067009321,5573,1686
06067009322,13206,3838
06067009323,5321,1727
06067009324,2742,914
06067009325,836,324
06067009326,4804,1457
06067009328,5245,1446
06067009329,2300,721
06067009330,3818,1152
06067009331,7049,2014
06067009332,1425,446
06067009403,2038,732
06067009404,5921,2266
06067009406,2390,817
06067009407,9944,3154
06067009408,1783,526
06067009501,2772,822
06067009502,7055,2327
06067009503,3067,1234
06067009504,2059,663
06067009601,6621,1860
06067009606,7159,2521
06067009608,7597,2444
06067009609,5215,1484
06067009610,6072,1776
06067009611,3165,1149
06067009612,5073,1842
06067009614,6658,2248
06067009615,7864,2815
06067009616,5814,2003
06067009617,3545,1383
06067009618,4642,1560
06067009619,7824,2864
06067009622,7222,2769
06067009630,9389,2865
06067009632,6811,2005
06067009633,3309,1052
06067009634,4913,1527
06067009635,5941,1879
06067009636,7672,2324
06067009637,6003,1605
06067009638,4330,1176
06067009639,3554,1139
06067009800,1984,1210
06067009900,3976,1743
06067988300,6747,40
06069000100,5007,1698
06069000200,6051,2280
06069000300,4217,1043
06069000400,5975,1948
06069000501,5395,1664
06069000502,6099,1684
06069000600,8317,2569
06069000701,3644,980
06069000702,4948,1662
06069000801,3082,1287
06069000802,2534,1055
06071000103,4740,1707
06071000104,6117,1898
06071000105,6676,1950
06071000107,2957,957
06071000108,5077,1747
06071000109,6752,2101
06071000111,2580,864
06071000113,11112,3438
06071000115,7114,2156
06071000116,10856,3388
06071000117,6959,2260
06071000118,4541,1361
06071000201,4195,1256
06071000203,4474,1157
06071000205,4736,1471
06071000207,4635,1087
06071000208,4124,1089
06071000301,8795,2257
06071000303,7169,1752
06071000304,5871,1580
06071000401,6387,1921
06071000403,4678,1400
06071000404,4419,1782
06071000501,6785,1979
06071000503,5270,1630
06071000504,5450,1534
06071000603,5576,1703
06071000604,5682,1805
06071000605,5274,1316
06071000606,4374,1164
06071000804,3255,1199
06071000808,5840,1987
06071000812,3845,1344
06071000813,3449,1285
06071000814,3832,1327
06071000815,3584,1267
06071000816,3906,1394
06071000817,3264,1300
06071000818,5428,1907
06071000819,5077,1895
06071000820,3958,1332
06071000821,3478,1605
06071000823,6658,2638
06071000824,5092,1949
06071000825,3905,1559
06071000826,4075,1403
06071000901,4600,1816
06071000903,4338,1550
06071000904,3248,1141
06071001001,4990,1551
06071001002,5530,1396
06071001101,4092,1256
06071001103,3997,1449
06071001104,5058,1691
06071001200,4730,1572
06071001305,5348,1391
06071001307,4163,966
06071001308,5100,1258
06071001309,4793,1159
06071001310,5814,1498
06071001311,3236,947
06071001312,4645,1434
06071001400,2923,1263
06071001501,4052,983
06071001503,4195,903
06071001504,5676,1655
06071001600,6133,1461
06071001702,4827,1631
06071001703,5979,1895
06071001704,5056,1479
06071001706,6231,1864
06071001707,5966,1455
06071001803,2985,1181
06071001804,5145,1449
06071001806,4760,1268
06071001808,4413,1181
06071001809,4476,1119
06071001810,4497,1146
06071001812,4321,1088
06071001813,4576,962
06071001901,5753,1641
06071001903,8028,1983
06071001905,6389,2033
06071001906,7060,2185
06071002010,9013,2558
06071002011,4006,1289
06071002013,4207,1727
06071002014,4846,1543
06071002015,4777,1578
06071002016,3883,1325
06071002017,5826,1842
06071002018,5342,1718
06071002019,4757,1741
06071002021,5201,1642
06071002022,11426,3234
06071002023,5118,2328
06071002025,5056,1848
06071002027,5543,2108
06071002028,5282,1717
06071002029,6077,1926
06071002031,6281,1843
06071002033,7663,2438
06071002034,13758,4622
06071002035,6874,2435
06071002036,11640,4537
06071002037,7739,2136
06071002038,5366,1474
06071002101,4399,1329
06071002103,4646,1925
06071002105,5036,1822
06071002107,4970,1909
06071002109,4626,2143
06071002110,7020,3389
06071002204,6139,1536
06071002206,6656,2004
06071002207,4461,484
06071002301,9721,2421
06071002304,18904,5014
06071002305,10725,2814
06071002306,4169,1051
06071002307,5085,1168
06071002401,8946,1911
06071002402,8434,1940
06071002501,5840,1348
06071002502,8051,1774
06071002601,10799,2684
06071002602,7639,1987
06071002604,5723,1495
06071002606,7089,1937
06071002607,7826,2032
06071002703,5780,1653
06071002704,10787,2981
06071002705,5513,1549
06071002706,6654,1682
06071002801,5508,1313
06071002803,3982,1028
06071002804,5417,1313
06071002901,4446,1196
06071002902,6584,1862
06071003000,3120,1136
06071003101,5040,1202
06071003102,5466,1404
06071003200,8005,2147
06071003301,4841,1376
06071003302,6037,1855
06071003401,7502,1832
06071003403,4524,1084
06071003404,4946,1414
06071003405,5109,1591
06071003503,5489,1354
06071003505,5969,1721
06071003506,4802,1333
06071003507,4887,1209
06071003509,4827,1328
06071003510,4512,1211
06071003603,4141,1002
06071003605,4223,1037
06071003606,5109,1373
06071003607,5369,1498
06071003609,4871,1375
06071003611,4575,1378
06071003612,4256,1085
06071003700,3903,1312
06071003801,4735,1364
06071003803,4732,1244
06071003804,4578,1190
06071003900,5484,1425
06071004001,4763,1014
06071004003,6178,1396
06071004004,5076,1494
06071004101,5698,1326
06071004103,5634,1299
06071004104,5257,1179
06071004201,6854,1779
06071004202,5176,1539
06071004301,4677,1168
06071004302,4413,1249
06071004401,4383,1217
06071004403,5647,1530
06071004404,5570,1560
06071004503,3327,1066
06071004504,8145,2569
06071004505,4724,1766
06071004507,5042,1651
06071004509,4764,1541
06071004510,5178,1454
06071004601,7032,2450
06071004603,5717,2369
06071004604,5177,1668
06071004700,5791,1590
06071004800,3282,911
06071004900,7590,1987
06071005100,7749,2966
06071005200,4141,1479
06071005300,5516,1767
06071005400,6590,2012
06071005500,8618,2729
06071005600,7101,2070
06071005701,2216,954
06071005800,3981,1409
06071006100,8346,2788
06071006201,3583,1152
06071006203,4771,1707
06071006204,4495,1516
06071006301,5324,1701
06071006302,8815,2497
06071006401,3343,928
06071006402,4951,1403
06071006500,8386,1950
06071006601,4564,1322
06071006603,4958,1350
06071006604,4278,1216
06071006700,4486,1201
06071007000,7898,2200
06071007104,4093,1512
06071007105,2715,1155
06071007106,3943,1505
06071007107,3302,1217
06071007108,2202,1089
06071007109,6064,2621
06071007110,4831,1507
06071007200,6798,1950
06071007302,10039,3875
06071007303,4828,2240
06071007305,4060,1546
06071007306,5859,2423
06071007403,6947,2457
06071007404,4406,1784
06071007407,2940,923
06071007408,4181,1345
06071007409,5760,1759
06071007410,5519,2170
06071007601,7277,2059
06071007603,4605,1595
06071007604,4306,1331
06071007800,4912,2322
06071007901,7908,2618
06071007903,4365,1438
06071007904,6697,2084
06071008001,6513,2123
06071008002,7256,2290
06071008100,3182,1606
06071008200,5147,2709
06071008301,6340,2702
06071008302,3106,1291
06071008401,9953,3193
06071008402,6448,2317
06071008403,5833,2157
06071008404,2729,1184
06071008500,8316,3239
06071008601,5618,2054
06071008602,3564,1393
06071008703,7745,2894
06071008704,7789,3161
06071008705,4617,1714
06071008706,12298,4492
06071008708,4352,1484
06071008709,4162,1707
06071008710,4442,1950
06071008800,6382,2426
06071008901,2174,1231
06071009107,7272,2996
06071009108,6825,2382
06071009109,6070,2238
06071009110,15578,4774
06071009112,8744,2451
06071009114,10232,2929
06071009116,6717,2404
06071009117,8267,2136
06071009118,22862,6648
06071009119,5729,2017
06071009201,4557,2704
06071009202,2295,1263
06071009300,1257,545
06071009400,3493,1700
06071009500,7094,2991
06071009707,5920,3216
06071009708,5221,2340
06071009709,6356,2119
06071009710,7120,2399
06071009711,9401,3401
06071009712,5978,2219
06071009713,7063,2410
06071009714,3606,1325
06071009715,8260,3089
06071009716,6974,2759
06071009717,4018,1450
06071009800,5017,1648
06071009904,10960,4031
06071009905,7575,2417
06071009906,4941,1536
06071009908,4817,1556
06071009910,4653,1464
06071009911,6456,1958
06071009912,4762,1893
06071009913,6068,2012
06071010004,8437,3563
06071010009,3511,1290
06071010010,6446,1996
06071010011,5221,1585
06071010012,4877,1569
06071010013,8022,2500
06071010014,4800,1453
06071010015,5434,1732
06071010016,5584,1698
06071010017,14798,4516
06071010018,7068,2216
06071010019,5235,1648
06071010020,7471,2792
06071010021,6437,2253
06071010022,4084,1486
06071010023,5949,1895
06071010024,5359,1784
06071010025,7405,2679
06071010026,10495,3897
06071010300,3846,2117
06071010402,8442,1691
06071010409,3018,2313
06071010410,3105,1570
06071010411,6752,3365
06071010412,7720,3249
06071010413,5979,2830
06071010415,5682,2416
06071010416,3433,2454
06071010417,3251,1795
06071010419,4921,2493
06071010420,4103,2268
06071010421,6057,2899
06071010422,1645,767
06071010423,3786,2869
06071010424,1966,1839
06071010700,3798,1921
06071010802,5338,3156
06071010803,3375,2527
06071010804,2947,1928
06071010901,5321,4469
06071010902,3714,3904
06071011001,2390,2555
06071011002,1673,1272
06071011101,3771,2630
06071011102,2031,2533
06071011203,1593,2408
06071011204,1271,3051
06071011205,1239,1569
06071011206,995,2748
06071011300,1408,2226
06071011401,4394,4530
06071011403,3350,4189
06071011404,3692,2528
06071011500,1890,1698
06071011600,7444,3691
06071011700,1768,757
06071011800,7000,2703
06071011900,3567,1581
06071012001,5612,2085
06071012002,5366,2225
06071012101,5565,2267
06071012103,3828,1885
06071012104,5110,2496
06071012200,6076,438
06071012300,1513,0
06071012400,3617,1019
06071012500,4268,1237
06071012700,4052,1385
06071025000,8850,2487
06071025100,1688,2237
06071940100,1520,1670
06071980100,0,0
06071980200,4499,10
06073000100,3029,1397
06073000201,1801,1047
06073000202,4208,2413
06073000300,4732,3136
06073000400,3669,2288
06073000500,2722,1726
06073000600,3108,1984
06073000700,3754,2479
06073000800,4280,2663
06073000900,5178,3141
06073001000,4733,2662
06073001100,3098,1797
06073001200,5660,3090
06073001300,6197,3483
06073001400,3084,1694
06073001500,3934,1976
06073001600,5651,2399
06073001700,4772,2346
06073001800,5319,2763
06073001900,2939,1522
06073002001,3354,1662
06073002002,2559,1196
06073002100,5259,2558
06073002201,3796,1286
06073002202,4859,1718
06073002301,2821,1235
06073002302,6589,2172
06073002401,4573,1707
06073002402,5254,1556
06073002501,5504,1608
06073002502,6264,2065
06073002601,6148,1687
06073002602,4450,1215
06073002702,5180,2073
06073002703,6900,2393
06073002705,4300,1316
06073002707,5369,1599
06073002708,5689,2060
06073002709,3945,1143
06073002710,4228,1201
06073002711,3200,920
06073002712,4652,1800
06073002801,3068,1160
06073002803,5370,2732
06073002804,4638,1527
06073002902,5272,2424
06073002903,3717,1402
06073002904,7316,2251
06073002905,4022,1740
06073003001,4226,1243
06073003003,5062,1590
06073003004,4940,1376
06073003101,3785,1093
06073003103,6256,1666
06073003105,4167,1063
06073003107,5992,1615
06073003108,3520,980
06073003109,3358,819
06073003111,6183,1739
06073003112,4574,1268
06073003113,5043,1283
06073003114,3341,805
06073003115,6454,1780
06073003201,4932,1493
06073003202,4551,1334
06073003204,3453,1088
06073003207,5890,2173
06073003208,6619,2269
06073003209,5385,1768
06073003211,3165,894
06073003212,4053,1102
06073003213,4193,1075
06073003214,4610,1507
06073003301,3337,946
06073003303,4193,1184
06073003304,3563,1010
06073003305,5738,1592
06073003401,6065,2079
06073003403,4283,1115
06073003404,4634,1141
06073003501,4255,1101
06073003502,4946,1284
06073003601,3250,785
06073003602,3079,726
06073003603,4228,1087
06073003800,6530,0
06073003901,4241,1052
06073003902,4927,1327
06073004000,5160,1268
06073004100,6546,2775
06073004200,5673,2523
06073004300,3665,1878
06073004400,3866,1883
06073004501,2875,1444
06073004600,1940,1135
06073004700,1858,718
06073004800,4115,1210
06073004900,5028,1418
06073005000,2227,648
06073005100,7140,3494
06073005200,4563,3817
06073005300,6667,3004
06073005400,7435,6308
06073005500,198,13
06073005600,4463,3200
06073005700,1948,938
06073005800,2725,2306
06073005900,2821,2106
06073006000,3536,2225
06073006100,2237,1264
06073006200,144,78
06073006300,3435,7
06073006500,2569,1485
06073006600,1920,503
06073006801,2503,1439
06073006802,5032,2438
06073006900,5148,2262
06073007002,2947,1265
06073007100,5029,2521
06073007200,5493,1627
06073007301,4948,3033
06073007302,2060,898
06073007400,6590,3230
06073007501,4040,2395
06073007502,3227,1859
06073007600,5607,4039
06073007701,3703,2362
06073007702,3849,2268
06073007800,5724,2671
06073007903,4487,2603
06073007905,2584,1679
06073007907,3048,1745
06073007908,2819,1542
06073007910,2797,1721
06073008002,2522,1107
06073008003,3334,1868
06073008006,3805,2175
06073008101,4009,2367
06073008102,3395,1563
06073008200,3022,2284
06073008301,3094,1313
06073008303,3446,1752
06073008305,10482,820
06073008306,2997,1210
06073008307,3794,1624
06073008310,5392,2483
06073008311,2884,1188
06073008312,3629,2089
06073008313,2225,914
06073008324,6600,3079
06073008327,5775,2496
06073008328,5162,1697
06073008329,6347,3346
06073008330,5668,2078
06073008331,2466,897
06073008333,13748,4752
06073008335,10541,3257
06073008336,2332,742
06073008337,4316,1320
06073008339,1853,878
06073008340,8988,4636
06073008341,7614,3950
06073008343,4587,2056
06073008344,3462,1281
06073008345,3254,1658
06073008346,4615,1616
06073008347,6358,2023
06073008348,5259,1810
06073008349,3514,1083
06073008350,6493,2233
06073008351,4261,1366
06073008352,3517,1122
06073008353,5048,1574
06073008354,5972,2093
06073008355,3365,968
06073008356,3629,1362
06073008357,4345,1500
06073008358,6554,2216
06073008359,3975,1812
06073008360,5857,2192
06073008361,2642,1561
06073008362,3141,1722
06073008363,4921,2307
06073008364,4992,2853
06073008365,2979,909
06073008366,5881,1793
06073008501,5271,2176
06073008502,6241,2404
06073008503,6599,2963
06073008504,6021,2393
06073008505,5605,2174
06073008506,4042,1574
06073008507,7627,2977
06073008509,6647,2770
06073008510,6626,2889
06073008511,2633,1361
06073008512,4193,1670
06073008513,2691,1127
06073008600,6864,2040
06073008701,3361,1276
06073008702,5206,1806
06073008800,6188,2012
06073008901,4805,2547
06073008902,2221,1492
06073009000,3861,1327
06073009101,5318,2387
06073009102,3537,1849
06073009103,3679,1692
06073009104,2775,1177
06073009106,3882,974
06073009107,3688,1967
06073009201,5014,1736
06073009202,4428,1958
06073009301,4164,1770
06073009304,7944,4835
06073009305,4488,2197
06073009306,5589,2497
06073009400,5028,533
06073009502,3659,1542
06073009504,5914,1846
06073009505,6442,2759
06073009506,4258,1660
06073009507,3369,1478
06073009509,4136,2174
06073009510,5087,1277
06073009511,4427,1034
06073009602,3775,1749
06073009603,4533,2841
06073009604,3179,1442
06073009703,3446,1392
06073009704,5750,2489
06073009705,3652,1524
06073009706,6996,2973
06073009801,4894,2297
06073009802,6101,2515
06073009804,4773,1837
06073009805,4715,2033
06073009901,626,12
06073009902,2,1
06073010001,4097,1136
06073010003,5906,1478
06073010004,4679,1093
06073010005,7366,1966
06073010009,6693,1696
06073010010,5510,1754
06073010011,3633,932
06073010012,4581,1269
06073010013,5484,1533
06073010014,17679,3834
06073010015,2803,674
06073010103,5569,1759
06073010104,3217,1067
06073010106,5200,1549
06073010107,6498,1789
06073010109,4595,1179
06073010110,7298,2176
06073010111,3072,811
06073010112,4764,1420
06073010200,6800,2940
06073010300,4507,1595
06073010401,2458,803
06073010402,5558,1921
06073010501,1433,588
06073010502,5514,2023
06073010601,2127,1202
06073010800,2390,1228
06073010900,1750,827
06073011000,2799,1534
06073011100,3698,1802
06073011300,6520,52
06073011601,5891,1738
06073011602,3228,1028
06073011700,6773,2395
06073011801,3961,1124
06073011802,6741,1899
06073011902,5246,1737
06073012002,3285,1188
06073012003,3351,909
06073012101,2235,701
06073012102,3279,937
06073012200,3326,954
06073012302,1586,789
06073012303,3431,1506
06073012304,3434,1453
06073012401,3676,1429
06073012402,5445,2116
06073012501,3858,1596
06073012502,4466,1602
06073012600,5047,1648
06073012700,4955,1944
06073012800,3913,1434
06073012900,3374,1153
06073013000,5903,1947
06073013102,6487,2259
06073013103,2668,769
06073013104,5893,1947
06073013203,6464,2195
06073013204,4014,1152
06073013205,2381,667
06073013206,6544,2492
06073013301,5180,1565
06073013302,4933,1356
06073013303,4909,1498
06073013306,4773,1339
06073013307,3966,1089
06073013308,3731,1000
06073013309,7005,2013
06073013310,28960,8725
06073013311,9463,2943
06073013312,2853,817
06073013313,9464,2984
06073013314,14837,4417
06073013401,4203,1451
06073013409,5380,1880
06073013410,7073,2264
06073013411,4999,1714
06073013412,5086,1850
06073013414,7227,2254
06073013415,1567,543
06073013416,3780,1253
06073013417,2087,624
06073013418,5998,2114
06073013419,7922,2401
06073013420,3471,1134
06073013421,4695,1448
06073013503,5776,2125
06073013504,3471,1208
06073013505,4725,1903
06073013506,3509,1052
06073013601,5053,1986
06073013604,6147,2228
06073013605,5622,2128
06073013606,6386,2832
06073013701,2352,925
06073013702,5357,1731
06073013801,4771,1738
06073013802,2957,937
06073013903,4116,1368
06073013905,3676,1189
06073013906,4701,1599
06073013907,4185,1326
06073013908,3708,1119
06073013909,4489,1273
06073014001,4630,1607
06073014002,4488,1312
06073014101,3507,1188
06073014102,3768,1106
06073014200,6277,1970
06073014300,3618,1293
06073014400,3523,1600
06073014500,3749,1444
06073014601,4795,2267
06073014602,4729,1878
06073014700,7605,3272
06073014803,4690,2542
06073014804,4351,2219
06073014805,4328,2110
06073014806,2577,1412
06073014901,4243,1916
06073014902,3186,1496
06073015000,6193,2855
06073015100,4769,2041
06073015200,3879,1526
06073015301,3179,1066
06073015302,4075,1458
06073015403,2508,881
06073015404,7626,2717
06073015405,5765,1989
06073015406,2492,892
06073015501,4955,1847
06073015502,2748,1023
06073015601,5937,2107
06073015602,2536,812
06073015701,6239,2268
06073015703,7102,2386
06073015704,4024,1482
06073015801,3550,1453
06073015802,4673,1519
06073015901,3450,1078
06073015902,5220,1855
06073016000,2419,941
06073016100,5788,2310
06073016201,5843,2250
06073016202,3337,1528
06073016301,4919,1863
06073016302,5444,1850
06073016401,4996,1688
06073016402,7452,2725
06073016502,6915,2418
06073016503,2784,1107
06073016504,6253,2514
06073016605,7339,3313
06073016606,3388,1273
06073016607,6365,2393
06073016608,2526,823
06073016609,5227,1781
06073016610,4163,1504
06073016612,6143,2137
06073016613,1860,705
06073016614,3912,1369
06073016615,3059,863
06073016616,4067,1443
06073016617,3102,1519
06073016701,8666,3348
06073016702,6944,2809
06073016802,6942,2848
06073016804,7292,2682
06073016806,4081,1489
06073016807,7135,2561
06073016809,5486,1944
06073016810,2792,924
06073016811,4374,1665
06073016901,6909,2603
06073016902,2341,844
06073017006,2876,1069
06073017009,4024,1470
06073017010,3152,1035
06073017014,2416,1725
06073017015,7295,3224
06073017018,3834,1742
06073017019,5883,3146
06073017020,3694,1404
06073017021,3177,1105
06073017022,5316,2202
06073017029,8823,3404
06073017030,17064,6147
06073017031,3853,1445
06073017032,13593,4404
06073017033,4694,1579
06073017034,4747,1711
06073017035,2354,833
06073017036,3276,1223
06073017037,5880,2074
06073017039,6921,2800
06073017040,4363,1438
06073017041,6147,2177
06073017042,7869,2721
06073017043,5535,2056
06073017044,5570,1886
06073017045,2790,861
06073017046,3678,1418
06073017047,4021,1411
06073017048,6123,2216
06073017049,2919,960
06073017050,3068,1064
06073017051,4301,2128
06073017052,4796,2254
06073017053,3364,1133
06073017054,5810,2091
06073017055,5483,2027
06073017056,4144,1774
06073017104,3907,1502
06073017106,4973,2183
06073017107,2871,1009
06073017108,4658,1706
06073017109,6650,2224
06073017110,10622,3793
06073017200,4146,2590
06073017303,3018,1344
06073017304,5508,3159
06073017305,2969,1361
06073017306,2818,1297
06073017401,5355,2685
06073017403,4922,2104
06073017404,6338,2728
06073017501,2769,1429
06073017502,3641,1306
06073017601,4941,2257
06073017603,2476,1004
06073017604,7040,3279
06073017701,5275,2666
06073017702,2777,1525
06073017801,6539,2737
06073017808,5975,2697
06073017809,2293,882
06073017810,4942,2162
06073017811,6355,2950
06073017813,4106,2155
06073017900,6958,3239
06073018000,3711,2250
06073018100,5659,2769
06073018200,6847,2678
06073018300,2166,2699
06073018400,3566,1816
06073018504,6631,2654
06073018507,9097,2988
06073018509,4968,1720
06073018510,2975,887
06073018511,5003,1897
06073018512,3397,2161
06073018513,9081,3585
06073018514,7947,3000
06073018515,4494,2072
06073018516,3992,1302
06073018517,4127,2023
06073018518,3175,851
06073018519,5891,1453
06073018601,4779,1582
06073018603,6810,2272
06073018608,3175,1150
06073018609,6133,1811
06073018610,7635,2016
06073018611,8052,2444
06073018612,3331,1068
06073018613,3477,1276
06073018614,6494,2570
06073018700,37452,7238
06073018801,3614,1368
06073018802,8122,3534
06073018803,4564,2005
06073018903,4861,1757
06073018904,5640,2033
06073018905,6765,2105
06073018906,6033,2153
06073019001,5946,2488
06073019002,1759,603
06073019101,7458,2653
06073019103,6373,2364
06073019105,5722,2472
06073019106,9131,3251
06073019107,2104,812
06073019203,2866,993
06073019205,6163,2173
06073019206,5614,1380
06073019207,8416,2898
06073019208,3305,1240
06073019301,6936,2296
06073019302,7344,3117
06073019303,6538,2268
06073019403,5255,1573
06073019404,3984,838
06073019405,3592,1255
06073019406,4628,1565
06073019501,4147,905
06073019502,5715,1363
06073019503,4795,1542
06073019601,6291,2213
06073019602,5464,1734
06073019701,6022,2330
06073019702,4933,1728
06073019803,4465,1817
06073019804,4447,1705
06073019805,3763,1656
06073019806,11116,4149
06073019808,4321,2331
06073019809,4005,1655
06073019902,4078,1312
06073019903,4371,1568
06073019904,6538,2886
06073019905,4256,1827
06073020013,12473,4614
06073020014,7006,3262
06073020015,3841,1913
06073020016,9314,3189
06073020017,3282,1240
06073020018,7708,2102
06073020019,6832,2988
06073020020,7477,2146
06073020021,6423,1697
06073020022,7404,2459
06073020023,3941,1274
06073020024,4175,1529
06073020025,4626,1816
06073020026,4089,1825
06073020027,13665,5268
06073020028,3479,952
06073020029,4819,1928
06073020103,10235,3464
06073020105,3801,1603
06073020106,3803,1185
06073020107,3837,1213
06073020108,5813,1682
06073020109,5127,1331
06073020202,6689,1743
06073020206,5217,1285
06073020207,4765,1417
06073020208,2501,664
06073020209,4748,1889
06073020210,4639,1686
06073020211,6702,2177
06073020213,4028,1063
06073020214,5143,1538
06073020304,6061,2453
06073020305,5984,2252
06073020306,8694,3524
06073020307,7170,2801
06073020308,5743,2841
06073020309,3945,1238
06073020401,2369,967
06073020403,4107,1272
06073020404,5070,1936
06073020405,3412,1317
06073020500,5196,1507
06073020601,5560,1557
06073020602,5859,2055
06073020705,4635,1454
06073020706,6286,2229
06073020707,4734,1609
06073020708,3437,1235
06073020709,8007,2606
06073020710,1749,695
06073020801,5230,1941
06073020805,3501,1154
06073020806,5846,2074
06073020807,2599,1042
06073020809,6778,2237
06073020810,5266,1807
06073020811,5650,2180
06073020902,2122,1197
06073020903,3192,1766
06073020904,3075,1925
06073021000,4440,3708
06073021100,7589,3376
06073021202,3156,1386
06073021204,5239,1916
06073021205,6801,2768
06073021206,2995,1165
06073021302,7361,1700
06073021303,8981,2796
06073021304,2616,868
06073021400,7225,2970
06073021500,8846,2772
06073021600,3391,1954
06073021800,2022,1035
06073021900,6816,777
06073022000,4186,1211
06073022100,9082,3763
06073990100,0,0
06075010100,3739,2267
06075010200,4143,2969
06075010300,3852,2341
06075010400,4545,2884
06075010500,2685,1985
06075010600,3894,2286
06075010700,5592,3025
06075010800,4578,2719
06075010900,4320,2891
06075011000,4827,2714
06075011100,5164,3388
06075011200,3286,2331
06075011300,3143,1675
06075011700,1783,1416
06075011800,1500,800
06075011901,2408,1711
06075011902,2598,1981
06075012000,3833,2796
06075012100,3833,2406
06075012201,4567,2906
06075012202,2986,1633
06075012301,2734,1786
06075012302,3073,2388
06075012401,5075,2934
06075012402,3974,2517
06075012501,5335,2518
06075012502,3821,2309
06075012601,2329,1640
06075012602,2909,1924
06075012700,3492,2278
06075012800,4106,2629
06075012901,2557,1696
06075012902,3376,2215
06075013000,4044,2678
06075013101,3811,2639
06075013102,2625,1752
06075013200,4162,2590
06075013300,4232,2090
06075013400,3599,2180
06075013500,2556,1857
06075015100,2493,1904
06075015200,3934,2624
06075015300,2040,1051
06075015400,5621,3088
06075015500,3622,2441
06075015600,2728,1400
06075015700,7832,2754
06075015801,3594,1764
06075015802,2965,1581
06075015900,4350,2413
06075016000,2465,1847
06075016100,5366,2873
06075016200,2541,1742
06075016300,4293,2185
06075016400,3778,1951
06075016500,5083,2483
06075016600,5069,2668
06075016700,4652,2448
06075016801,3218,1734
06075016802,3264,1900
06075016900,2924,1724
06075017000,3689,2332
06075017101,3544,1898
06075017102,3451,1805
06075017601,7630,5296
06075017700,2128,801
06075017801,3499,2479
06075017802,4516,2425
06075017902,2880,786
06075018000,4221,1595
06075020100,6172,3303
06075020200,6269,3390
06075020300,3034,1782
06075020401,2846,1745
06075020402,3997,2601
06075020500,2583,1397
06075020600,4711,2807
06075020700,5171,2884
06075020800,6577,2718
06075020900,4372,1899
06075021000,4196,2140
06075021100,3853,2039
06075021200,2779,1505
06075021300,2474,1258
06075021400,3264,1770
06075021500,5096,2627
06075021600,3836,2165
06075021700,3948,1876
06075021800,3840,1884
06075022600,1534,944
06075022702,2060,1052
06075022704,3122,1717
06075022801,5078,1971
06075022802,2099,630
06075022803,4595,1606
06075022901,4640,1500
06075022902,2617,839
06075022903,3384,1167
06075023001,5216,1380
06075023003,4093,1213
06075023102,3478,1272
06075023103,3725,1301
06075023200,4582,1326
06075023300,2624,1000
06075023400,3660,1044
06075025100,3077,1357
06075025200,5369,2257
06075025300,4362,1881
06075025401,3404,1352
06075025402,2912,1107
06075025403,4267,1531
06075025500,8471,2586
06075025600,5618,1629
06075025701,4788,1404
06075025702,4665,1291
06075025800,1960,613
06075025900,4261,1410
06075026001,5863,1579
06075026002,3544,984
06075026003,4908,1369
06075026004,4315,1205
06075026100,6810,1953
06075026200,7564,2010
06075026301,4875,1343
06075026302,4992,1523
06075026303,4551,1299
06075026401,4044,1062
06075026402,4118,1168
06075026403,4140,1120
06075026404,2851,699
06075030101,4233,2158
06075030102,4838,2338
06075030201,3928,1950
06075030202,4313,2229
06075030301,5658,2522
06075030302,3549,1452
06075030400,5106,2004
06075030500,3046,1056
06075030600,2221,901
06075030700,6343,2747
06075030800,5667,2315
06075030900,6581,2435
06075031000,3494,1322
06075031100,6193,2590
06075031201,6167,1861
06075031202,3137,879
06075031301,3826,1304
06075031302,5495,1901
06075031400,6676,1911
06075032601,4416,1845
06075032602,4316,1743
06075032700,6572,2559
06075032801,4238,1521
06075032802,4047,1540
06075032901,5021,1806
06075032902,3831,1394
06075033000,7764,2821
06075033100,3968,1508
06075033201,3683,794
06075033203,3472,1614
06075033204,3821,1770
06075035100,7842,2895
06075035201,5300,1975
06075035202,4322,1891
06075035300,7226,2557
06075035400,6691,2488
06075040100,4088,2022
06075040200,5191,2559
06075042601,3687,1855
06075042602,3243,1548
06075042700,5326,2576
06075042800,2376,1008
06075045100,4996,2290
06075045200,6474,2980
06075047600,5137,2338
06075047701,4334,2019
06075047702,3824,1667
06075047801,4005,1770
06075047802,3656,1617
06075047901,6400,2893
06075047902,3536,1631
06075060100,3235,1160
06075060400,1689,1052
06075060502,3216,1005
06075060700,9083,4751
06075061000,3610,1334
06075061100,4307,2351
06075061200,4089,1235
06075061400,5395,2552
06075061500,11502,8255
06075980200,320,68
06075980300,171,37
06075980401,0,1
06075980501,797,229
06075980600,467,163
06075980900,350,160
06075990100,0,0
06077000100,3863,2320
06077000300,2396,1074
06077000401,3043,1418
06077000402,4582,2281
06077000500,2749,912
06077000600,2279,654
06077000700,5269,1466
06077000801,6692,1820
06077000900,5859,2148
06077001000,4915,2134
06077001101,4931,1888
06077001102,4889,2114
06077001200,5303,1909
06077001300,4903,2079
06077001400,4425,1973
06077001500,8384,2562
06077001600,2383,723
06077001700,3998,1215
06077001800,3939,1157
06077001900,5592,1579
06077002000,3977,1217
06077002100,5546,1528
06077002201,2771,840
06077002202,5417,1419
06077002300,5020,1460
06077002401,5001,1338
06077002402,2219,635
06077002503,2560,702
06077002504,3982,1059
06077002701,6409,1917
06077002702,4239,1140
06077002800,6052,1676
06077003106,3600,1816
06077003108,4450,1951
06077003109,5630,2323
06077003110,3708,1689
06077003111,3754,1827
06077003112,2974,1438
06077003113,6256,2316
06077003114,10129,3769
06077003203,3519,1473
06077003205,3537,1335
06077003208,12534,3840
06077003209,3540,1325
06077003210,2800,1102
06077003213,4571,1550
06077003214,3054,1011
06077003215,3855,1738
06077003216,2725,931
06077003217,3201,1043
06077003305,3704,1546
06077003306,4229,1469
06077003307,4559,1856
06077003308,1590,717
06077003310,4191,1510
06077003311,3303,1131
06077003312,3220,1080
06077003313,2926,1112
06077003403,4586,1169
06077003404,5842,1815
06077003405,4214,1109
06077003406,3700,1252
06077003407,2914,996
06077003409,4450,1414
06077003410,5778,1742
06077003500,20177,6008
06077003601,3453,1352
06077003602,3272,1099
06077003700,3570,1172
06077003801,12552,3320
06077003802,6519,1790
06077003803,5281,1149
06077003900,1749,617
06077004001,2508,921
06077004002,10717,3596
06077004102,8072,2464
06077004104,3265,1244
06077004105,4920,1928
06077004106,1913,680
06077004201,6412,2698
06077004202,1687,742
06077004203,3883,1586
06077004204,3006,1486
06077004302,5718,2383
06077004303,4610,1997
06077004305,5702,2181
06077004307,3753,1593
06077004308,3870,1259
06077004402,4998,1803
06077004403,4230,1137
06077004404,3670,1115
06077004501,2327,957
06077004502,4450,1323
06077004600,5892,2214
06077004701,2757,1054
06077004703,3709,1409
06077004704,4894,1807
06077004800,5423,2001
06077004901,7214,2649
06077004902,6106,2204
06077005001,5569,2150
06077005003,5417,1880
06077005004,5702,2000
06077005106,6017,1858
06077005108,4463,1500
06077005109,4016,1512
06077005110,6488,2259
06077005113,6156,2351
06077005114,7721,2361
06077005119,6006,1818
06077005122,4829,1675
06077005123,4493,1634
06077005124,3438,1331
06077005125,1859,675
06077005126,4131,1419
06077005127,5510,1522
06077005129,3582,1063
06077005130,3186,940
06077005131,4173,1291
06077005132,3257,1097
06077005133,4249,1403
06077005134,4743,1584
06077005135,5139,1883
06077005202,6765,2153
06077005206,16787,5437
06077005207,13899,3910
06077005208,5784,2014
06077005209,6858,2012
06077005210,11433,3338
06077005302,6507,2284
06077005303,4694,1678
06077005305,6495,2022
06077005307,3214,1068
06077005308,4189,1466
06077005403,5875,1877
06077005405,3417,1146
06077005406,3262,1092
06077005501,5268,762
06077005502,1806,600
06079010002,3030,2949
06079010016,4864,1952
06079010101,1843,813
06079010102,6989,2790
06079010201,6981,2816
06079010202,5491,1985
06079010204,5731,2203
06079010205,4159,1406
06079010300,10043,3999
06079010403,3788,2754
06079010404,2249,1311
06079010503,5339,3246
06079010504,2592,2354
06079010602,3836,2413
06079010603,1287,794
06079010701,4650,2045
06079010703,3487,1422
06079010707,5751,2875
06079010901,8319,1072
06079010902,3874,1482
06079011001,5314,2328
06079011002,2877,1395
06079011101,3592,2049
06079011102,5127,2602
06079011103,2737,1438
06079011200,7355,3187
06079011300,7745,3146
06079011400,6446,6
06079011501,1783,840
06079011503,3624,1452
06079011504,1362,297
06079011600,4292,2245
06079011701,4301,2880
06079011704,3336,2692
06079011800,7138,3110
06079011901,2987,1439
06079011902,8245,3592
06079012000,7232,3151
06079012102,5957,2607
06079012200,7024,2975
06079012302,5137,2206
06079012304,8954,4137
06079012401,6621,2044
06079012402,9097,3335
06079012502,4985,2084
06079012503,5240,2423
06079012505,4891,1931
06079012600,7793,3140
06079012702,6550,2828
06079012704,8650,3587
06079012800,1107,60
06079012900,5296,2156
06079013000,2539,1272
06079990000,0,0
06081600100,4854,2166
06081600200,4154,1118
06081600300,4027,1333
06081600401,3240,1096
06081600402,5068,1288
06081600500,7443,2225
06081600600,5352,1530
06081600700,7568,2218
06081600800,6768,2967
06081600900,3933,1505
06081601000,6913,2075
06081601100,5716,1966
06081601200,6252,2090
06081601300,7510,2498
06081601400,6658,2000
06081601501,5063,1363
06081601502,5125,1773
06081601601,2893,1060
06081601603,5800,1964
06081601604,2510,1226
06081601605,6189,1749
06081601700,4286,1346
06081601800,6148,2073
06081601901,4119,1429
06081601902,5639,2344
06081602000,7649,2575
06081602100,3615,1003
06081602200,8084,2646
06081602300,3753,1117
06081602400,6679,2733
06081602500,5092,1563
06081602600,8167,2803
06081602700,5795,1960
06081602800,4522,1539
06081602900,3846,1703
06081603000,4143,1970
06081603100,3275,1280
06081603200,3828,1488
06081603300,6404,2467
06081603400,5483,2143
06081603700,5430,1774
06081603801,2242,1345
06081603802,5056,1967
06081603900,5284,2172
06081604000,3160,1168
06081604101,7993,2631
06081604102,2321,1389
06081604200,4170,1135
06081604400,4448,1749
06081604500,3402,1372
06081604600,2599,947
06081604700,2781,1010
06081604800,5059,1992
06081604900,3243,1302
06081605000,7603,2970
06081605100,3014,1458
06081605200,3626,1348
06081605300,4602,2016
06081605400,6147,2733
06081605500,4914,2909
06081605600,5556,2032
06081605700,5273,1881
06081605800,2640,1064
06081605900,5579,2703
06081606000,4959,2280
06081606100,4246,1399
06081606200,8107,2317
06081606300,4073,2031
06081606400,4820,2811
06081606500,3613,1371
06081606600,3703,1481
06081606700,2348,996
06081606800,3234,1326
06081606900,2470,891
06081607000,3241,1455
06081607100,2879,1129
06081607200,4197,1843
06081607300,3529,1371
06081607400,4451,1943
06081607500,3636,1645
06081607600,3342,1288
06081607701,3954,1231
06081607702,2859,810
06081607800,3160,1017
06081607900,3182,1788
06081608001,3393,1542
06081608002,3517,1401
06081608004,6521,3021
06081608013,4049,1562
06081608023,2549,873
06081608100,3523,1330
06081608200,3614,1349
06081608300,3401,1380
06081608400,5546,2267
06081608501,4829,1799
06081608502,2637,1225
06081608600,4359,1858
06081608700,6974,2832
06081608800,5696,2179
06081608900,6556,3193
06081609000,2562,1105
06081609100,1525,602
06081609201,3574,1715
06081609202,3616,1961
06081609300,3315,1285
06081609400,3278,1174
06081609500,4829,1818
06081609601,2944,1263
06081609602,1667,680
06081609603,5318,2179
06081609700,4386,1653
06081609800,4492,1741
06081609900,2944,1116
06081610000,4531,2084
06081610100,2484,920
06081610201,5764,1777
06081610202,2429,831
06081610203,3436,1002
06081610302,2108,882
06081610303,7336,3075
06081610304,4023,1868
06081610400,5623,1657
06081610500,4963,1326
06081610601,6257,1566
06081610602,3386,1192
06081610700,5207,2139
06081610800,4721,1667
06081610900,6932,2475
06081611000,5707,2341
06081611100,5913,2311
06081611200,3005,1096
06081611300,4757,2031
06081611400,4237,1515
06081611500,2677,1015
06081611600,2262,843
06081611700,5970,1461
06081611800,4433,919
06081611900,10325,2657
06081612000,7327,1629
06081612100,7041,3033
06081612500,4153,2211
06081612600,4156,2291
06081612700,2202,826
06081612800,3296,1213
06081612900,4356,1832
06081613000,3386,1605
06081613200,6494,2735
06081613300,2723,1103
06081613400,3093,1297
06081613501,4141,1353
06081613502,5975,2423
06081613600,6018,2324
06081613700,8755,3484
06081613800,4005,1995
06081613900,6064,2267
06081614000,5458,1775
06081984300,0,0
06081990100,0,0
06083000101,6495,2479
06083000102,5245,2326
06083000103,3196,1348
06083000200,4299,2147
06083000301,2810,1407
06083000302,4138,1995
06083000400,4659,2496
06083000501,3263,1447
06083000502,5874,2554
06083000600,4629,2327
06083000700,6408,2393
06083000801,4059,1199
06083000804,7189,2202
06083000900,3266,1746
06083001000,6270,2957
06083001101,4738,1605
06083001102,4740,1395
06083001203,2757,1339
06083001206,4480,1713
06083001208,4096,1806
06083001304,7522,3069
06083001306,3230,1502
06083001402,3392,1996
06083001500,3091,1612
06083001601,5270,1812
06083001604,5190,2619
06083001704,2565,989
06083001706,4693,2359
06083001800,1245,666
06083001901,7805,3004
06083001903,5764,2716
06083001905,3231,1421
06083001906,5870,2655
06083002005,4967,1989
06083002006,2240,886
06083002007,9554,3730
06083002008,6451,2370
06083002009,3826,1397
06083002010,4375,1565
06083002011,5317,1745
06083002012,3036,1283
06083002013,2737,1052
06083002101,3873,1324
06083002102,2084,779
06083002103,3930,1563
06083002205,4997,1520
06083002206,4782,1630
06083002209,3321,907
06083002210,6035,1615
06083002211,5366,2159
06083002303,6765,1402
06083002304,6687,1447
06083002305,7556,1492
06083002306,8810,2515
06083002402,11406,3041
06083002403,6811,1533
06083002404,7800,1752
06083002502,7345,1996
06083002604,3582,93
06083002606,3344,1036
06083002702,7395,2469
06083002703,4165,1482
06083002705,4210,1663
06083002706,6054,2034
06083002707,2287,1057
06083002708,2568,1149
06083002802,7024,2627
06083002806,2266,816
06083002808,6506,2710
06083002809,5035,1767
06083002906,4016,1447
06083002907,4190,1616
06083002909,5963,1829
06083002913,3596,1590
06083002914,3248,1414
06083002915,580,300
06083002922,8839,854
06083002924,5833,1493
06083002926,5328,1747
06083002928,4089,1291
06083002930,7328,3017
06083002932,2499,918
06083003001,5547,2146
06083003004,4874,1635
06083003005,4999,1603
06083003007,3653,1667
06083003102,3306,1336
06083980000,10,7
06083980100,11,28
06083990000,0,0
06085500100,6339,2198
06085500200,5822,2134
06085500300,3140,1313
06085500400,2369,1010
06085500500,5275,2079
06085500600,4586,2226
06085500800,2600,1881
06085500901,3723,2226
06085500902,4523,679
06085501000,4769,2190
06085501101,4074,1824
06085501102,4477,1401
06085501200,4186,1438
06085501300,4153,1427
06085501401,3295,1019
06085501402,2947,879
06085501501,4278,1180
06085501502,4549,1123
06085501600,6854,2649
06085501700,4916,1302
06085501800,5085,1771
06085501900,4641,2374
06085502001,5022,2091
06085502002,4887,1653
06085502101,4798,1988
06085502102,7469,2704
06085502201,6260,2832
06085502202,2870,1461
06085502301,3245,1389
06085502302,2826,1303
06085502400,6813,2921
06085502500,6187,2525
06085502601,2626,1259
06085502603,2527,1058
06085502604,4320,2339
06085502701,4874,2020
06085502702,8042,3257
06085502800,4102,1413
06085502901,5919,2286
06085502902,7200,2716
06085502903,5075,1962
06085502906,4521,1655
06085502907,3912,1339
06085502908,6683,2413
06085502909,5073,2054
06085502910,3656,1506
06085503001,4063,1635
06085503002,3506,1318
06085503003,5099,1798
06085503105,2484,771
06085503108,7894,2844
06085503110,4618,1104
06085503111,5101,1096
06085503112,4025,1520
06085503113,4760,1337
06085503115,6027,2595
06085503116,5240,2222
06085503117,3120,736
06085503118,5474,1673
06085503121,4499,1544
06085503122,3449,1191
06085503123,3585,1666
06085503204,8175,2202
06085503207,3938,1022
06085503208,3985,869
06085503210,4453,957
06085503211,4744,1125
06085503212,4058,950
06085503213,4494,1233
06085503214,7253,2128
06085503217,4512,1059
06085503218,4471,1137
06085503304,6916,1822
06085503305,6069,1449
06085503306,4311,890
06085503312,3365,1074
06085503313,4582,1279
06085503315,7481,1983
06085503321,4658,1088
06085503322,4173,1022
06085503323,4688,1196
06085503324,3543,897
06085503325,4448,1143
06085503326,6650,1740
06085503327,4712,1450
06085503329,3461,972
06085503330,7618,2093
06085503331,3173,1416
06085503332,5363,2569
06085503333,4585,1296
06085503334,8854,2622
06085503336,3492,867
06085503337,3772,948
06085503401,4915,946
06085503402,5263,1184
06085503504,6463,1197
06085503506,6432,1259
06085503507,2182,380
06085503508,6219,1268
06085503509,4040,872
06085503510,5968,1340
06085503511,3665,831
06085503601,2992,891
06085503602,4741,1285
06085503703,4271,899
06085503707,5462,1404
06085503708,2725,735
06085503709,5088,1403
06085503710,3599,959
06085503711,4763,1006
06085503712,4108,1357
06085503713,2974,1122
06085503802,7884,2295
06085503803,4477,1365
06085503804,4980,1605
06085503902,5440,1490
06085503903,3301,920
06085504001,6017,1514
06085504002,5875,1367
06085504101,4273,1036
06085504102,5480,1342
06085504201,4779,1706
06085504202,4530,1538
06085504307,5563,1754
06085504308,4415,1500
06085504311,7062,2355
06085504314,4753,1309
06085504315,6562,1966
06085504316,4839,1401
06085504317,4429,1222
06085504318,5265,1662
06085504319,6936,2017
06085504320,2903,844
06085504321,5346,1552
06085504322,5263,2116
06085504323,5741,1835
06085504410,4431,1221
06085504411,5450,1535
06085504412,4901,1297
06085504413,1714,692
06085504414,5092,1509
06085504415,5116,1530
06085504416,3591,1089
06085504417,323,116
06085504418,4883,1323
06085504420,4555,1383
06085504421,4733,1344
06085504422,3672,1015
06085504423,2373,654
06085504504,9882,2749
06085504505,4418,1310
06085504506,5924,2169
06085504507,5768,1694
06085504601,817,365
06085504602,2144,637
06085504700,719,188
06085504802,5242,1813
06085504803,5756,2548
06085504805,5294,2375
06085504806,2930,779
06085504901,9530,4176
06085505001,9741,3713
06085505006,3898,2008
06085505007,4083,995
06085505008,5254,2771
06085505009,6256,2403
06085505100,3027,1481
06085505202,5867,2297
06085505203,4809,1533
06085505301,4424,1373
06085505302,4015,1475
06085505303,5940,2198
06085505304,3265,1096
06085505305,5514,2108
06085505401,5957,2557
06085505402,3026,1160
06085505403,6595,2775
06085505500,3911,1647
06085505600,3880,1348
06085505700,5751,2420
06085505800,3741,1597
06085505900,7079,3187
06085506000,4617,1905
06085506101,4615,1738
06085506102,3808,1606
06085506103,4699,1702
06085506202,6959,2637
06085506203,6163,2532
06085506204,6064,2169
06085506301,5334,2428
06085506302,6388,2559
06085506304,4958,2160
06085506305,7191,2591
06085506401,4380,2162
06085506402,5733,2331
06085506501,7710,2596
06085506502,3907,2040
06085506503,6045,2751
06085506601,4482,1770
06085506603,4070,1421
06085506604,7324,2645
06085506605,3941,1578
06085506606,4453,1704
06085506701,3954,1381
06085506702,5455,2143
06085506703,3625,1470
06085506801,5871,2311
06085506802,5237,1947
06085506803,6883,2466
06085506804,3629,1372
06085506900,7436,2740
06085507001,6504,3290
06085507002,2800,1079
06085507100,2683,1377
06085507203,2632,1203
06085507205,4475,1961
06085507206,2724,1036
06085507301,6555,2553
06085507302,2725,1091
06085507401,5624,1947
06085507402,3881,1524
06085507500,5810,2047
06085507600,5563,2065
06085507701,4039,1397
06085507702,6126,2091
06085507703,7706,2812
06085507805,5397,2191
06085507806,5889,2039
06085507807,3219,1053
06085507808,5508,1822
06085507903,4828,1634
06085507904,3367,1114
06085507905,5784,2211
06085507906,4460,1449
06085508001,7377,2853
06085508003,2222,763
06085508004,6090,2176
06085508101,6740,2364
06085508102,3321,1310
06085508202,7684,2893
06085508203,5172,1847
06085508204,4194,1497
06085508301,4410,1567
06085508303,2562,927
06085508304,7957,3088
06085508401,6834,2612
06085508403,2817,1079
06085508404,6023,2370
06085508503,6506,2935
06085508504,7701,3321
06085508505,4392,2024
06085508507,3066,1415
06085508508,5322,1997
06085508601,3668,1415
06085508602,3839,1850
06085508703,7572,3167
06085508704,5227,2363
06085508800,3766,1473
06085508900,5273,1733
06085509000,7407,2565
06085509102,4798,2357
06085509105,6396,3216
06085509106,4171,1806
06085509107,4892,2029
06085509108,4281,1983
06085509109,4346,1965
06085509201,4603,2558
06085509202,4480,1906
06085509302,2978,1250
06085509303,3706,1920
06085509304,2871,1326
06085509401,3212,1704
06085509403,5121,2159
06085509404,6076,2610
06085509500,5565,2379
06085509600,2625,1374
06085509700,3128,1504
06085509801,5274,2303
06085509802,2719,1144
06085509901,1934,764
06085509902,4838,1908
06085510001,6116,2136
06085510002,3553,1314
06085510100,2948,1109
06085510200,4328,1559
06085510300,4020,1765
06085510400,3131,1201
06085510500,4688,1975
06085510600,6139,2467
06085510700,4775,2098
06085510801,5290,2223
06085510802,1840,726
06085510803,2558,1063
06085510900,5354,2101
06085511000,6402,2489
06085511100,5445,1962
06085511200,4849,1866
06085511301,3671,1925
06085511302,4062,2509
06085511400,3639,1456
06085511500,7513,3179
06085511608,2687,111
06085511609,3183,2006
06085511701,4017,1522
06085511702,2684,981
06085511704,4520,1707
06085511705,995,356
06085511707,3009,1314
06085511800,4009,1731
06085511905,3129,1103
06085511907,3988,1343
06085511909,7997,2645
06085511910,3042,1058
06085511911,4806,1864
06085511912,5440,1741
06085511913,4295,1443
06085511914,5684,1982
06085511915,3806,1271
06085511916,4669,1682
06085512001,6774,2022
06085512005,6711,2187
06085512017,7804,2166
06085512019,4737,1552
06085512020,6858,2646
06085512021,6087,2031
06085512022,5374,1810
06085512023,5418,1968
06085512024,4670,1710
06085512025,3203,1080
06085512026,3871,1350
06085512027,4085,1622
06085512029,6892,2301
06085512030,3074,980
06085512031,4406,1395
06085512032,3389,1037
06085512033,6125,2049
06085512034,3101,1032
06085512035,4172,1378
06085512036,4585,1900
06085512037,3214,981
06085512038,2847,1074
06085512039,4784,1327
06085512042,2841,850
06085512043,6129,1561
06085512045,5602,1834
06085512047,5461,1733
06085512052,3988,1801
06085512053,4534,1563
06085512100,1666,540
06085512200,4014,1549
06085512305,3936,1335
06085512307,6344,2297
06085512308,7006,2280
06085512309,4996,1724
06085512310,3791,1378
06085512311,3314,1181
06085512312,2899,953
06085512313,3887,1171
06085512314,5932,1979
06085512401,4782,1503
06085512402,5167,1628
06085512503,7726,2471
06085512505,7295,2130
06085512506,6686,1754
06085512508,7955,2640
06085512509,4111,1207
06085512510,6194,2289
06085512602,2997,1006
06085512603,3954,1033
06085512604,4505,1144
06085513000,8215,2982
06085513500,1144,496
06087100100,2163,818
06087100200,7071,2769
06087100300,3380,1320
06087100400,7331,403
06087100500,5370,2187
06087100600,3341,1372
06087100700,2632,1075
06087100800,6873,3116
06087100900,4236,2354
06087101000,7866,3734
06087101100,5444,2385
06087101200,3132,1366
06087110100,7466,2451
06087110200,7399,2182
06087110300,6710,1767
06087110400,7976,2002
06087110501,7646,2115
06087110502,6088,1465
06087110600,8349,2240
06087110700,3357,891
06087120200,4283,1943
06087120301,5180,2396
06087120302,2602,1153
06087120400,4993,2453
06087120500,5687,2762
06087120600,4733,2016
06087120700,4120,2151
06087120800,5863,2492
06087120900,8360,3363
06087121000,3423,1534
06087121100,2963,1287
06087121200,6114,2516
06087121300,4144,1707
06087121401,2683,949
06087121402,4373,1650
06087121403,3362,1469
06087121500,4917,2741
06087121600,6159,3389
06087121700,7458,3391
06087121800,4796,2830
06087122001,4909,2026
06087122002,3349,1407
06087122003,6543,2867
06087122100,3267,1923
06087122201,6269,3360
06087122202,2221,966
06087122203,3622,1797
06087122300,3943,2326
06087122400,7167,2787
06087122500,6670,1526
06087123100,2638,806
06087123300,1741,481
06087990100,0,0
06089010100,1581,857
06089010200,2078,1160
06089010300,3833,1667
06089010400,4417,1769
06089010500,4928,2239
06089010601,2492,995
06089010602,5429,2442
06089010603,1394,593
06089010702,3896,1697
06089010703,3240,1813
06089010704,4362,2100
06089010803,4908,2215
06089010804,2745,900
06089010805,5006,1966
06089010806,3192,1531
06089010807,4362,1823
06089010900,4293,1827
06089011001,1668,644
06089011002,5324,2313
06089011100,3096,1219
06089011209,6113,2372
06089011300,5073,2094
06089011401,3971,1534
06089011402,3350,1199
06089011403,2804,1079
06089011500,5485,2289
06089011600,3877,1663
06089011701,2240,863
06089011702,3476,1397
06089011703,3282,1365
06089011801,2464,973
06089011802,2442,1017
06089011803,2923,1324
06089011900,4511,1765
06089012000,4648,1941
06089012101,4505,1907
06089012102,1916,873
06089012200,5379,2197
06089012301,2578,1101
06089012302,5450,2127
06089012303,3913,1492
06089012400,4100,1939
06089012500,1477,1155
06089012601,5195,2527
06089012603,4134,2354
06089012604,2198,1013
06089012701,4392,2211
06089012702,3083,1772
06091010000,3240,2328
06093000100,1458,651
06093000200,1955,925
06093000300,4105,2111
06093000400,652,463
06093000500,2142,1322
06093000600,1847,930
06093000701,3755,1831
06093000702,4406,2148
06093000703,3362,1554
06093000800,3412,1827
06093000900,7231,3623
06093001000,6991,3870
06093001100,2175,1425
06093001200,1409,1230
06095250103,4292,1668
06095250104,2280,853
06095250105,6678,2258
06095250106,4412,1442
06095250200,4000,1544
06095250300,3206,1221
06095250400,3087,1281
06095250501,2071,805
06095250502,3128,1192
06095250601,4695,1575
06095250604,3842,1566
06095250605,4223,1523
06095250701,2962,1198
06095250801,3917,1637
06095250900,2798,1458
06095251000,2470,1286
06095251100,3271,1221
06095251200,3061,1226
06095251300,2938,1266
06095251400,5357,2327
06095251500,3555,1509
06095251600,2359,1170
06095251701,3372,1570
06095251702,2578,1038
06095251802,2538,1308
06095251803,4988,1473
06095251804,3655,1048
06095251901,5072,1909
06095251902,5833,1709
06095251903,5308,1664
06095252000,4157,2251
06095252102,3874,1677
06095252103,5180,2004
06095252104,5536,1784
06095252105,3256,1341
06095252106,4132,1724
06095252107,3592,1470
06095252108,3165,1301
06095252201,8761,3255
06095252202,9825,3172
06095252305,4711,1730
06095252306,3303,1296
06095252310,3156,1301
06095252311,4557,1591
06095252312,3368,1470
06095252313,5065,2349
06095252314,4113,1475
06095252315,4393,1439
06095252316,3427,1179
06095252317,6823,2166
06095252401,4559,1466
06095252402,5238,1801
06095252501,2670,977
06095252502,2275,650
06095252604,3674,1274
06095252605,5520,1978
06095252606,5148,1822
06095252607,3819,1215
06095252608,3807,1332
06095252610,3142,1078
06095252611,3263,1193
06095252702,6808,2459
06095252703,3846,1277
06095252704,5155,1776
06095252705,5962,1897
06095252706,3844,1243
06095252707,4753,1766
06095252801,2455,1045
06095252802,1359,195
06095252903,4368,1681
06095252904,4726,1949
06095252908,3626,1344
06095252909,3235,1110
06095252910,5617,2006
06095252911,4912,2949
06095252912,5625,1941
06095252913,4910,1773
06095252914,5266,1861
06095252915,3506,1091
06095253000,7810,0
06095253101,4974,2106
06095253105,5958,2566
06095253106,3296,1334
06095253107,6016,2443
06095253108,4088,1587
06095253201,4713,1877
06095253203,4147,1627
06095253204,7098,2445
06095253205,3022,1061
06095253206,3102,1030
06095253300,2743,1026
06095253402,6940,2393
06095253403,4959,1645
06095253404,6611,2203
06095253500,8423,4283
06095980000,16,3
06097150100,2322,1196
06097150202,5103,2773
06097150203,4505,2359
06097150204,3678,1817
06097150303,4170,2437
06097150304,6158,2413
06097150305,5282,1763
06097150306,4107,1773
06097150500,5283,2536
06097150601,4089,1394
06097150602,4307,1557
06097150603,7249,2739
06097150607,5369,1875
06097150609,4465,1942
06097150610,4004,1402
06097150611,4067,1509
06097150612,4325,1713
06097150701,4609,2145
06097150702,4552,1821
06097150800,4994,2071
06097150901,4904,2104
06097150902,3350,1457
06097151000,3483,1481
06097151100,5151,1952
06097151201,6855,2995
06097151203,5130,2060
06097151204,3413,1546
06097151301,4587,1651
06097151305,5405,2379
06097151306,3636,1642
06097151307,5174,1985
06097151308,4796,2165
06097151309,4865,1987
06097151310,6143,1514
06097151311,6382,2430
06097151401,7306,2337
06097151402,9177,3518
06097151502,6591,3133
06097151503,3572,1458
06097151504,3563,1403
06097151601,2901,1924
06097151602,3324,2116
06097151700,6978,3095
06097151800,5219,2241
06097151900,3158,1442
06097152000,2079,1052
06097152100,3004,1116
06097152201,3846,1815
06097152202,6763,3052
06097152203,3527,1927
06097152300,4329,1968
06097152400,10001,4452
06097152501,4178,1753
06097152502,3603,1574
06097152600,8365,3521
06097152701,5271,2222
06097152702,5242,1991
06097152801,5547,2017
06097152802,6807,2982
06097152903,5114,1578
06097152904,5095,1972
06097152905,4037,1618
06097152906,5234,2076
06097153001,6594,2554
06097153002,6827,2109
06097153003,5502,2084
06097153005,6669,2571
06097153006,7286,2919
06097153102,5742,1447
06097153103,4716,1402
06097153104,4046,1232
06097153200,7522,2264
06097153300,11010,3775
06097153401,6131,2783
06097153403,3840,1739
06097153404,4011,1873
06097153501,4319,1950
06097153502,3684,1752
06097153600,5327,2492
06097153703,3490,2827
06097153704,3728,2636
06097153705,3536,1830
06097153706,4092,2372
06097153801,9648,3360
06097153804,3239,1146
06097153806,3288,1260
06097153807,3861,1414
06097153808,4251,1646
06097153809,4336,1523
06097153901,5421,2464
06097153902,4147,1664
06097153903,3760,1705
06097154000,2597,1412
06097154100,3729,1728
06097154201,3925,1526
06097154202,5994,2519
06097154302,3747,2574
06097154303,1720,2144
06097154304,2400,1940
06097990100,0,0
06099000101,4928,1924
06099000102,3869,1461
06099000201,5908,2377
06099000202,6593,2322
06099000203,8756,3384
06099000301,1987,708
06099000302,2641,890
06099000303,5883,1792
06099000304,5003,1441
06099000402,10095,3333
06099000403,4317,1630
06099000404,5564,2206
06099000501,7165,2463
06099000503,4930,1931
06099000504,8692,3188
06099000505,4895,1773
06099000506,4295,1929
06099000510,8480,2542
06099000601,4647,1512
06099000602,2953,916
06099000801,6216,2776
06099000803,4789,1730
06099000805,6188,2095
06099000806,4231,1658
06099000807,3694,1672
06099000905,6102,2371
06099000906,5810,2448
06099000907,3200,1339
06099000908,5093,2017
06099000909,4402,1824
06099000910,6585,2457
06099000911,4815,1852
06099000912,17129,5684
06099001001,6042,2732
06099001002,3153,1417
06099001100,3899,1704
06099001200,3623,1783
06099001300,5778,2641
06099001400,6430,2522
06099001500,6551,2202
06099001601,4803,1326
06099001603,5706,1637
06099001604,3861,1017
06099001700,2589,823
06099001800,2196,963
06099001900,5257,2318
06099002002,4527,1463
06099002004,6022,2210
06099002005,3631,1156
06099002006,4458,1338
06099002100,4165,1216
06099002200,6223,1878
06099002301,7841,2198
06099002302,4010,1157
06099002401,3567,899
06099002402,5559,1375
06099002501,7036,1684
06099002503,4368,1346
06099002504,4422,1262
06099002602,4561,1613
06099002603,2906,1011
06099002604,4681,1447
06099002605,3855,1262
06099002701,3811,1246
06099002702,6940,2019
06099002801,5624,1826
06099002802,6310,2204
06099002803,2866,1241
06099002901,4764,1715
06099002902,7609,2573
06099003001,9397,2706
06099003002,6818,2120
06099003100,4000,1306
06099003201,5055,1559
06099003202,16007,4984
06099003300,5077,1808
06099003400,1601,646
06099003500,10720,3527
06099003603,3952,1425
06099003604,8092,2795
06099003605,8007,2840
06099003606,10838,3544
06099003700,4796,1384
06099003802,5860,1663
06099003803,3004,830
06099003804,6450,2317
06099003805,2667,1019
06099003904,4374,1825
06099003905,3871,1511
06099003906,4880,2013
06099003907,7460,2946
06099003908,2226,961
06099003909,5980,2352
06099004000,3822,1353
06101050101,6438,2487
06101050102,4559,1974
06101050201,3249,1265
06101050202,4037,1578
06101050301,2403,1018
06101050302,6071,2004
06101050401,4783,1660
06101050402,3970,1363
06101050403,3585,1076
06101050501,6182,2016
06101050503,6966,2190
06101050504,7163,2216
06101050601,6029,2170
06101050603,4528,1950
06101050604,4178,1652
06101050701,4358,1438
06101050702,6205,1882
06101050800,3460,1332
06101050900,1561,630
06101051000,2461,889
06101051100,2551,1068
06103000100,4699,2588
06103000200,7705,3257
06103000300,4515,2174
06103000400,5508,2349
06103000500,5507,2333
06103000600,5213,2398
06103000700,7828,3111
06103000800,4112,1621
06103000900,3678,1619
06103001000,7175,2651
06103001100,7523,2886
06105000101,2867,1888
06105000102,4558,2471
06105000200,2281,1420
06105000300,3105,1963
06105000400,975,939
06107000100,5142,2949
06107000201,9406,2217
06107000202,2663,743
06107000301,6717,2153
06107000302,3427,836
06107000401,5193,1380
06107000402,7002,2178
06107000501,6712,1742
06107000502,3405,846
06107000600,6200,1508
06107000701,2635,820
06107000702,5391,1553
06107000800,7416,2221
06107000900,8171,2008
06107001003,19732,6242
06107001004,8235,1983
06107001005,2733,1087
06107001006,5765,2417
06107001100,6983,2027
06107001200,1337,632
06107001301,8013,2638
06107001302,8037,2710
06107001400,5581,1918
06107001501,5258,1932
06107001502,5918,1966
06107001601,5587,1376
06107001602,5745,1649
06107001701,6117,2378
06107001703,7149,2594
06107001704,6500,2499
06107001800,4689,1940
06107001901,3390,1281
06107001902,4016,1508
06107002002,4830,1791
06107002003,5663,2214
06107002004,4910,1988
06107002006,4378,1607
06107002007,8185,3045
06107002008,2769,1167
06107002009,4376,1727
06107002100,2499,756
06107002202,5542,1652
06107002203,4363,1158
06107002204,6126,1787
06107002302,4570,1653
06107002303,6447,2529
06107002304,1740,778
06107002400,11470,3720
06107002500,3778,1145
06107002601,4218,1131
06107002602,5561,1438
06107002700,5615,4049
06107002800,3395,1012
06107002901,3729,1179
06107002903,5097,1646
06107002904,5002,1557
06107003001,4652,1217
06107003002,3519,965
06107003100,3591,1097
06107003200,6446,1695
06107003300,7837,2277
06107003400,7016,2242
06107003501,2861,1005
06107003502,10796,3140
06107003601,7090,2203
06107003602,7114,2339
06107003700,5931,1982
06107003801,3077,1087
06107003802,4123,1478
06107003901,7184,1946
06107003902,5847,1737
06107004000,560,3
06107004101,9670,2584
06107004102,2028,619
06107004200,6529,1822
06107004300,7682,1889
06107004400,7470,1810
06107004500,6628,1899
06109001100,3883,1743
06109001200,3678,1974
06109002100,4439,2490
06109002200,8132,3851
06109003100,6433,7221
06109003200,5765,2570
06109004100,5358,2619
06109004200,3954,3812
06109005100,8355,3978
06109005201,1778,986
06109985202,3590,0
06111000100,819,623
06111000200,2822,762
06111000302,6786,2360
06111000303,5103,1407
06111000304,4777,1237
06111000400,6758,1801
06111000500,1867,642
06111000600,6141,1851
06111000701,6441,1749
06111000702,3065,895
06111000800,7788,2636
06111000901,2541,1263
06111000902,2026,974
06111000903,5865,2437
06111001001,2488,1091
06111001002,6834,2868
06111001101,4491,1787
06111001102,3539,1441
06111001201,4235,1788
06111001202,7191,2450
06111001204,2473,833
06111001206,941,630
06111001301,7724,2700
06111001302,1778,744
06111001401,3950,1424
06111001402,5677,2215
06111001502,8668,3810
06111001503,5898,1949
06111001506,5027,1775
06111001507,4330,1476
06111001601,1099,533
06111001602,2388,953
06111001700,3531,1376
06111001800,4302,1697
06111001900,3822,1728
06111002000,2577,1191
06111002102,1832,1154
06111002200,6288,2199
06111002300,7430,2189
06111002400,2571,1527
06111002500,4795,2709
06111002600,3211,1463
06111002700,3881,1836
06111002800,6270,2575
06111002901,5455,1756
06111002905,5478,1685
06111003010,2885,990
06111003011,5397,1561
06111003012,321,107
06111003013,4657,1598
06111003100,14589,3469
06111003201,4577,811
06111003300,8187,2379
06111003605,8606,2889
06111003608,3838,1013
06111003609,5966,3952
06111003612,4355,2782
06111003700,6679,1301
06111003801,5778,1205
06111003802,2888,575
06111003900,7533,1633
06111004000,6586,1426
06111004101,6814,1405
06111004200,5324,1314
06111004304,6760,2867
06111004305,2388,792
06111004400,7251,3158
06111004503,4387,1062
06111004504,5389,1196
06111004505,2150,487
06111004506,7858,1482
06111004600,2126,639
06111004704,1469,412
06111004710,5089,1335
06111004711,3432,798
06111004715,5020,1239
06111004716,4476,917
06111004717,4120,739
06111004901,6249,1747
06111004902,5091,1048
06111005002,3003,721
06111005003,8366,1949
06111005004,5419,1877
06111005100,3768,1157
06111005202,2694,1152
06111005203,5226,2010
06111005204,3367,1274
06111005205,5767,2370
06111005303,9416,3373
06111005304,5325,3078
06111005305,5777,1933
06111005306,4867,1736
06111005401,4073,1358
06111005403,2694,1010
06111005404,3870,1242
06111005502,5127,2251
06111005503,3336,1424
06111005504,4320,1580
06111005600,9976,3878
06111005700,2068,642
06111005801,5149,1690
06111005802,9090,3102
06111005901,6716,2293
06111005906,6695,2601
06111005907,3635,1933
06111005908,2711,962
06111005909,3395,1488
06111005910,1775,617
06111005911,3854,1604
06111006000,4845,1534
06111006100,8378,2841
06111006200,3003,1084
06111006301,6573,2733
06111006302,3597,821
06111006400,7126,2523
06111006500,3744,1090
06111006600,4019,1357
06111006700,3117,1174
06111006800,3908,1298
06111006900,3520,1788
06111007000,3907,1679
06111007100,6335,2869
06111007201,3429,1212
06111007202,4313,1673
06111007300,1930,890
06111007402,6305,2679
06111007403,5585,2171
06111007405,6304,2422
06111007406,2377,855
06111007505,3324,1085
06111007506,7514,2456
06111007507,6958,2357
06111007508,3722,1487
06111007509,4161,1571
06111007510,6565,2128
06111007511,2222,830
06111007512,5355,1804
06111007513,1681,535
06111007514,6528,3040
06111007606,1555,451
06111007607,6152,2061
06111007609,2590,800
06111007610,5118,1683
06111007611,4375,923
06111007612,4762,1707
06111007613,3896,1187
06111007614,7476,2423
06111007700,5988,2046
06111007800,4119,1469
06111007901,5401,1697
06111007903,4855,1539
06111007904,5831,1726
06111008001,3331,964
06111008002,4827,1540
06111008004,5156,1490
06111008005,2788,773
06111008101,3433,1110
06111008201,4315,1463
06111008202,4353,1456
06111008302,5380,1994
06111008303,3767,1460
06111008304,5484,2108
06111008305,3819,1224
06111008306,3714,1530
06111008401,5308,1899
06111008402,5110,1650
06111008500,8420,3049
06111008600,7982,2228
06111008700,6424,1913
06111008800,5632,1401
06111008900,3590,734
06111009100,5279,1188
06111980000,56,1
06111990100,0,0
06113010101,6645,2736
06113010102,7702,2581
06113010201,2538,1210
06113010203,5397,2142
06113010204,4922,2197
06113010302,7270,2733
06113010310,5485,1853
06113010312,5130,1942
06113010401,4532,1901
06113010402,3832,1358
06113010501,5922,1184
06113010505,4807,1823
06113010508,2453,1073
06113010509,3471,1406
06113010510,5267,2123
06113010511,3135,1297
06113010512,3406,1204
06113010513,2817,1212
06113010602,5615,2599
06113010605,3559,1231
06113010606,7902,3023
06113010607,4095,1680
06113010608,5882,2018
06113010701,4625,2256
06113010703,5854,1822
06113010704,2267,951
06113010800,3881,1396
06113010901,5311,1827
06113010902,6189,2442
06113011001,6464,2636
06113011002,3093,1402
06113011101,3070,1128
06113011102,4884,1522
06113011103,3118,1041
06113011203,2561,1038
06113011204,4672,1665
06113011205,8123,2504
06113011206,7329,2431
06113011300,8106,2837
06113011400,4193,1633
06113011500,5325,1997
06115040100,4615,2138
06115040200,7767,3178
06115040301,3366,1229
06115040302,2143,741
06115040303,6555,2201
06115040400,5538,1858
06115040500,4111,1314
06115040600,6130,2015
06115040700,10879,3660
06115040800,4233,1636
06115040901,2783,1078
06115040902,1737,846
06115041000,7357,3116
06115041100,4941,2625
